Pseudo ID,ID(Identifiant),Full Name,EMAIL,Address,TELEPHONE
8648688b4e,39975248,Michael Larson,michael.larson@hotmail.com,"8780 Huynh Circles Apt. 142, Brandonmouth, HI",143-101-4774
f74afb2b09,28307861,Tammy Wilson,tammy.wilson@hotmail.com,"7037 Frank Meadow, Cookberg, WY",193-947-7140
65ad02fd1a,50777576,Dalton Schultz,dalton.schultz@hotmail.com,"6450 Nichols Curve, East Nicole, MN",171-191-2273
6c33fff1c4,85728943,Jeffrey Hill,jeffrey.hill@hotmail.com,"97856 Smith Bypass, Michealtown, MA",986-476-0425
72bce27b1f,71885138,Jesse Miller,jesse.miller@hotmail.com,"53056 Nicole Mountains, Port Williammouth, MI",625-306-8736
de03114074,94048382,Sheila Pratt,sheila.pratt@gmail.com,"2639 Jason Shore Apt. 868, Choiport, KY",540-766-4777
df1b8307c4,91826937,Kristina Jones,kristina.jones@hotmail.com,"7342 Parker Glen, Patrickhaven, CT",111-744-0757
0d56c0f03d,90793305,Michael Sherman,michael.sherman@hotmail.com,"8308 Walters Street, East Jessica, ME",321-250-8145
79f2635f93,78810184,Robert Barton,robert.barton@gmail.com,"741 Sandra Junctions, South David, MA",586-409-8531
6db486a4fd,30213462,Alvin Smith,alvin.smith@gmail.com,"0030 Sanford Union Suite 627, Lake Pamela, TN",240-860-2535
bcc6ac004e,3075274,Joseph Cobb,joseph.cobb@gmail.com,"9746 Wells Corners, Changfort, ME",285-495-5667
8fdf7cc662,64330655,Amber Chang,amber.chang@gmail.com,"9601 Lester Curve, Jonesburgh, DC",333-764-7211
c3832e357c,87055216,Jessica Francis,jessica.francis@hotmail.com,"76050 Todd Crescent Apt. 961, Josephbury, AS",301-707-6509
6d0164db83,43351206,Samuel Richard,samuel.richard@gmail.com,"14667 Jessica Bypass Apt. 034, Daltonville, OK",979-828-1767
ba8ee6a551,70514716,Jimmy Gentry,jimmy.gentry@gmail.com,"644 Austin Island, New Laurenland, NH",236-318-4633
a3cb882a04,53791721,William Roy,william.roy@hotmail.com,"2603 Turner Plains, Fishershire, NJ",140-736-9531
9867cceecf,84430159,Russell Maldonado,russell.maldonado@hotmail.com,"37243 Jerry Islands Apt. 768, South Bill, MN",870-622-3538
af48142411,57020239,Xavier Edwards,xavier.edwards@gmail.com,"504 Price Wall, North Franciscoton, VT",468-458-9935
71a59ff292,9087873,Todd Vega,todd.vega@hotmail.com,"751 Black Loop Apt. 484, New Michaeltown, TN",420-991-1428
ce2d9cc003,32866072,Tracy Crawford,tracy.crawford@hotmail.com,"668 Kelly Wall Apt. 610, New Diana, DE",959-970-6405
021f39c2f4,75480639,Lance Simmons,lance.simmons@hotmail.com,"19862 Jeffrey Station Apt. 998, Hernandezshire, MH",442-883-6592
097e7a79ac,44901842,Marcus Woods,marcus.woods@hotmail.com,"25800 Deleon Lodge Suite 117, South Melissafurt, OK",861-888-7907
57133377d3,89326977,Amber Mcdaniel,amber.mcdaniel@gmail.com,"2064 Roth Ford, Robertville, WA",367-929-5942
241091f879,12031175,Nichole Sanders,nichole.sanders@gmail.com,"6109 Smith Drive, Clarkechester, ND",102-354-1226
6f5ee401f6,23777450,Jose Graham,jose.graham@hotmail.com,"528 Andrew Forges, Port Zachary, PR",176-221-8683
700b68b209,18466906,Dale Kim,dale.kim@hotmail.com,"30157 Brent Mountain, Phelpsville, SD",328-579-7562
2ffcd12ae2,45785952,Sandra Winters,sandra.winters@hotmail.com,"4104 Frank Villages Apt. 362, Jodyberg, ME",650-218-7681
830f4d632a,78447690,Regina Wilson,regina.wilson@hotmail.com,"7987 Foster Extensions Apt. 338, Jenniferfurt, DC",629-531-4337
56c898caec,41296189,Robert Flynn,robert.flynn@gmail.com,"5908 Larry Inlet Apt. 226, North Apriltown, MH",472-024-8733
7736eb134d,50227652,Amy Wright,amy.wright@gmail.com,"2961 Evans Forge, Whitestad, NC",063-232-2722
8e59669aad,92066163,Morgan Mcguire,morgan.mcguire@gmail.com,"85884 Ross Plains Suite 738, Williamberg, NV",878-985-5963
2f68b89ca2,38267323,Catherine Bush,catherine.bush@hotmail.com,"132 Carol Island, Johnview, OR",861-423-7981
9f05fe42bb,90535670,Antonio Brooks,antonio.brooks@gmail.com,"1558 Timothy Pine, South Lisachester, VI",636-471-7451
810ad0d0cf,2477122,Colton Dickson,colton.dickson@gmail.com,"77724 Dawn Mews, West Jamieberg, KY",721-448-1722
064a420448,54406533,Melissa Bryant,melissa.bryant@hotmail.com,"627 Ronald Island, Port Leemouth, PR",837-116-3337
94e58af311,28781004,Theresa Bennett,theresa.bennett@gmail.com,"0827 Jennifer Lodge, Juliemouth, MA",909-201-8405
d65145bf64,44255604,Jacob Robinson,jacob.robinson@hotmail.com,"003 Debra Fields Apt. 382, Port Curtishaven, WA",722-530-3819
71f4182083,99452825,Robert Camacho,robert.camacho@gmail.com,"41940 Mcdaniel Curve Suite 316, Walkershire, NY",534-130-7533
8cfea35707,67256647,Vanessa Bender,vanessa.bender@gmail.com,"56925 Laura Creek Apt. 075, South Lauren, NY",551-548-3835
3c7f8ea19a,13498006,Michelle Martin,michelle.martin@hotmail.com,"995 Brandy Turnpike Apt. 535, Alexandershire, FM",664-652-9181
40aaa0b869,26842226,Kristie Jones,kristie.jones@gmail.com,"382 Gavin Springs Apt. 393, Kingstad, SD",211-777-1435
09f18e195e,7471951,Pamela Hoover,pamela.hoover@gmail.com,"636 Santana Orchard, South Stevenville, ND",584-853-7816
10b9552740,79658589,Christopher Mills,christopher.mills@gmail.com,"90780 Rodriguez Streets, Matthewsmouth, SD",830-226-2207
b093ff4ec7,2609676,Michael Williams,michael.williams@gmail.com,"398 Parks Port, Sotoville, SD",078-414-7321
f33bb77136,6091165,William Castro,william.castro@hotmail.com,"522 Lewis Inlet Suite 723, Owenschester, AK",699-049-6077
c3e005f793,85517147,Robert Brown,robert.brown@hotmail.com,"189 Tina Cove Suite 761, Foxview, AR",515-520-3831
ace88ae840,34693795,Stephanie Salazar,stephanie.salazar@gmail.com,"013 Amy Expressway Suite 397, Russellstad, CT",584-955-4828
5a37983540,26053341,John Mcdaniel,john.mcdaniel@hotmail.com,"544 Carlos Springs Apt. 157, South Kevinbury, FL",442-034-1417
3afd20a285,20960091,Christina Martinez,christina.martinez@gmail.com,"188 Danielle Isle, New Luismouth, RI",992-567-9832
ac656ebc25,68912017,Jonathan Johnson,jonathan.johnson@hotmail.com,"801 Andrea Alley Apt. 758, Johnsonberg, MN",472-346-8183
daf872193a,15670768,Tasha Burke,tasha.burke@hotmail.com,"396 Sparks Mountains Suite 715, Port Brandon, NV",671-965-0362
7865fcf2cf,34282998,Jamie Richardson,jamie.richardson@gmail.com,"6555 Jason Spurs Apt. 774, Robinsonview, IN",857-388-0187
373101262c,49277789,George Smith,george.smith@hotmail.com,"9312 Jessica Estate Suite 734, Port Aaronton, CT",219-271-1211
c15beb1048,14273960,John Jones,john.jones@gmail.com,"83465 Christopher Mountain Suite 537, Bellland, WA",079-247-2288
715e9bb340,84927509,Adrian Clark,adrian.clark@hotmail.com,"176 Davis Stravenue Suite 749, New Danafort, AZ",736-457-9622
342fd50fda,26748395,James Madden,james.madden@hotmail.com,"85850 Karen Dale Suite 179, East Wesleyview, GU",778-879-1829
e7b91ede38,45222785,Eric Nguyen,eric.nguyen@hotmail.com,"234 Ward Ridge Suite 928, Williamfurt, KS",400-092-5036
17d74d0bd9,53668759,Victoria Savage,victoria.savage@hotmail.com,"21672 Christopher Street, West Stephanie, AK",480-610-0907
ddcd9c65c1,44366575,Kristina Bradley,kristina.bradley@gmail.com,"06329 Javier Meadows, Collierbury, MP",995-240-7213
20b0214bc6,34823415,Amber Fleming,amber.fleming@hotmail.com,"45239 Howard Islands, South Marvin, MN",637-034-1969
00df5875c3,58952325,James Price,james.price@hotmail.com,"8403 Jeffrey Vista, Banksbury, WV",237-204-7996
13435b2c03,9470786,Jeffrey Blankenship,jeffrey.blankenship@hotmail.com,"111 Joseph Branch Apt. 229, Huntfurt, AL",551-236-9935
d631edd398,31898118,Andrew Wiley,andrew.wiley@gmail.com,"1476 Brenda Extension, New Richardborough, IN",500-911-2884
716de11f27,70820346,Alan Miller,alan.miller@gmail.com,"310 Ashley Via Apt. 100, Harrisonview, TX",391-051-8453
24d7af4b3a,58521295,Daniel Barber,daniel.barber@gmail.com,"761 Katherine Street Suite 887, West Dennis, VT",884-033-5702
730f2a988c,72421199,Jill Nelson,jill.nelson@gmail.com,"711 Thompson Curve, New George, VT",803-730-8563
1d78f8e078,77861841,Mark Harris,mark.harris@hotmail.com,"11534 Pamela Road Apt. 902, South Madeline, VT",098-115-1536
b7fe49cd70,73045454,Christopher Griffin,christopher.griffin@gmail.com,"1385 Elizabeth Grove, Toddhaven, IN",439-443-7964
8d3dce277d,85383985,Jessica Schultz,jessica.schultz@hotmail.com,"7093 Barber Loop, Kingberg, MT",098-277-9695
697c44a65c,88320745,Pamela Wood,pamela.wood@gmail.com,"50722 Marcus Roads Apt. 367, New Kaitlynstad, ND",651-696-0709
b4361da1a3,30431545,Bradley Saunders,bradley.saunders@gmail.com,"297 Dawn Divide, Cooperside, NE",350-397-0606
df0a5e2c5c,17110337,Gregory Jones,gregory.jones@hotmail.com,"34754 Stephanie Point Apt. 270, Port Jonathanborough, LA",227-371-2398
7ff7724e88,11596486,Danielle Rowe,danielle.rowe@hotmail.com,"289 Christine Unions, Freemanview, FM",348-784-9924
b2aec45007,23495355,Julie Coleman,julie.coleman@gmail.com,"899 Barbara Keys Suite 610, Anthonyside, GU",958-572-6666
69caaef365,86775783,Michael Andrews,michael.andrews@hotmail.com,"886 Gregory Terrace Apt. 725, New Stevenborough, OH",510-813-3946
a8e38a4d20,48080384,Anthony Harris,anthony.harris@gmail.com,"806 Victor Road, East Keithstad, PW",031-563-2942
15a7a15f1f,91202819,Jerry Chapman,jerry.chapman@hotmail.com,"418 Pope Groves, East Erinshire, OK",619-287-4178
f5fc95231f,83330876,Bradley Kaiser,bradley.kaiser@hotmail.com,"9286 Peters Fields Suite 168, Raymondfort, NE",301-913-2650
f09c020973,21142529,William Wood,william.wood@gmail.com,"57283 Steven Unions Suite 078, Brewerfort, TN",864-505-7259
245eb645f1,22583158,Jesus Monroe,jesus.monroe@hotmail.com,"21030 Jocelyn Ports Suite 958, North Paulshire, PA",189-084-2999
793fb7a871,85369658,Jerry Olsen,jerry.olsen@hotmail.com,"622 Chung Throughway, Gregoryburgh, FL",983-629-6329
4f5c327ffe,23420877,Jonathan Morrow,jonathan.morrow@hotmail.com,"16754 Steven Place, North Yvettestad, CT",091-416-5865
e70e101d3c,77629756,Cheryl Gonzales,cheryl.gonzales@gmail.com,"6546 Rodriguez Union Apt. 627, Markmouth, CA",751-451-6430
462b227bfc,28653468,Maria Miller,maria.miller@hotmail.com,"78129 Albert Run, Jennifershire, NH",308-720-6342
a90b84f449,42934770,Scott Buck,scott.buck@hotmail.com,"941 Chad Inlet Suite 122, Stephenland, RI",720-964-6887
27b6f10ac9,59324407,Wayne Wade,wayne.wade@hotmail.com,"40167 Doris Glen Suite 139, Katieborough, RI",288-758-6804
aba9e98421,3377615,Nicholas Andrews,nicholas.andrews@gmail.com,"233 Audrey Row, Lake Mary, PW",796-896-7990
1bfbab7470,12431175,Megan Perry,megan.perry@gmail.com,"676 Wilkins Crossroad, New Sharon, IN",318-374-2187
6a13e00a33,38139224,George White,george.white@hotmail.com,"053 Soto Branch Apt. 374, Coleville, TN",998-405-6598
e54c8150a7,42187945,Mary Morris,mary.morris@hotmail.com,"1911 Woods Road Suite 825, North Rachelview, NE",118-973-7832
534652cf17,64812896,Audrey Ross,audrey.ross@hotmail.com,"797 Cheryl Cape Apt. 259, Murrayborough, UT",191-814-6047
1ac79ec4e9,9756343,Elaine Lee,elaine.lee@hotmail.com,"03500 Taylor Shoals Suite 825, Mariaside, MA",142-954-6694
33e1f0b143,36399001,Steven Thompson,steven.thompson@hotmail.com,"59788 Bennett Extension, North Michellebury, NC",925-574-7926
5e91584a3c,10790185,David Mullins,david.mullins@gmail.com,"7096 Zuniga Crossroad, Jenniferside, IL",676-133-0138
2dc986bdab,61783231,Darren Schwartz,darren.schwartz@hotmail.com,"5643 Smith Stravenue Apt. 290, Bergborough, KY",070-884-5559
a9de1b8a51,33713171,Emily Patrick,emily.patrick@gmail.com,"90057 Mills Drives, West Connie, CT",262-647-2159
0c1cfcf86a,78882947,Isaac Andrade,isaac.andrade@gmail.com,"55382 Petersen Trail, Kevinton, CA",610-069-3246
faac273d57,72339994,Darrell Vaughn,darrell.vaughn@gmail.com,"9719 Burns Islands Apt. 057, Lake Michael, MP",258-526-7232
0ae8334a75,2191390,Janet Nunez,janet.nunez@gmail.com,"51447 Brewer Rest, Port Amyfort, WY",590-888-6739
0b8fe5d570,82973228,Laurie Maldonado,laurie.maldonado@hotmail.com,"7082 Price Branch, North Jared, CO",482-170-2301
b7e667aaf0,65108014,Teresa Atkinson,teresa.atkinson@hotmail.com,"68087 Judith Manor, Adamshaven, SC",300-126-6541
f681a028da,40759096,Patricia Harper,patricia.harper@gmail.com,"5957 Keith Lakes, Port Staciemouth, WA",262-839-4097
6b898f2e1a,45599103,Melvin Ingram,melvin.ingram@gmail.com,"3311 Gibbs Shore, East Debraburgh, MA",317-048-0628
053a96df69,27880012,Lisa Vazquez,lisa.vazquez@gmail.com,"6863 Gonzalez Gardens, Burkeland, VT",776-158-1195
fadf178a1a,33965629,Kevin Rodriguez,kevin.rodriguez@hotmail.com,"646 Davis Spurs Apt. 868, Lake Kathleenshire, OH",631-071-0806
73f4d951b8,47038332,Ethan Delgado,ethan.delgado@gmail.com,"4810 Turner Neck Apt. 813, Joelport, WA",353-051-6362
81e7ceb556,6590293,Natalie Mann,natalie.mann@hotmail.com,"44132 Matthew Mountain, Port Tiffany, ID",146-512-6393
05b4475e2c,20063537,Ashley Brown,ashley.brown@gmail.com,"63088 Underwood Gardens, West Shelleyside, AR",105-912-1840
b21dee5fe6,19931409,Kelsey Walter,kelsey.walter@gmail.com,"74314 Marc Parkway Apt. 588, North Kurt, NE",952-609-6408
859d5e3fb1,76338690,Monica Sparks,monica.sparks@hotmail.com,"86619 Howard Radial Suite 541, Port Donald, CA",322-040-9497
3decbe2b2b,12049555,Rose Gutierrez,rose.gutierrez@hotmail.com,"493 Webb Motorway Suite 564, Washingtonborough, WI",924-547-9709
1d508bd748,26356512,Travis Faulkner,travis.faulkner@gmail.com,"299 Boyer Tunnel, Lake Melanie, ID",993-233-8563
658100727d,50666213,Abigail Rhodes,abigail.rhodes@gmail.com,"12942 Duncan Mall Suite 535, South Tyler, SD",493-630-5522
c9eb158ec5,23476309,Jennifer Ferguson,jennifer.ferguson@hotmail.com,"4732 Jennifer Loop, West Russellfort, NJ",303-543-4127
b96bf5154c,95098450,Mary Holden,mary.holden@hotmail.com,"68669 Carrie Inlet, Reidland, NY",433-008-1065
0a0c6798d2,27355733,Jerry Patterson,jerry.patterson@gmail.com,"75029 Nicole Park Suite 029, Cynthiashire, WV",487-426-5227
a0a2c075f8,33474652,Tabitha Spencer,tabitha.spencer@gmail.com,"76112 Jennifer Springs Suite 418, South Erin, MP",752-668-3707
5d1b217f9c,72423242,Scott Kennedy,scott.kennedy@hotmail.com,"9518 Little Parkway Apt. 019, Vincentmouth, DE",845-874-1665
0918e35a9a,19569988,Mary Williams,mary.williams@hotmail.com,"87315 Nelson Pine Apt. 422, Lynnmouth, ND",694-955-3983
08c3ebda34,82871336,Edward Herring,edward.herring@hotmail.com,"72913 John Circles, Jacobberg, KY",854-600-9977
5d022f96f7,3739886,Savannah Dixon,savannah.dixon@hotmail.com,"4821 Gibson Lane, Lake Lisaton, NM",074-608-0127
63bf9554c5,56400458,Julian Roberts,julian.roberts@hotmail.com,"357 Rodney Park, Petersonburgh, CT",457-880-6574
9a9b5f9c7f,61261581,Carol Johnson,carol.johnson@gmail.com,"05612 Sanchez Square, Patriciaborough, FL",997-530-5547
a27a55f7f1,71977724,Brandy Mccall,brandy.mccall@gmail.com,"34480 Michael Divide Suite 251, Lauriemouth, LA",950-814-8948
a04a0252d6,93888549,David Roberts,david.roberts@hotmail.com,"0712 Clark Valleys, Lake Albert, MS",888-026-1285
1dec100cbd,52855973,Jennifer Wright,jennifer.wright@gmail.com,"86848 Haynes Burgs, Lake Melissa, AS",199-706-8083
7890c7a7be,6369361,Amber Powell,amber.powell@gmail.com,"65698 Michelle Hill Apt. 550, East Christopher, SD",162-760-8437
7548e78c44,92561702,James Wilson,james.wilson@gmail.com,"694 Mia Corners Suite 112, Andreafort, WY",019-632-8926
b8215e221b,86372910,Stacey Ferguson,stacey.ferguson@gmail.com,"58059 Sanders Inlet, Port Manuel, IA",940-180-0614
44cab401e5,11905084,Donald Duke,donald.duke@gmail.com,"439 Henry Centers Suite 792, Jenniferhaven, GA",853-416-7387
f94a9c8d7f,76182847,Mark Mann,mark.mann@hotmail.com,"96855 Kathryn Stream Apt. 142, New Austinstad, AK",107-336-2619
be1737ea59,3199173,Caroline Pugh,caroline.pugh@hotmail.com,"704 Love Street, East Markberg, GA",272-010-2774
611126b472,54790083,Hannah Williams,hannah.williams@hotmail.com,"2302 Bender Valleys Apt. 186, New Lauren, AR",963-863-2915
dce4e2ce41,99251750,Natalie Brown,natalie.brown@gmail.com,"5946 Hunt Hollow Apt. 694, West Joyfurt, OR",429-311-9049
db102c7ced,97209964,Christian Chandler,christian.chandler@gmail.com,"72399 Simpson Keys Apt. 163, Tiffanyshire, AR",967-681-8529
bfdee1389b,43855928,Jessica Snyder,jessica.snyder@hotmail.com,"6459 Williams Bypass Apt. 744, Burkemouth, WY",559-388-3281
fe77c91c49,48277051,Carl Smith,carl.smith@gmail.com,"005 Mcdonald Keys, Webbside, CA",933-056-4015
e3cee9fa71,78905932,John Benitez,john.benitez@gmail.com,"269 Adrienne Street Apt. 018, East Emilymouth, VI",142-640-0329
d1e575ca33,70293133,Denise Holmes,denise.holmes@hotmail.com,"03406 Ballard Landing Apt. 060, West Alexbury, PA",326-258-7354
6a2cdaf966,12639478,Sonia Mitchell,sonia.mitchell@gmail.com,"774 Hill Port Suite 400, Port James, LA",977-948-7634
a4e05c3cff,41519608,Robin Hull,robin.hull@hotmail.com,"70756 Brown Plains Suite 402, East Robert, CO",198-850-5764
cb2ce905fe,21034798,Robert Lopez,robert.lopez@hotmail.com,"681 Wright Lock, Jerrychester, NE",783-330-4066
d298d5f173,41579141,Karen James,karen.james@gmail.com,"1653 Benson Springs, Daviston, CO",566-052-7875
0a953c0ed8,19688854,Teresa Carr,teresa.carr@hotmail.com,"7973 Barrett Ramp, Lopezhaven, OR",175-983-7320
3821282932,27406341,Natalie Butler,natalie.butler@hotmail.com,"077 Hughes Bridge Suite 778, Port Natashashire, NJ",933-496-5013
a9c8df8c20,87167438,Kristina Hernandez,kristina.hernandez@gmail.com,"891 Wilson Curve, Port Andreabury, DC",482-820-6197
0bf3a0068c,72686693,Jimmy Mitchell,jimmy.mitchell@hotmail.com,"438 Fuller Pines Suite 368, Ashleyhaven, HI",061-692-7581
95791bfce7,3304210,David Peterson,david.peterson@gmail.com,"009 Samuel Heights Suite 067, Lake Tiffany, NJ",149-436-7767
659399933b,82225489,Anthony Gould,anthony.gould@gmail.com,"641 Meyers Ways Apt. 452, West Michelle, AS",497-955-8342
6c2aabc665,52780296,Alice Jackson,alice.jackson@hotmail.com,"02363 Carrie View, Vanessamouth, VI",748-461-6427
9be0b9c4f2,66314249,Julie Hebert,julie.hebert@gmail.com,"30430 Sherry Corner Suite 290, East Jenniferberg, VT",960-219-1311
c2bac0d16a,54024031,Tiffany Smith,tiffany.smith@gmail.com,"8832 Wilson Plain Suite 245, West Marieville, GA",683-060-1053
a33d5c6421,98996354,Mckenzie Butler,mckenzie.butler@gmail.com,"68886 Morris Well, South Collinland, MI",121-956-8662
7f6bf147ed,59735922,Christine Olsen,christine.olsen@gmail.com,"370 Carlson Ferry, Wilsontown, IA",068-516-2670
287a0fc9c5,54673141,Levi Jones,levi.jones@hotmail.com,"0163 Olivia Grove Apt. 174, East Brian, VA",081-763-1219
966d567088,78663961,Stacy Taylor,stacy.taylor@gmail.com,"315 Katie Track, South Paul, MP",727-301-0714
533d965f32,24981723,Charles Bender,charles.bender@hotmail.com,"18412 Hamilton Course, West Alejandraside, CO",575-334-3894
da2f6b55f3,99915086,Annette Castillo,annette.castillo@gmail.com,"30446 Gonzalez Club Apt. 091, Elizabethberg, NM",434-810-3278
78bc8f896b,11504027,Michael Mcdaniel,michael.mcdaniel@gmail.com,"583 Lewis Flat, Lake Ryan, CO",808-409-9757
ef0c31b814,14418011,Danielle Walker,danielle.walker@hotmail.com,"27780 Brewer Station, Lauraburgh, IN",759-210-6748
47574b4907,20555325,Brian Brown,brian.brown@gmail.com,"04243 Melissa Grove, North Andreabury, GU",242-127-4656
d3b82e0ac0,25326614,Brittany Noble,brittany.noble@gmail.com,"69547 Russell Estates Apt. 340, Wilkinsmouth, WV",902-426-3497
ad85545b55,97571876,Jessica Reynolds,jessica.reynolds@hotmail.com,"763 Fernandez Heights Apt. 352, Taraside, WV",228-748-1110
0bc91d7906,86431915,Kenneth Richardson,kenneth.richardson@gmail.com,"044 Mark Canyon, Lake Erikland, CT",020-238-3840
910a2efaa7,81703324,Belinda Porter,belinda.porter@hotmail.com,"4675 Curtis Estate Suite 109, Port Ray, MD",845-737-9070
a5ea0a2204,52506548,Paul Gonzales,paul.gonzales@gmail.com,"7634 Durham Key Suite 731, West Crystal, KS",156-951-6755
4ab009702f,94363052,Paula Thompson,paula.thompson@hotmail.com,"1462 Mercado Shoal, Lake Brendahaven, LA",240-367-3736
cbbbf201f4,64311472,Melanie Harris,melanie.harris@gmail.com,"66563 Gray Mountain Suite 236, Johnborough, ND",912-287-1506
1337a84746,63951007,Benjamin Phillips,benjamin.phillips@gmail.com,"671 Yoder Way Apt. 481, Melissaview, IL",840-038-9920
82ad0895f4,91876969,Johnathan James,johnathan.james@gmail.com,"14029 Schneider Key, New Richard, MS",777-077-9779
1b11caf78c,25525391,Michael Avila,michael.avila@gmail.com,"43199 Beck Plains, Robertville, NY",881-364-2908
9f084c56e0,46384051,Jacob Mercado,jacob.mercado@gmail.com,"7024 Gregory Stravenue Suite 750, Lake Nicholasland, PR",769-868-1247
12a5e6c26c,57775026,Juan Washington,juan.washington@hotmail.com,"0845 Jones Island Suite 488, Port Chloeburgh, LA",935-033-8861
af8cc4a958,47328576,Rachel Kirby,rachel.kirby@gmail.com,"470 Owen Gardens Apt. 366, Howardfort, UT",649-229-1227
d8951bb6e9,92971842,Gloria Spencer,gloria.spencer@gmail.com,"08763 Brian Manor Suite 638, Jenkinsport, OK",090-875-9729
a07ef39763,41990428,Dana Lee,dana.lee@hotmail.com,"615 Cheryl Walk, Lake Anthonyberg, NM",166-027-7493
902928df53,49694840,Bridget Shah,bridget.shah@hotmail.com,"496 Aguirre Plains, Andreatown, IL",498-998-9074
c1f9b08b93,45956694,Richard Hill,richard.hill@gmail.com,"3414 Johnston Fords Suite 095, Kevinmouth, MT",231-017-3796
dd74421318,91350132,Anthony Patel,anthony.patel@hotmail.com,"87934 Austin Skyway Suite 033, Lake Ellen, LA",680-090-8245
8043a296b0,71288321,Erica Morales,erica.morales@hotmail.com,"0182 Brian Square, South Earlhaven, CT",286-295-5098
e56c2e6f3d,23301571,Timothy Beasley,timothy.beasley@hotmail.com,"58956 Timothy Unions, Katherineburgh, FL",610-528-9672
cf481b4f4a,44662187,Mary Walsh,mary.walsh@hotmail.com,"236 Jeff Ridges, Port Jessicaport, HI",109-526-9088
729c4c22d6,59346626,Michael Harris,michael.harris@gmail.com,"3076 Michelle Gateway Suite 082, West Davidfurt, NJ",614-510-0594
f469e24097,17270278,Anne Peterson,anne.peterson@hotmail.com,"289 Davis Curve, North Willie, MI",403-749-9122
fbe065f446,8526932,Daniel Fletcher,daniel.fletcher@hotmail.com,"084 Barry Road, Matthewfort, ND",363-853-7618
acd6f2c13b,8265867,Bradley Thompson,bradley.thompson@gmail.com,"98800 Beth Fields, East Maryville, KY",579-966-9606
0883ef2efb,20496298,Victoria Fitzpatrick,victoria.fitzpatrick@gmail.com,"468 Russell Prairie, Burchfurt, WA",798-295-2378
32791ba422,19863255,Philip Conway,philip.conway@gmail.com,"8990 Anderson Island Suite 684, South Rachel, MP",273-718-2264
0e399a02ca,56397631,Kimberly Perez,kimberly.perez@gmail.com,"63661 Arnold Lodge Suite 236, Jasonchester, WV",892-445-5239
bb67629f12,11531437,Denise Robertson,denise.robertson@gmail.com,"49613 Wood Keys Suite 363, East Sandra, ID",434-564-6171
889e0f2e38,16714432,Michael Terrell,michael.terrell@hotmail.com,"792 Harris Way Apt. 208, Williamstown, RI",254-024-3279
e935caa0ce,24027045,Stephen Smith,stephen.smith@hotmail.com,"59042 Jones Stravenue, Dodsonburgh, ID",509-271-0570
b7149c5e7d,40687022,Jessica Erickson,jessica.erickson@gmail.com,"103 Lowe Fields, Rachelshire, FM",911-494-8833
9e48292e2d,62710411,Cynthia Ortega,cynthia.ortega@gmail.com,"0718 Lauren Springs Apt. 547, Mannfurt, MD",968-411-9413
1498616ccd,13522835,Wendy Carter,wendy.carter@hotmail.com,"39589 Peggy Fords Apt. 470, Torresshire, AL",831-812-2995
9ce759b6ea,15515437,Bruce James,bruce.james@hotmail.com,"7800 Murray Meadow Apt. 746, Sampsonport, ID",882-295-9194
77440cf2bf,9335815,James Chaney,james.chaney@hotmail.com,"79722 Cox Coves Apt. 469, Joelville, ID",105-829-2675
d8b15c36f1,5149083,Jessica Wilson,jessica.wilson@gmail.com,"52432 Griffin Throughway Suite 996, Morristown, ND",812-760-9018
5b802dfdf8,28332848,Mary Burton,mary.burton@gmail.com,"2513 Robert Via Suite 446, Lake Leah, FL",913-734-2630
7e5e214deb,37710325,Dana Munoz,dana.munoz@gmail.com,"489 Stephen Forges Suite 879, Brandichester, MS",120-283-9805
fa8903e78b,36444161,David Wright,david.wright@gmail.com,"55786 Maddox Forge, East Alicia, MO",312-841-0719
9b12f98306,68404245,Justin Ward,justin.ward@gmail.com,"674 Gonzalez Mountain, Daniellefort, VI",419-268-8975
0d8f461b63,12841335,Linda Stone,linda.stone@gmail.com,"54251 Fowler Road Apt. 019, Lake Robertport, GU",939-711-0692
15f376801b,43829322,Bailey Mcguire,bailey.mcguire@gmail.com,"3743 Joseph Lodge Suite 182, Wilsonmouth, VA",860-188-6012
8c7e008340,93570252,Logan Williams,logan.williams@gmail.com,"93273 David Groves Apt. 614, Nicholasbury, SC",056-392-5620
4246c5a69b,84706614,Michael Martinez,michael.martinez@gmail.com,"0547 Angela Turnpike, New Edwin, IA",828-946-2903
f4cb727124,53884649,Richard Carpenter,richard.carpenter@hotmail.com,"0740 Wright Meadows Apt. 225, Ashleyfurt, PA",669-467-2593
b4222cf9d0,49097899,Andrew Spears,andrew.spears@gmail.com,"966 Todd Cliffs, West Scott, PA",619-471-2740
563c290ad4,46705798,Barbara Knapp,barbara.knapp@hotmail.com,"718 Dickson Rue Suite 874, Kellyborough, GU",763-704-3665
5d3f1eba86,69200335,Brooke Stout,brooke.stout@gmail.com,"97981 Simmons Throughway, Elliottfort, CO",307-183-3019
fd69b0ad72,77442480,Andre Barrett,andre.barrett@gmail.com,"5392 Conner Forges, Chaseburgh, NV",390-362-3181
604db056d3,86031713,Timothy Ware,timothy.ware@hotmail.com,"632 Thomas Park Apt. 543, Millerview, KS",999-084-7857
8a2f9c6de6,96559013,Jerry Allen,jerry.allen@gmail.com,"89053 Smith Gateway, Houstonshire, NV",570-745-9080
13a6c5a687,19574639,Eric Robbins,eric.robbins@gmail.com,"290 Fuentes Villages Suite 820, West Brianstad, VA",483-584-8061
26865e35c5,51948005,Michael Reilly,michael.reilly@gmail.com,"318 King Extension Apt. 970, Lake Craigshire, WY",157-781-4101
4be822a046,17264906,Sharon Hill,sharon.hill@hotmail.com,"2589 Perez Run, North Chelseaton, OH",146-866-8626
676dc66567,81050554,Theresa Duarte,theresa.duarte@hotmail.com,"385 Hannah Trafficway, Vanessamouth, ID",754-031-6920
dbb9ab49f7,60186802,Scott Roberts,scott.roberts@gmail.com,"69069 Perez Junction, Jenkinsfort, NC",196-712-6416
86ac1876d6,33101981,Danielle Brooks,danielle.brooks@gmail.com,"42667 Bonnie Spur Apt. 737, New Timothy, FM",694-329-9619
e27420a2f3,34378320,Kelly Cantu,kelly.cantu@gmail.com,"946 Molly Dale, Port Jacqueline, NH",306-415-0928
d19f00d601,45690304,Jeffrey Keller,jeffrey.keller@gmail.com,"044 David Passage, Brianside, MN",915-491-2356
1d32301bf3,37550456,Troy Scott,troy.scott@hotmail.com,"963 Knight Knoll Suite 875, North Deborahtown, NE",590-920-8757
76620b595c,15911777,Nicholas Sanchez,nicholas.sanchez@hotmail.com,"21327 Luna Road Apt. 486, Jeffreyport, DC",044-493-3114
effa313dc5,78542965,Joshua Jimenez,joshua.jimenez@gmail.com,"2528 Nguyen Station, East Aaron, LA",334-110-4299
033405d851,24450189,Philip Flores,philip.flores@gmail.com,"95410 Corey Square Suite 330, East Christina, PW",666-742-5046
3a7d89072a,34670942,Andrew Powers,andrew.powers@gmail.com,"34766 Brandy Knolls Suite 639, Lindseyville, CT",723-719-7762
29c0bd33fb,90886508,Sherri Johnson,sherri.johnson@gmail.com,"7974 Cody Road Suite 728, Jasontown, WY",151-417-6511
2a76b49384,48050440,Lynn Patel,lynn.patel@hotmail.com,"746 Wilson Fields Suite 168, Lake Cindy, IN",111-750-5302
2cc01f5903,57811891,Joshua Francis,joshua.francis@hotmail.com,"354 Odom River Suite 756, North Tabithaton, NJ",025-290-5062
405937fa40,16646150,Susan Obrien,susan.obrien@gmail.com,"5865 Smith Parkways Suite 349, South Lancemouth, ID",316-423-5812
a0f1a320d8,54325898,Brian Hunter,brian.hunter@gmail.com,"62300 Elliott Shores Apt. 815, South Christopher, CA",191-911-3567
1c133eda15,76047974,Micheal Roberts,micheal.roberts@hotmail.com,"8670 Christopher Forges Apt. 800, Walkerview, HI",628-382-6426
f4ce1831d5,87096014,Cameron Morris,cameron.morris@hotmail.com,"8007 Austin Forest Apt. 227, North Markbury, IN",632-322-9208
ef80128fc2,98758825,Jamie Peters,jamie.peters@gmail.com,"8597 Richardson Isle Suite 794, East William, SD",072-106-4476
4194bc485b,79998270,Jacob Clarke,jacob.clarke@gmail.com,"812 Thomas Trace Apt. 343, Lake Veronica, MP",436-822-2764
ec10c3f268,76426511,Megan Baker,megan.baker@hotmail.com,"76989 Craig Creek, Deanmouth, TN",711-352-5378
35953f1f9f,87860178,Kristin Taylor,kristin.taylor@hotmail.com,"1365 Steven Parkways Apt. 734, New Stephenhaven, OR",099-193-7631
f10326c01e,65129748,Desiree Cantu,desiree.cantu@hotmail.com,"888 Barnes Course, Port Sean, DC",428-786-0593
e86633c3e5,37612611,Jennifer Haynes,jennifer.haynes@gmail.com,"252 Cindy Stravenue, Walkerfurt, PA",103-586-7311
eb19d2f142,7833868,James Lamb,james.lamb@gmail.com,"352 Adam Wells Suite 518, Brittanyfort, PA",439-681-0103
37be90ad7a,41587704,Daniel Mcconnell,daniel.mcconnell@hotmail.com,"0683 Cortez Street, Williamsfurt, TX",007-004-7649
59142009ce,16147851,Bryan Padilla,bryan.padilla@hotmail.com,"3203 Scott Row, Ronnieport, GU",807-836-8026
491e66c73c,17006468,Ronald Mooney,ronald.mooney@gmail.com,"41197 Frost Fort, Barkermouth, ID",483-602-1695
9e7f0af64f,19266353,Caitlin Arellano,caitlin.arellano@hotmail.com,"4057 Thomas Point Suite 315, Stanleyside, MH",443-393-6134
177ca71908,91310943,Sarah Roberts,sarah.roberts@hotmail.com,"5476 Kent Park Apt. 141, Marymouth, PR",714-211-0847
c5c1f2a7cf,11317951,Joyce Smith,joyce.smith@hotmail.com,"297 Elizabeth Stravenue, Margaretfurt, SC",384-002-2502
1a28f0a27f,5984332,John White,john.white@gmail.com,"63425 Stone Orchard Apt. 771, West Jamesville, TN",057-195-8130
e90a9b6385,26928068,Kathy Jones,kathy.jones@gmail.com,"3659 Mikayla Junction, New Hollyberg, TX",599-996-9272
065579011e,2623607,Stephen Knight,stephen.knight@hotmail.com,"170 Tracy Knolls, Crosschester, AS",355-627-2696
98e5e5ca1f,73667644,Brian Edwards,brian.edwards@hotmail.com,"0601 Duane Inlet, Port Angela, NV",065-382-1006
6162ea04e5,20750749,Wendy Yu,wendy.yu@hotmail.com,"78687 John Wells Suite 272, Thompsontown, MN",086-344-0432
38e4b02e93,38986735,Shawn Kelly,shawn.kelly@gmail.com,"0105 Jeffrey Circle, Amandastad, LA",901-349-3009
67d097891a,31374081,Ronald Perry,ronald.perry@gmail.com,"1037 Bridges Trace Apt. 152, Port Annabury, ME",859-531-2815
2c406cdcf8,1204564,Thomas Robinson,thomas.robinson@gmail.com,"90942 Timothy Vista, Munozfurt, NJ",537-041-8331
778bfec125,62700743,Jennifer Allen,jennifer.allen@hotmail.com,"760 Blackwell Glen, Sanchezton, CT",159-396-0335
bf8c60be12,52390905,Gabriela Orozco,gabriela.orozco@gmail.com,"9453 Kirk Well Apt. 052, South Matthewtown, PW",844-848-3567
f7c14ab0a4,56761503,Alyssa Smith,alyssa.smith@hotmail.com,"57045 Costa Dam, North Amanda, NJ",425-679-5037
896a887fa6,79387131,Pamela Fuller,pamela.fuller@hotmail.com,"953 Tara Walk Apt. 649, Wardbury, UT",667-248-3919
a4c3320d90,6239833,Austin Hamilton,austin.hamilton@gmail.com,"301 Cameron Lodge, North Sonia, WA",805-654-8087
a5393e09bb,54840311,Katherine Davis,katherine.davis@gmail.com,"17581 Jessica Burgs Suite 138, South Michael, CA",606-170-5244
afb7f9a698,52822741,Kevin Shaw,kevin.shaw@hotmail.com,"1562 Cabrera Mountains, South Brentfurt, VT",769-138-5660
25789b3dfa,29479385,Stephen Conner,stephen.conner@gmail.com,"738 Johnson Villages, Lake Marcusstad, FM",749-499-4121
4610fb2896,34936440,Christopher Johnson,christopher.johnson@hotmail.com,"2647 Kemp Way Apt. 427, Bryantside, CO",399-506-9985
e7ad8a56d6,14352808,Allen Martinez,allen.martinez@gmail.com,"35929 Williams Glen Suite 085, Taylorbury, NC",017-044-3346
30d8177f39,84382832,Jonathon Medina,jonathon.medina@gmail.com,"58534 Rosales Manor Suite 672, Cervantesfurt, MH",894-188-7581
f67fa756c7,22219233,Michael Powell,michael.powell@gmail.com,"419 Hull Coves, Lake Maryfurt, PW",959-666-0241
3da096a89f,69722798,Jose Moyer,jose.moyer@gmail.com,"232 Lewis Vista Suite 351, New Tony, WV",092-780-6186
835e3ca848,69636209,Brittany Baldwin,brittany.baldwin@gmail.com,"67788 Gonzalez Prairie Apt. 375, West Kathleentown, AL",994-514-9465
ac843849b3,90590181,Brett Rodriguez,brett.rodriguez@gmail.com,"083 Christopher Bridge Suite 301, Domingueztown, KY",404-654-9132
afb5cdbd3e,70956143,Shannon Larsen,shannon.larsen@hotmail.com,"9804 Jackson Circle, South Patriciahaven, HI",178-594-8909
ed4787d80c,83227375,Kristine Moyer,kristine.moyer@gmail.com,"29470 Brandon Landing, Austinfort, NH",101-489-3761
92ff69b5c6,52420580,Michelle Simmons,michelle.simmons@hotmail.com,"5676 Martinez Valleys Apt. 384, Christinefurt, FL",434-321-4553
a8aaff8105,33663699,Brian Hall,brian.hall@hotmail.com,"5405 Jonathan Junction, Blackborough, IL",162-416-8490
e0429c45f8,62874951,Bryan Stewart,bryan.stewart@gmail.com,"86526 Strong Plaza Suite 863, Port Ricky, MN",827-279-5862
244ad39fe2,25194863,Stanley Garza,stanley.garza@hotmail.com,"992 Benson Road, Turnerport, WV",059-979-4836
4359a72fff,53372552,Michael Howard,michael.howard@gmail.com,"974 Karen Squares Suite 976, Samanthaport, KS",038-190-2663
c7a8803aae,97633813,Lisa Delgado,lisa.delgado@gmail.com,"61439 Burns Groves, East Brittany, AR",120-872-4614
a3de28103c,76937610,Jesus Valdez,jesus.valdez@gmail.com,"2697 Jessica Knolls, West David, MP",496-761-3658
a78a247423,67105249,Brenda Riley,brenda.riley@gmail.com,"055 Meyers Mountains Suite 426, Kristenville, MA",548-634-6529
79027e53b9,96340472,Tyler Small,tyler.small@hotmail.com,"1011 Henry Club Suite 272, Port Veronica, SC",256-152-4877
a3b81b1e03,11410109,Christine Rodriguez,christine.rodriguez@gmail.com,"9041 Rowland Route, Batesview, VI",282-090-7940
fc4929d017,96986104,Ashley Wu,ashley.wu@hotmail.com,"031 Kimberly Villages Apt. 456, New Debra, AK",072-568-1008
90dd7de361,45915025,Robert Stevens,robert.stevens@gmail.com,"150 Pacheco Burg Suite 595, Port Mary, SC",709-912-0637
7df559af2a,36028105,Alice Thompson,alice.thompson@gmail.com,"866 Kathleen Route, West Joy, NY",572-019-6650
5d824143d7,10680552,Megan Larson,megan.larson@gmail.com,"98499 Tim Manors, East Jessica, AR",511-131-9031
304e89bc4c,10669470,Charles Daniels,charles.daniels@gmail.com,"980 Cruz Meadow, Lopezland, AL",905-938-1761
6859ba3440,31377067,Kevin Coleman,kevin.coleman@gmail.com,"550 Farmer Spur Suite 769, Lake Brittanyview, HI",895-726-3233
f12b289786,63370043,Julia Jackson,julia.jackson@gmail.com,"5980 Stacie Brook, South Catherineburgh, MS",046-431-7965
37b28c49b4,20848836,Teresa Cole,teresa.cole@gmail.com,"17145 Mills Oval, Lake Richardton, NH",049-269-7983
305e573a5e,30465524,Matthew Smith,matthew.smith@gmail.com,"1259 Stephanie Tunnel, Smithstad, MD",840-003-6984
28732ef98d,47624777,Darren Moody,darren.moody@gmail.com,"2051 Suzanne Greens Apt. 832, New Nathan, MH",475-886-8522
07f7a88fbf,30663404,Gerald Duffy,gerald.duffy@hotmail.com,"0177 Young Canyon, Youngberg, WV",391-082-3188
4c494c999d,94622235,Erica Walker,erica.walker@hotmail.com,"1975 Lopez Junction, New Edwardview, MH",475-755-1889
5f04ff1307,61745233,Samuel Thomas,samuel.thomas@hotmail.com,"891 Sanchez Spring, Joshuabury, AL",242-880-6840
c189fc9c71,37816110,Daniel Johnson,daniel.johnson@hotmail.com,"90856 Price Parkways Suite 179, Breannaview, WV",857-539-2998
ce115b8e9a,86446437,Justin Santana,justin.santana@gmail.com,"8117 Anthony Locks, Shannonport, NY",053-173-3268
125f057b64,21287151,Laura West,laura.west@gmail.com,"482 Andrew Key, Heiditown, LA",819-329-7938
54fa590acc,34301405,Shannon Wilson,shannon.wilson@gmail.com,"73486 Christopher Shore, Dianeland, TX",562-754-1557
fd38bb1dd3,28685859,Victor Mercado,victor.mercado@hotmail.com,"326 Justin Track Apt. 090, Simpsonburgh, LA",448-377-4913
8d28b7edb2,36877431,Glenda Walters,glenda.walters@gmail.com,"72958 Peter Valley Apt. 797, East Mitchellborough, ID",000-634-5085
10398555a3,77812288,Christina Gonzalez,christina.gonzalez@gmail.com,"55274 Combs Shores Suite 885, Port Destinytown, MI",331-598-3237
c547fe2a6c,17009857,William Harvey,william.harvey@hotmail.com,"367 Mccarthy Walk Apt. 744, Alisonstad, FM",569-962-0721
21e015fae4,42571226,Olivia Watts,olivia.watts@hotmail.com,"1472 Miller Gateway Apt. 743, New Deniseville, OR",024-264-7553
3f7f24bc1c,14581691,Kyle Woods,kyle.woods@hotmail.com,"881 Smith Haven, North Rodney, GA",910-171-4693
0856b0329c,14159419,Wendy Williams,wendy.williams@hotmail.com,"46064 White Haven, East Johnmouth, AZ",519-520-6539
3f1e3cd99d,43946417,James Howard,james.howard@hotmail.com,"0371 Megan Flat, Maryborough, GU",205-529-7348
e146e80096,7030506,Austin Wyatt,austin.wyatt@gmail.com,"1294 Christine Brooks, Lake Edwardside, ME",327-868-2331
b5bc010007,88938844,Jacqueline Rivera,jacqueline.rivera@gmail.com,"05245 Bruce Shores, Prattfurt, MH",792-130-0824
5c9cfbf2f3,24448777,Elizabeth Shepherd,elizabeth.shepherd@hotmail.com,"802 Kimberly Mews Apt. 238, Port Joy, VA",440-234-2022
8c47fb90f9,63746991,Kenneth Williams,kenneth.williams@gmail.com,"87743 Cook Plain, North Juan, PW",332-525-3131
d25fb949fd,14156858,Kim Green,kim.green@hotmail.com,"3952 Timothy Cove, Cookhaven, MT",888-357-4790
9bd76bf24a,18773784,Corey Cummings,corey.cummings@hotmail.com,"310 Leonard Keys, Joshuaview, MS",665-129-2765
160a6532ac,75971482,Robin Conner,robin.conner@hotmail.com,"782 Welch Shore, Crossland, UT",260-668-4604
a5699a5981,42158372,Brittney Harper,brittney.harper@gmail.com,"577 Christine Terrace Suite 128, Port Cynthiastad, WA",279-100-9312
b4b18ec6ce,61331521,Jason Rodriguez,jason.rodriguez@gmail.com,"30713 Monica Mills Apt. 939, Haydenbury, KY",018-016-9715
9c824e6ecb,53705468,Michael Newman,michael.newman@gmail.com,"743 Townsend Burgs Apt. 883, Boydmouth, NV",861-739-4366
3b7c4b247d,4348815,Samantha Wiley,samantha.wiley@hotmail.com,"866 Stevens Crescent Suite 691, Victoriafurt, MO",714-569-3336
9ef24bb772,94802552,Jacob Greene,jacob.greene@gmail.com,"6520 Schroeder Forest, North Kristophermouth, ME",850-770-5041
62c8e08a12,45359360,Jessica Roberts,jessica.roberts@hotmail.com,"7986 Travis Light, New Scott, AL",797-106-0351
6570b483a9,2523231,Douglas Cole,douglas.cole@gmail.com,"685 Kayla Ford Suite 763, North Amanda, AK",498-097-2925
c140a2fb53,56620705,Michael Murray,michael.murray@hotmail.com,"8567 Zachary Island, Lake Tiffanyton, MA",552-581-1049
bdd57fd098,36900541,Jillian Preston,jillian.preston@hotmail.com,"25916 Misty Crescent Suite 260, North David, AR",163-980-5938
d6f23bb14b,1940972,John Evans,john.evans@gmail.com,"7502 Mitchell Dale Apt. 055, New Amyfurt, MD",777-606-1716
748b62eb15,75208633,Anthony Garner,anthony.garner@gmail.com,"61348 David Throughway Suite 976, West Lisa, MO",406-706-3744
a29e59d1e3,74310553,Anna Martin,anna.martin@gmail.com,"8236 Neal Mission Apt. 918, Josefurt, NV",751-126-7870
5d45e5db12,18890690,Hannah Jones,hannah.jones@gmail.com,"0597 Reeves Crest Suite 753, Lake Benjaminmouth, UT",970-028-6769
c06c4a3292,2002133,Martin Ponce,martin.ponce@gmail.com,"07291 Cortez Pass Apt. 179, Aliciatown, PA",518-675-4693
f7a7904ed2,88366878,Eric Fisher,eric.fisher@hotmail.com,"5540 Juarez Glens, South Emilytown, WI",836-396-9838
7c8c93d8f7,36923140,Alicia Jenkins,alicia.jenkins@hotmail.com,"703 Reyes Groves Apt. 468, Howardton, PW",412-450-7661
7ecb22520b,81253309,Jason Scott,jason.scott@gmail.com,"722 Derek Junctions Suite 209, Shermanshire, SD",739-862-6845
8edac10fc5,41219200,Jonathan Carter,jonathan.carter@gmail.com,"132 Matthew Fall Apt. 053, North William, FM",053-278-9956
ebeb14da38,24593604,Gina Jackson,gina.jackson@gmail.com,"65116 Hannah Keys Apt. 042, Jenniferville, NC",058-905-1592
661f0e5219,9054813,Michael Cox,michael.cox@hotmail.com,"02564 Aaron Center Suite 551, New Courtneyfurt, OR",281-849-8941
e612af8ca8,74949078,Kimberly Padilla,kimberly.padilla@hotmail.com,"62598 Gabrielle Bypass, Mitchellstad, OH",867-116-5747
ad0a01b6cd,72549070,Pamela Alvarez,pamela.alvarez@gmail.com,"3591 Michael Stravenue, Meganmouth, NY",575-517-2302
4ef58ed7ab,62821731,Michael Reynolds,michael.reynolds@hotmail.com,"42883 Baker Inlet, South Andrewborough, MN",915-609-3346
0ce10043d4,27710379,Willie Richards,willie.richards@hotmail.com,"254 Gomez Courts, Lake Janetmouth, DE",882-272-9827
d9bb2023d1,26837364,Kathryn Hancock,kathryn.hancock@hotmail.com,"49152 Deborah Pine, North Justin, KY",476-803-1048
10cbddc748,28490458,Sandra Huber,sandra.huber@hotmail.com,"750 Sonya Stream Apt. 834, North Tina, FL",615-299-0358
3e57ebd9d8,7783077,Sandra Christensen,sandra.christensen@hotmail.com,"34913 Porter Knolls Apt. 435, Larryhaven, VI",686-449-7857
5052c53f1e,78281867,Dawn Smith,dawn.smith@gmail.com,"9555 Miller Square, South Rachelhaven, HI",332-426-9279
d8dcb8a82b,40372212,Jessica Jackson,jessica.jackson@hotmail.com,"23340 Patrick Forks Suite 397, Lake Christina, GU",705-726-5734
edfc03a15a,57508951,Michelle Price,michelle.price@gmail.com,"059 Bennett Bridge Suite 830, Hernandezfort, VI",152-702-9961
c1c4b19356,6806239,Carlos West,carlos.west@hotmail.com,"73881 Thomas Shoal, Kellymouth, IA",646-148-0072
56399a85f9,29498507,Timothy Nelson,timothy.nelson@hotmail.com,"80892 Oliver Mountains Apt. 769, Port Danielle, OK",058-853-6729
4572ea7e68,22393297,Rodney Christensen,rodney.christensen@gmail.com,"88833 Alex Field Suite 262, South Allen, NH",931-188-7612
d1c759a56c,81497394,Christopher Murphy,christopher.murphy@hotmail.com,"027 Sandra Port Apt. 664, Lake Jeremyland, RI",245-377-1275
4f14dbce92,61918137,Charles Meyers,charles.meyers@hotmail.com,"1364 Anderson Meadows, Belltown, OR",883-151-9419
f8c935a30b,38041539,Holly Atkinson,holly.atkinson@gmail.com,"867 Brooks Bridge, East Michaelfurt, IN",735-962-7422
d311f8e1da,90662494,Anthony Johnson,anthony.johnson@gmail.com,"79769 Matthew Burg Suite 935, New Jacqueline, CA",571-316-9217
66e9d829af,15026978,Christopher Martinez,christopher.martinez@hotmail.com,"359 Tyler Mission, Bryanttown, MS",641-266-1885
d932efb640,33818635,Jill Martin,jill.martin@gmail.com,"6254 Webb Bridge, Laurenhaven, TN",778-370-0947
3d7b0d446f,32172498,Joseph Moses,joseph.moses@gmail.com,"19287 Andrew Common, West Russell, ND",471-354-9114
d5280148bc,22848763,Brenda Ellis,brenda.ellis@gmail.com,"143 Rebecca Trafficway Suite 850, New Brianside, FM",256-352-2878
b1352b1332,23408740,Sharon Graham,sharon.graham@gmail.com,"78445 Roth Corner Apt. 203, Port Breannafort, SC",802-113-7559
898d507c2b,75584611,Katrina Russell,katrina.russell@gmail.com,"1562 Lauren Viaduct Suite 845, South Mariechester, MA",915-238-5526
51ad994a47,1763925,Adam Benson,adam.benson@gmail.com,"2558 Harris Centers, Brianchester, NM",774-578-6482
b430b0f360,87976130,Matthew Russell,matthew.russell@gmail.com,"621 Sarah Knolls, Port Jamesshire, IN",084-888-2382
752e8a674f,52713858,Kimberly Malone,kimberly.malone@gmail.com,"922 Brooke Hills, North Charlestown, CT",521-090-2374
d904266fe4,25135402,Hailey Solis,hailey.solis@gmail.com,"183 Cooper Parkway, Adrianastad, SC",576-459-6253
e6c14798c8,14072432,Michelle Mathis,michelle.mathis@gmail.com,"41423 Dominguez Grove Apt. 134, Petersonfort, SC",654-660-9780
5d20d32005,52499704,Paul Holland,paul.holland@hotmail.com,"34079 Davis Station, Hamiltonberg, FL",048-067-1446
e55f3fd230,63278346,Laura Russo,laura.russo@hotmail.com,"36925 Cobb Lane Apt. 753, Thomasstad, WV",644-512-8382
f62634a30d,16732090,Chelsea Terry,chelsea.terry@gmail.com,"8386 Young Valley Apt. 677, Hansonfort, LA",388-245-8127
88339e1fe7,8284447,Sue Sanchez,sue.sanchez@hotmail.com,"0906 Jacqueline Stravenue, Lake Sharon, TX",447-899-7357
d427e037ee,79828078,Angel Farmer,angel.farmer@hotmail.com,"65232 Vanessa Mission, Lake Jenniferbury, NC",571-370-2155
c532782087,52589181,Ruben Thomas,ruben.thomas@hotmail.com,"8075 Kari Stream, Claudiastad, NH",642-538-9891
3d1fd85f9c,46722164,Benjamin Robinson,benjamin.robinson@gmail.com,"536 Thompson Loop Apt. 668, West Gregory, IL",777-894-5313
5b11832946,73989246,John Miller,john.miller@gmail.com,"9092 Cole Hills Apt. 091, Port Stacey, PA",261-368-0572
a7396b6462,44770759,Leah Curtis,leah.curtis@hotmail.com,"748 Angela Light, Katelynside, KS",026-458-1301
7eecbc14b9,64200252,Joshua Armstrong,joshua.armstrong@gmail.com,"415 Mary Falls Suite 540, West Jessicashire, WA",900-105-1697
58503047f3,75336789,Lindsey Hernandez,lindsey.hernandez@gmail.com,"24096 Timothy Lane, North Katrinamouth, ID",039-130-7574
83cafd6d0d,78996271,Aaron Hamilton,aaron.hamilton@gmail.com,"00885 Hannah Mount, Burkefort, IA",919-320-5536
d62676e316,99804357,Diana Allen,diana.allen@gmail.com,"6883 Smith Trafficway, Lake Matthewview, MO",023-904-0251
482d2853e7,45644357,Jaime Martin,jaime.martin@hotmail.com,"5537 Short Shoals, Nicholaston, WV",596-074-9416
38319845de,41533977,Jillian Perez,jillian.perez@hotmail.com,"568 Samuel Fields Suite 765, North Danielshire, VT",036-144-0264
319e32e578,82223421,Matthew Mendoza,matthew.mendoza@hotmail.com,"86151 Luna Forest, Fraziertown, HI",579-575-2521
4519dc2c58,97033852,Patrick Taylor,patrick.taylor@hotmail.com,"355 Ashley River Suite 891, Port Sydney, WI",295-195-8360
37e0edb5a3,99232066,Tamara Foster,tamara.foster@hotmail.com,"0906 Hughes Road, Wilsonmouth, DC",697-894-5629
839cbd8f60,41310167,Mia Morrison,mia.morrison@hotmail.com,"3366 Smith Canyon Suite 364, New James, TN",476-190-3981
66f50fd576,37079762,Michael Richard,michael.richard@hotmail.com,"28774 Heather Ferry Suite 297, East Nicholas, MH",930-408-8694
435f797726,80785878,Christopher Martinez,christopher.martinez@gmail.com,"016 James Parks, New Michael, FM",936-506-6701
968b7b5287,38635438,Steven Harrington,steven.harrington@hotmail.com,"5439 Medina Place Apt. 143, East Lacey, GA",537-254-0846
71b4217a87,96620104,Alan Ramsey,alan.ramsey@hotmail.com,"841 William Shore Apt. 972, West Kristenview, CT",350-326-1289
85368fc992,16091118,Elizabeth Thompson,elizabeth.thompson@hotmail.com,"136 David Ridges, Arnoldland, TN",435-606-9930
5d1a6aad44,7526784,Pam Moody,pam.moody@hotmail.com,"555 Clark Land, North Michelle, NC",415-604-6900
2256219fda,45684583,Shannon Holland,shannon.holland@gmail.com,"735 Stewart Square Apt. 202, Joshuaside, NV",168-212-9925
c6d2ab4428,96818890,Maria King,maria.king@hotmail.com,"903 Carl Village Apt. 360, Port Sara, HI",532-930-5522
058fd364af,30755023,George Grant,george.grant@gmail.com,"34768 Victor Roads, South Alyssa, MT",687-869-4096
93d7558c34,35869299,Maria Johnson,maria.johnson@gmail.com,"90316 Brooks Track Apt. 828, Derekside, NC",794-672-6093
c89197339c,50548481,Christopher Robertson,christopher.robertson@hotmail.com,"185 Hernandez Haven, Michaelfort, AL",663-839-3337
321b339b32,99248747,Cindy Allen,cindy.allen@hotmail.com,"8824 Williams Lakes, South Kellystad, GU",006-937-9820
5ccde5d2ee,68503575,Julia Vance,julia.vance@hotmail.com,"002 Hamilton Point Suite 507, West Christopher, NM",818-024-6151
73604db369,38451181,David Jimenez,david.jimenez@hotmail.com,"87636 Johnson Point, Grantfurt, WA",202-460-4551
7f5fa08f10,14191741,Melissa Byrd,melissa.byrd@gmail.com,"718 Camacho Port, Klineland, MD",461-500-8340
ff517729e2,53730743,Kayla Cox,kayla.cox@hotmail.com,"10359 Simpson Station, East Janicefort, MA",796-878-3641
3e5be315a9,23699224,Edward Sparks,edward.sparks@gmail.com,"87925 Bradley Terrace Suite 388, Charlesfort, LA",756-166-0218
98dfb2798b,28416758,Debbie Chavez,debbie.chavez@gmail.com,"3995 Fox Port Suite 567, West Gregory, UT",321-335-0648
015d775875,98103709,Paul Valenzuela,paul.valenzuela@hotmail.com,"7739 Brandi Turnpike, Clarkville, AZ",015-585-6105
09754372c1,72790331,Kimberly Fleming,kimberly.fleming@hotmail.com,"229 John Dam, North William, MS",753-451-3978
8108e6e7d9,31101307,Elizabeth Ramirez,elizabeth.ramirez@hotmail.com,"0611 Tina Parkways Apt. 210, New Amberberg, CT",181-921-6019
aaef54d18e,10108542,Kari Frederick,kari.frederick@hotmail.com,"571 Greene Track Suite 187, New David, MO",205-990-7979
ab82d83e01,62182824,Timothy Parker,timothy.parker@hotmail.com,"501 Lori Extension Apt. 991, Gonzalezbury, VT",912-706-0042
f4e809f901,73295740,Rhonda Keller,rhonda.keller@gmail.com,"994 Alexandra Hollow Suite 918, Gonzalesshire, CO",231-142-2270
1802f3d51f,62689691,Jessica Harrington,jessica.harrington@hotmail.com,"9715 Thompson Coves Apt. 984, Lake Jeffreyton, PA",706-433-0780
f1de3ed5ff,69584416,Melanie Vaughn,melanie.vaughn@gmail.com,"6450 Carr Via Suite 494, North Ashleyside, OK",833-957-0746
c5b24295e7,93887181,Amanda Rice,amanda.rice@gmail.com,"05775 Clark Greens, East Jayland, NH",339-046-7091
5a9e19aaa0,95811042,Shannon Silva,shannon.silva@gmail.com,"91961 Jennifer Mountains, Cliffordside, MS",582-042-9176
2fcb76b897,10616604,Andrea Bowers,andrea.bowers@gmail.com,"07444 Kristina Plaza, Samuelton, CA",269-287-5709
b8311372c7,59008985,Ruth Johnson,ruth.johnson@gmail.com,"10807 Steele Prairie, Hansenstad, NJ",210-243-1784
1ebfd3376c,74658180,Donald Harvey,donald.harvey@hotmail.com,"7091 Davis Cliffs Apt. 318, West Nicole, WV",658-749-6420
50b8ff3567,40562491,John Moss,john.moss@gmail.com,"21806 Williams Tunnel, New Shelly, VI",425-057-4451
e9ea563124,85654705,Kevin Baldwin,kevin.baldwin@hotmail.com,"48976 Simmons Inlet, Stevenfort, AR",504-578-2575
e2fe0f8793,20027233,Grant White,grant.white@hotmail.com,"447 Costa Key Suite 359, North Adam, CT",309-008-0955
7fe17de728,25238634,Kimberly Blackwell,kimberly.blackwell@hotmail.com,"86090 Mary Parks, South Jennifermouth, ME",516-048-0638
57a91e5f1d,44159776,Scott Ferguson,scott.ferguson@hotmail.com,"812 Gamble Cliffs, Jeffreyborough, DC",765-180-8699
43d56b194e,4376356,Lisa Fletcher,lisa.fletcher@hotmail.com,"482 Case Ports, West Lydia, IL",275-931-7924
52958549c2,64775223,Mary Cabrera,mary.cabrera@gmail.com,"2302 Kathryn Extensions, Lake Paul, WA",780-773-4220
bcf9a21ae6,78938755,Sarah Kidd,sarah.kidd@hotmail.com,"261 Johnson Radial, Melissaport, UT",112-355-6415
f74612fbfe,57133385,Heather Pearson,heather.pearson@hotmail.com,"5602 Allen Flats Suite 327, Amyland, MA",801-406-5939
751cf886c2,65618154,Kathryn Harrison,kathryn.harrison@gmail.com,"525 Andrew Mill, Potterstad, NV",320-944-1053
e307b50de6,89448339,Adam Spence,adam.spence@hotmail.com,"75833 Scott Shore, West Lisa, MA",033-668-0757
748b07eb0e,82534381,Chelsea Hernandez,chelsea.hernandez@gmail.com,"6851 Anthony Viaduct Apt. 055, Hamptonmouth, ME",280-375-2595
3250b37fa8,31469942,Kimberly Norris,kimberly.norris@hotmail.com,"0255 Valdez Stravenue Apt. 358, Lake Donnahaven, GA",148-423-9173
376e82cb41,65978230,Matthew Rodriguez,matthew.rodriguez@hotmail.com,"295 Mclean Roads, Clarkfurt, AS",915-396-1240
765baa1cb5,84270655,Craig Martinez,craig.martinez@gmail.com,"15514 Hamilton Oval, South Donna, UT",795-605-2102
f8c844405e,39216373,Stephen Allen,stephen.allen@gmail.com,"11834 Sloan Common Suite 599, Lambertmouth, VI",492-848-6198
47deede7dc,51663950,Jason Taylor,jason.taylor@gmail.com,"657 Davis Court Suite 424, North Jennifer, CT",952-102-8635
dd2e030598,50914391,James Jimenez,james.jimenez@gmail.com,"9165 Cynthia Mission, Fischerberg, PA",105-681-8160
cd341de512,96751265,Rebecca Payne,rebecca.payne@gmail.com,"084 Roger Neck Suite 338, Taylorfurt, AL",061-946-8730
66efb4c3b5,58184668,Stephen Woods,stephen.woods@gmail.com,"902 Michelle Causeway, South Anthony, SD",481-246-3955
901c1ff68c,17709614,Carlos Mathis,carlos.mathis@hotmail.com,"6184 Campos Loaf, West Keith, MT",644-026-5147
3ef237f8ac,67108918,David Turner,david.turner@gmail.com,"595 Dillon Branch Suite 924, Barryhaven, MO",634-334-7169
d2d4fbb903,42387686,Nicole Sanders,nicole.sanders@gmail.com,"09566 Chase Falls Apt. 111, Danielsbury, MI",947-416-7297
44313ba6f7,86593294,Bryan Carlson,bryan.carlson@hotmail.com,"771 Raymond Rapid, North Michaelside, ME",439-527-8008
0a88a14c7c,52503536,Samuel Hayes,samuel.hayes@hotmail.com,"1940 Jacqueline Locks, Michaelville, PW",197-353-2038
887a5eed26,79177994,Samuel Roy,samuel.roy@hotmail.com,"878 Davis Bypass Suite 453, Lake Patrick, DE",389-439-8357
f12b441a0e,36202534,Martin Boyd,martin.boyd@hotmail.com,"97779 Lisa Hill Suite 828, Angelaview, MN",579-020-6333
6c2e9a87c2,60537953,Anthony Davis,anthony.davis@gmail.com,"99200 Underwood Spurs, West Keith, PW",959-173-8121
912cf8c453,55915522,Madison Short,madison.short@hotmail.com,"118 Christopher Haven, South Antoniofort, TN",149-987-5527
a4d06581b8,39228160,Michelle Arnold,michelle.arnold@hotmail.com,"2611 Brittney Coves Apt. 026, Meaganfurt, MN",626-157-8908
aea7391ed1,82893161,Brandon Hardy,brandon.hardy@gmail.com,"81014 Melvin Lights Suite 001, Port Danielborough, IN",188-544-4744
998b72ba1d,34337178,Jennifer Harding,jennifer.harding@gmail.com,"6269 Rose Lodge, West Bradley, OK",377-764-1202
4c2e0a3caf,7414532,Brenda Hoffman,brenda.hoffman@gmail.com,"03149 Eric Harbors Suite 729, East Matthewview, NJ",305-958-9436
109c18e132,11525960,Nicholas Taylor,nicholas.taylor@gmail.com,"127 Chad Row, Chaveztown, OH",129-888-1309
a9d3e6ce18,19272803,Dawn Wilkinson,dawn.wilkinson@hotmail.com,"7889 Hays Isle, Nelsonmouth, MO",795-908-7689
3edd24adac,76863710,Angela Fletcher,angela.fletcher@gmail.com,"2580 Melinda Crest, South Seanfurt, LA",038-056-4287
1ab133dbcb,1172453,Edwin Wells,edwin.wells@gmail.com,"26543 Eaton Mission, New Michelle, PW",371-778-1856
68029d3bf7,70850791,Laura Fisher,laura.fisher@gmail.com,"4914 Linda Station, Joshuahaven, FM",840-720-8593
3a14ee9b1a,85853998,Jessica Harrington,jessica.harrington@hotmail.com,"293 Matthew Lights, New Jessicaborough, ND",822-866-0119
29075c320b,61565421,Melanie Warren,melanie.warren@gmail.com,"4633 Cook Square Suite 607, Lake Andrewside, TX",980-196-9131
6edccd4fdd,57884963,Tonya Grant,tonya.grant@hotmail.com,"2970 Eileen Harbors Apt. 726, New Roberto, SD",344-776-1988
852822da83,85701755,Nicholas Garza,nicholas.garza@hotmail.com,"32004 Bryant Haven, West Williemouth, MI",846-911-4589
b3d8d4c48c,1632605,Scott Crane,scott.crane@gmail.com,"959 Watson Corners, Taylorhaven, SC",873-978-0112
854a8a6065,24128052,Annette Williams,annette.williams@hotmail.com,"8707 Rivera Run Apt. 198, West Lisa, MO",987-903-2128
5a560e145a,4157025,Shawn Jimenez,shawn.jimenez@gmail.com,"030 English Extension Apt. 353, Brownfort, FM",650-424-9222
c622c41bd6,58300500,Zachary Roy,zachary.roy@gmail.com,"0659 Joseph Ville, Stonetown, MT",709-338-5158
a25171350c,54518136,Tony Lin,tony.lin@hotmail.com,"805 Stacey Via Apt. 522, Serranobury, CT",383-194-0656
e269e94503,21643360,Anthony Martin,anthony.martin@gmail.com,"2192 Carolyn Oval, Martinborough, FL",830-292-1481
8e5481f738,84352034,John Barker,john.barker@hotmail.com,"36806 Michael Well, Port Jacksonland, IA",885-424-7122
3d2aee08ff,66755380,Keith Mcconnell,keith.mcconnell@hotmail.com,"287 Anderson Extension, Donnaport, UT",008-217-0820
ac3dc17c06,6148011,James Coleman,james.coleman@hotmail.com,"46429 Marshall Throughway Suite 168, Yangport, NH",243-854-5845
2fa6d7ffbf,74053358,Haley Lewis,haley.lewis@gmail.com,"3131 Cameron Cove Apt. 944, North Kristentown, TX",004-837-5611
5c2d9e2448,32307639,Brandon Jones,brandon.jones@gmail.com,"4390 Erin Stream Apt. 785, Huntermouth, CA",845-124-3317
ecfa08b1bd,4780756,Amy Willis,amy.willis@gmail.com,"57508 Benjamin Fall, Aaronville, CA",265-225-6353
79f9a92385,68299679,John Owen,john.owen@gmail.com,"1312 Michelle Roads Apt. 108, West Seanchester, MO",934-470-3191
63f5198438,34473529,Kathleen Miller,kathleen.miller@hotmail.com,"938 Christy Keys Apt. 905, Port Michaelview, MT",959-629-1163
7dab71d914,42436349,John Robinson,john.robinson@gmail.com,"786 Zachary Ferry, Port Jennifer, WY",051-214-1128
6ef8e2fe39,46449642,David Romero,david.romero@hotmail.com,"664 Ryan Plaza Suite 410, Tanyashire, ME",307-106-3888
8d2552b267,13394113,Jillian Madden,jillian.madden@gmail.com,"3683 Castillo Plaza, West Anthonyland, NE",170-126-2647
c317c9e4c4,46225943,Nicholas Fowler,nicholas.fowler@hotmail.com,"539 Sarah Underpass Suite 781, Wellsshire, KS",335-836-6062
107dce01b6,43961965,Derek Bass,derek.bass@gmail.com,"02257 Jones Mission, Robertside, OH",503-660-5932
72be8fa76f,91307177,James Moore,james.moore@gmail.com,"369 Clinton Park, Brianton, IL",685-443-0032
a17dbe28e0,74721203,Brian Larson,brian.larson@gmail.com,"3415 Phillips Union, Morrisfort, NV",795-570-6625
ed4c230aac,95052476,David Torres,david.torres@gmail.com,"2937 Simon Avenue, New Samantha, MP",981-701-5828
ee1ae5be83,42825575,Denise Estrada,denise.estrada@gmail.com,"7901 Morgan Mill Apt. 673, Joshuaport, RI",376-794-8838
e8c59615b3,79475464,Heather Brown,heather.brown@hotmail.com,"2107 Harvey Valleys, Jasonport, DC",646-014-2415
1c15e20317,73416562,Nancy Holmes,nancy.holmes@gmail.com,"5779 Wilson Meadow Suite 739, North Michaeltown, AK",181-676-9636
b713a02f42,39491145,Donna Perkins,donna.perkins@hotmail.com,"161 Cortez Glens Suite 310, West Michelle, NH",661-046-2677
4407d4ece5,33404545,Philip Farrell,philip.farrell@gmail.com,"71707 Mindy Valley, Lewisberg, AR",651-195-6029
60c643c0f3,46288620,Brianna Tucker,brianna.tucker@hotmail.com,"177 Olsen Lake Suite 319, Loritown, WV",603-164-2871
49aacdf061,21503266,Matthew Lopez,matthew.lopez@hotmail.com,"276 Sanchez Branch, New David, GU",173-071-6197
e8163e9f5a,42441911,Kenneth Brooks,kenneth.brooks@gmail.com,"5607 Irwin Villages, Lake Andrewborough, GA",803-304-5278
5bc00b13ef,70108609,Christopher Webb,christopher.webb@hotmail.com,"6746 Sutton Neck Apt. 279, South Angela, MO",960-788-6116
817adc7b11,48749203,Stephanie Thomas,stephanie.thomas@hotmail.com,"406 Lopez Mountain, Brucestad, PW",325-159-3340
48c79a3456,72803897,Brandon Ramirez,brandon.ramirez@gmail.com,"131 Jones Mills, Powersmouth, MI",453-290-3559
41adcc8070,6945621,Melissa Terry,melissa.terry@gmail.com,"5669 Marquez Isle, Lake Timothy, MH",564-726-2527
86078bf46a,29374186,Nathan Grimes,nathan.grimes@hotmail.com,"75647 Matthew Haven, Smithtown, TN",822-996-2366
0e0962323e,38398707,Jeremy Johnson,jeremy.johnson@hotmail.com,"0936 Ramirez Ford Suite 820, Evelynland, AS",360-795-9799
4faba5ae53,60002920,Phillip Thornton,phillip.thornton@hotmail.com,"10790 Brett Locks, Debramouth, OK",024-728-5417
231d672b01,57500762,Selena Barnett,selena.barnett@hotmail.com,"51321 John Passage, South Luisberg, MH",632-323-1647
356e88dbd0,32847304,Michael Hoover,michael.hoover@gmail.com,"75088 Riley Tunnel Apt. 345, Port Deborahberg, WI",709-429-3066
5a134526c7,46339106,Katherine Reyes,katherine.reyes@hotmail.com,"259 Thompson Squares, Baileyfort, MP",561-745-6673
b7ba75cbfc,99917301,Alexis Howard,alexis.howard@hotmail.com,"5632 Lori Mountain, New Davidfurt, WY",015-712-0857
d1093a75bb,80462856,Adriana Reed,adriana.reed@gmail.com,"0098 Bryant Greens Apt. 586, Collinshaven, IL",170-733-6897
749e8eb72f,82559287,Veronica Cantu,veronica.cantu@hotmail.com,"761 Jones Underpass Apt. 288, Wrightton, CO",820-057-0633
8379533699,2120266,Brandon Holder,brandon.holder@hotmail.com,"364 Benjamin Causeway, Courtneytown, IA",083-371-0687
3fd1d00b71,81952103,Leslie Thomas,leslie.thomas@gmail.com,"504 Gutierrez Pass Suite 826, Henrybury, FM",192-767-1417
ee6dc90ff6,67111213,Deborah Weaver,deborah.weaver@hotmail.com,"84039 Gardner Circles Suite 699, New Amy, MT",633-794-0400
8f75ab7cd8,84286038,Gary Davis,gary.davis@gmail.com,"388 Avila Tunnel Apt. 819, West Michelleton, FM",077-809-0865
8ce4ffa264,73976407,Chad Tran,chad.tran@hotmail.com,"9042 April Brook, North Tonya, AZ",904-972-3431
9aad5a1898,61081084,Terri Mckee,terri.mckee@gmail.com,"7908 Robert Turnpike Apt. 063, Heatherstad, NV",651-294-2544
fdf18c48cf,36426507,Sheryl Cooper,sheryl.cooper@gmail.com,"4278 White Dam, Bellland, IA",090-188-4862
b8beb96207,71129191,Brandon Green,brandon.green@gmail.com,"5535 Richard Ways, Port Jeanette, IN",426-883-0200
b620c646d4,52613043,Brian Bowman,brian.bowman@gmail.com,"69871 Danny Lakes Suite 523, West Emilyfort, NM",947-191-0921
27ea8f9ef0,35380357,Jill White,jill.white@hotmail.com,"5810 Tiffany Drive Apt. 739, Wyattberg, AZ",304-889-6872
f0efbb85f4,77446968,Charles Rocha,charles.rocha@hotmail.com,"56554 David Ports Suite 146, Dawnmouth, MP",269-476-3801
a5d33c85b0,72611547,Kyle Mcmahon,kyle.mcmahon@hotmail.com,"41998 Ryan Plains, Dianebury, OH",064-417-5346
64d731b1b3,95067566,Christopher Kim,christopher.kim@hotmail.com,"200 Patel Stravenue Suite 335, Walkerview, OR",037-638-7084
25c11e5b32,79685015,Samuel Potter,samuel.potter@gmail.com,"61275 Johnson Crest, Katherineborough, SD",528-428-0578
6090709f58,44768184,Angela Bernard,angela.bernard@gmail.com,"064 Patrick Turnpike, South Amandamouth, WV",962-317-7729
4fb80fbfee,27995653,Erika Chen,erika.chen@gmail.com,"4195 Matthew Turnpike, Michaelmouth, GU",789-210-7833
5384225c16,61626355,Jasmine Lambert,jasmine.lambert@gmail.com,"378 Lam Forges, South Jefferyland, NE",547-893-2077
b6886fc3f2,71450398,Elizabeth Brown,elizabeth.brown@hotmail.com,"48792 Heidi Throughway, East Davidside, GU",257-884-5876
174c04f1a9,65677823,Cindy Wilson,cindy.wilson@hotmail.com,"248 Christopher Skyway, New William, AS",656-347-6400
f034d7e2de,58830088,Stephanie Hess,stephanie.hess@hotmail.com,"07208 William Crossroad Suite 957, Marcusmouth, AS",681-267-7966
d30abfc918,56459276,Gilbert Wheeler,gilbert.wheeler@gmail.com,"7478 Joseph Avenue Suite 520, Bradleyfort, AK",793-113-3816
242cf6b028,66121598,Evan Torres,evan.torres@hotmail.com,"755 Payne Prairie Suite 454, New Laurenport, GA",654-504-1069
9256705a88,47601735,William Mann,william.mann@hotmail.com,"80365 Adams Ways, Mariostad, IL",168-448-8297
a35f486911,97263385,John Miranda,john.miranda@gmail.com,"1456 Lisa Mews, Port Stephaniefort, NY",948-140-5311
71d4b76ad5,59072156,Andrew Clay,andrew.clay@hotmail.com,"12572 Baker Groves, Butlerstad, KS",093-889-7509
b0d890b8ea,61512338,Stacey Medina,stacey.medina@gmail.com,"891 Kaylee Hills, Danielmouth, ME",899-104-7637
1cf7dd7b5a,93542192,Rebecca Palmer,rebecca.palmer@hotmail.com,"29687 Angela Cove, Lindseymouth, TX",203-136-9030
b5e8a9e7e2,76246551,Christopher Foley,christopher.foley@gmail.com,"798 Reilly Field, Farleychester, VA",502-992-1189
9dc4678d4d,27118569,Shari Norton,shari.norton@hotmail.com,"583 Michael Via Apt. 090, Aprilberg, GA",504-151-5496
5f04e03605,80371912,James Greer,james.greer@gmail.com,"1032 Mccullough Turnpike Apt. 937, Port Emily, CT",581-405-4323
50128b8194,595116,Chelsey Moore,chelsey.moore@gmail.com,"7244 Lopez Lock Suite 018, Nicoleberg, TN",157-739-9528
606528134b,50210388,Miranda Thomas,miranda.thomas@gmail.com,"29623 Hartman Fords Apt. 347, Bowenfort, NM",199-873-2449
e231e5b1e0,15053618,Mary Garcia,mary.garcia@hotmail.com,"812 Joseph Rapid, Shirleyside, NC",704-718-0383
61f50bd507,65185514,Ashley Martin,ashley.martin@hotmail.com,"9524 Daniel Squares Suite 801, Steeleport, VI",266-167-9408
bcd5ebb76c,42712638,Tracy Turner,tracy.turner@gmail.com,"696 Kayla Trail Apt. 805, Wadefort, WV",941-345-7386
3b5e0a907f,73239583,Christina Mitchell,christina.mitchell@gmail.com,"46028 Sanchez Fords, Elizabethshire, IN",692-829-5963
60e8a38e35,67746864,Amy Horton,amy.horton@gmail.com,"584 Christopher Way, Bryanfurt, UT",533-242-2295
b2001cc2bb,71793366,Paul Lara,paul.lara@hotmail.com,"2442 Downs Mount, Zhangton, AL",178-653-5071
0bc290f9a1,10299685,David Bowman,david.bowman@hotmail.com,"0865 Mcclain Mountains, Johnstonhaven, MA",977-750-4337
6898d073cf,18077816,Mary Davis,mary.davis@hotmail.com,"576 Michelle Lakes Suite 982, West Amber, IL",102-893-6322
17718bd9cb,93249482,Meghan Reid,meghan.reid@gmail.com,"670 Deleon Ferry Suite 000, Debraberg, PW",953-293-1851
96d98759d8,85209112,Kyle Downs,kyle.downs@gmail.com,"709 Cameron Mall, Lake Christopher, AK",363-615-9660
d0a5682db0,7513544,Ethan Gillespie,ethan.gillespie@gmail.com,"777 Laura Circles Apt. 457, Lake Joann, SC",641-499-2493
c4117c8458,48423743,Charles Meadows,charles.meadows@hotmail.com,"8148 Brown Meadows Apt. 542, West Lindsayland, NH",021-161-7907
7f3869a77c,59135255,Tonya Holland,tonya.holland@hotmail.com,"60485 Kendra Drive Apt. 364, Masonton, TN",268-141-6650
4bca69404d,67819092,Jared Martin,jared.martin@gmail.com,"653 Davis Mission Suite 893, Courtneyborough, MS",993-173-2708
7d688d5beb,98039422,Leslie Bird,leslie.bird@gmail.com,"3446 Dominique Knolls Apt. 467, West Walter, AZ",730-070-1768
471d0af4bf,24303018,Jennifer Gibson,jennifer.gibson@hotmail.com,"39373 Newman Courts, Karafort, OK",003-307-3671
03cf19458c,12641452,Elizabeth Stanley,elizabeth.stanley@gmail.com,"781 William Ridges Apt. 667, North Jamie, RI",376-032-4726
d7b41f2cb2,64464486,Elizabeth Stewart,elizabeth.stewart@hotmail.com,"09906 Miller Garden Apt. 456, Kyleshire, KY",785-554-1822
33bb7fb805,88550226,Lori Owens,lori.owens@gmail.com,"202 Margaret Mill, Port James, WY",728-941-3604
984bf97542,62551370,Stanley Burke,stanley.burke@gmail.com,"36778 Young Route, Pamelafort, PA",349-452-7641
32eb42d0bf,21617854,Evelyn Collins,evelyn.collins@hotmail.com,"906 Phillip Terrace Suite 707, Chelseafort, MI",392-829-7147
e065a1f748,97533892,Patty Collier,patty.collier@gmail.com,"4394 Denise Circle, South Amanda, WY",755-099-4065
921f7b8ea5,27774135,Caleb Guerrero,caleb.guerrero@hotmail.com,"63724 Moore Cove, West Coleview, IA",820-494-3801
2e823256cc,69011728,Monique Jones,monique.jones@gmail.com,"8555 Russo Spurs, Diazshire, MO",402-553-7493
804b02db70,6745088,Katie Bernard,katie.bernard@gmail.com,"43581 Anthony Fields Suite 441, Escobarchester, SD",149-676-8011
131b10869d,78519330,Jack Sandoval,jack.sandoval@hotmail.com,"28387 Tammy Skyway, South Emily, ND",846-732-1269
7d7230a375,3168571,Trevor Martin,trevor.martin@gmail.com,"992 Joseph Plaza, West Valerie, OH",621-236-1279
415e93fd09,99755366,William Thompson,william.thompson@hotmail.com,"297 Nicholas Field, West Joshuaborough, AR",281-360-8806
70a1ba2646,96343255,Kristina Price,kristina.price@hotmail.com,"0151 Wells Valley Suite 264, South Ashleystad, DC",583-167-4657
3ef7ea00fc,27741537,Dustin Parker,dustin.parker@gmail.com,"492 Bryce Station Apt. 569, West Kendrashire, KY",910-211-2040
e0c982f3c0,74175839,Carmen Diaz,carmen.diaz@hotmail.com,"63436 Russell Centers Suite 761, South Jacobburgh, NV",411-993-6957
a3487a0345,74941347,Ann Underwood,ann.underwood@gmail.com,"68821 Kathleen Bridge, Port Robertland, CT",312-468-8622
97047c25d5,55129034,Brian Smith,brian.smith@hotmail.com,"370 Campbell Isle Suite 775, Schneiderview, KY",216-136-5752
1b2cd0a77c,2279937,Cody Rodriguez,cody.rodriguez@hotmail.com,"73460 Payne Via Apt. 281, South Jennifer, NY",062-339-0055
dac8e6b60e,84130959,David Hickman,david.hickman@hotmail.com,"45969 Steven Run Suite 684, North Williamfurt, IA",195-340-2670
e4698a43ab,64243585,Matthew Miller,matthew.miller@gmail.com,"0963 Luis Inlet, Hawkinsport, SC",250-729-4403
2a55db0358,22544363,Eric Ellison,eric.ellison@hotmail.com,"318 Wagner Flat, Rossburgh, MS",264-230-5982
ac4bd109d3,75636630,Deborah Wade,deborah.wade@gmail.com,"1131 Graham Meadows, West Tiffanyland, NC",396-992-7113
4caec20452,19727424,Jason Graham,jason.graham@gmail.com,"0662 Duran Hills Suite 956, Williamsville, MT",465-269-3017
8399bbc70a,78561051,Jamie Hernandez,jamie.hernandez@hotmail.com,"251 Joseph Spur Suite 799, New Josephmouth, AK",591-485-1072
8888de24ce,85103911,Krystal Jackson,krystal.jackson@gmail.com,"56070 Smith Club Apt. 587, West Kevinside, DE",359-662-6938
239bb6dd78,53341095,Christopher Jackson,christopher.jackson@hotmail.com,"0568 Austin Plain Suite 294, Port Ashley, PW",141-452-4938
8eddfdcc1a,89970690,Elizabeth Yang,elizabeth.yang@gmail.com,"19063 Schmidt Fields Suite 995, Ashleyberg, PR",978-882-4068
1fe5524bbc,79975034,William Martin,william.martin@gmail.com,"43058 Andrew Field Apt. 446, South Robin, MT",951-228-7852
10e3107f95,55365676,Charles Owens,charles.owens@hotmail.com,"795 Cole Heights, East Aaronview, SC",430-183-5224
4953f6cffa,66106768,Joe White,joe.white@hotmail.com,"370 Edwards Views Suite 562, East Christina, WY",871-628-9639
5524eb3b9b,66911698,Michael Cabrera,michael.cabrera@gmail.com,"82054 Dennis Islands Apt. 266, Lake Francisco, AK",075-713-7536
28522b62c9,23056593,Robert Gomez,robert.gomez@gmail.com,"8093 Brenda Summit, West Elizabeth, KY",903-051-3113
54e5d6df0e,59841189,Melissa Ortiz,melissa.ortiz@hotmail.com,"81866 Robert View, Danaberg, PA",857-754-9617
555e24498f,46519252,Amy Garcia,amy.garcia@hotmail.com,"716 Brown Throughway, Lake Monique, MI",597-045-0811
4049c44733,50423394,Jonathan Castaneda,jonathan.castaneda@hotmail.com,"176 Carpenter Neck Apt. 609, New Cherylfurt, NY",798-410-4385
afc9377880,48410135,Jake Figueroa,jake.figueroa@gmail.com,"51495 Brittany Courts, Adamview, UT",597-598-9083
7d9b6fe7f9,53471776,Marcus Smith,marcus.smith@gmail.com,"27181 Salas Keys Apt. 077, New Mckenzieport, NV",128-906-8560
7245d7e9ae,16488470,Amanda Fuller,amanda.fuller@gmail.com,"07881 James Stravenue, Chelseastad, AL",583-739-5547
99e95b4357,64974382,Catherine Kim,catherine.kim@hotmail.com,"68784 Kyle Lakes Apt. 895, Houstonmouth, HI",440-026-3126
1ac4bfe08c,49963467,Travis Watson,travis.watson@gmail.com,"271 Meghan Shoal, Paulaburgh, AK",467-779-3656
25cceac917,13920659,Austin Davis,austin.davis@gmail.com,"799 Rosario Village, Port Laura, KS",031-250-7124
585d9bcddb,81229430,Brian Young,brian.young@hotmail.com,"200 Shawna Drive, Jeffersonside, VI",827-001-6015
360e97516d,1601896,Gregory Vaughn,gregory.vaughn@hotmail.com,"99625 Karen Ridge, North Williamview, VI",821-262-9679
877a345d26,27030033,Ricardo Lopez,ricardo.lopez@hotmail.com,"71536 Mcpherson Crossing Apt. 849, South Jill, MI",157-679-7043
c81a6bc7fc,50249445,Carrie Caldwell,carrie.caldwell@hotmail.com,"813 Johnson Brooks Suite 766, New Mary, SC",485-546-0359
af58e46f1a,76478246,Emily Booker,emily.booker@gmail.com,"39358 Thompson Springs Suite 690, South Samantha, ND",785-526-5153
34e13c817d,99050385,Suzanne Powell,suzanne.powell@hotmail.com,"231 Clark Avenue Suite 521, Holderfurt, ND",598-821-6847
c898a71b27,89462064,Todd Rodriguez,todd.rodriguez@gmail.com,"76639 Madison Mission, Jasonburgh, NE",281-722-2426
bfc8b43111,23660348,Ebony Hanna,ebony.hanna@hotmail.com,"07118 Steven Alley, Thomasbury, CA",189-309-9420
df5778f533,60268873,Warren Fritz,warren.fritz@hotmail.com,"3656 Evans Mountains Apt. 529, New Shannonville, SC",817-426-1366
b135fb046a,30634252,Amy Brown,amy.brown@hotmail.com,"257 Jared Road Apt. 783, Lake Bryanfurt, MI",890-268-6709
8d93644a16,77769982,Stephanie Velasquez,stephanie.velasquez@hotmail.com,"448 Wallace Roads Suite 046, Wattsfort, PA",775-872-9487
ed252f269c,14504062,Michael Stone,michael.stone@hotmail.com,"318 Raymond Mill, Lopezhaven, MI",627-855-8227
163bc3a6ff,56702115,Thomas Morgan,thomas.morgan@hotmail.com,"7645 Robert Stream Suite 274, Melissafort, NH",965-376-5157
47ef119ac0,75544907,Shirley Brown,shirley.brown@gmail.com,"282 Williams Manors, West Ginastad, CT",888-280-6208
2d72530439,65565783,Courtney Smith,courtney.smith@hotmail.com,"06417 Stone Fork, Gordonton, FM",035-368-9579
ce10d0328b,68088523,Emily Johnson,emily.johnson@gmail.com,"45211 Long Underpass, New Lindsey, NV",701-801-9033
e2812431b9,3295209,Felicia Morgan,felicia.morgan@gmail.com,"140 Nicholas Skyway Suite 157, West Josephton, IN",302-594-8747
fae25bbb1d,64115565,Mark Fernandez,mark.fernandez@gmail.com,"8350 Anthony Shores, Port John, RI",774-611-7190
20e4df985e,31785169,John Nichols,john.nichols@gmail.com,"7900 Wilson Flat, New Kyle, KY",132-453-1558
e7acfda536,93554675,Cameron Scott,cameron.scott@hotmail.com,"280 Jennifer Unions Apt. 471, Washingtonborough, WI",734-173-4916
fdf5b592af,34930258,Donna Small,donna.small@gmail.com,"601 Christina Heights, North Sherri, GA",775-068-1951
b40ad4281e,6943990,Douglas Jennings,douglas.jennings@hotmail.com,"537 Nelson Stream Suite 391, Nathanielton, HI",317-816-2339
9b712b1ceb,53838223,Luis Johnson,luis.johnson@gmail.com,"716 Jacob Forks, South Belinda, IL",688-529-5468
3e0c6e1394,58510818,Brianna Perkins,brianna.perkins@gmail.com,"61382 Brandon Summit, Lake Alexismouth, MT",193-927-7084
964b5fcf72,17537650,David Miller,david.miller@gmail.com,"740 Christopher Club Suite 543, Shawburgh, AZ",349-922-2236
de832ff310,63867800,David Arnold,david.arnold@hotmail.com,"2266 Jennifer Radial, Lopezmouth, CT",026-886-7865
b7984cb2ea,11171252,Travis Stone,travis.stone@gmail.com,"53679 Jonathan Path Apt. 791, Matthewville, LA",531-199-1387
6dc7704e11,17666544,Christina Hayes,christina.hayes@gmail.com,"400 Kayla Skyway, Lake Tiffanychester, AK",150-268-2941
d258081a02,58140245,Daniel Walls,daniel.walls@hotmail.com,"7325 Parks Groves, North Morgan, NE",389-351-1017
08324cfdb7,32763734,Ricky Thompson,ricky.thompson@gmail.com,"2627 Holly Grove, North Kelly, SD",084-564-8048
67c77e7105,3541570,Joel George,joel.george@gmail.com,"819 Martha Row, Saundersville, NC",788-866-0095
0479947d66,27810935,Barbara Rodriguez,barbara.rodriguez@hotmail.com,"7742 Brittney Burg, Nicholasville, OH",373-567-0033
1a27b7a802,94972745,Cesar Howard,cesar.howard@gmail.com,"7064 Wagner Bypass Suite 857, East Jillian, AZ",754-195-9679
4016815162,41911639,James Sanchez,james.sanchez@gmail.com,"772 Malone Pike Suite 919, Francisburgh, MH",597-179-6426
7e53979e84,97021732,Steven Miller,steven.miller@gmail.com,"66378 Cindy Wall Suite 944, Perezborough, WY",000-765-3828
03e4245c0f,24573966,Tanner Chang,tanner.chang@hotmail.com,"25775 Schmidt Circle, North Melissachester, ME",760-304-9162
40c14eefaa,65136793,Douglas Jones,douglas.jones@gmail.com,"5148 Catherine Burgs Suite 220, Castanedatown, VT",769-261-5639
4f539d88aa,27174919,Donna Oconnor,donna.oconnor@hotmail.com,"50497 Scott Brook Apt. 025, New Bryanshire, WI",935-177-8368
fa6be5a4c6,76982553,Katherine Riddle,katherine.riddle@gmail.com,"55829 Gonzalez Mountain, Smithstad, MN",063-923-7836
f35d8e1fe1,25117787,Kelly Graham,kelly.graham@gmail.com,"1715 Contreras Crossing, Ronaldhaven, CT",550-665-6652
f43ab7dc44,95676658,Gregory Quinn,gregory.quinn@hotmail.com,"28177 Wright Point Apt. 762, Hayeshaven, PR",906-540-3288
45dd9a6f85,24623325,Curtis Morales,curtis.morales@hotmail.com,"747 Smith Villages Apt. 455, South Emilymouth, CT",192-884-6470
2b30a1ed6b,44020945,Matthew Johnson,matthew.johnson@hotmail.com,"08342 Higgins Ramp Suite 513, Ellisstad, FL",952-838-3376
0235c7c070,17942665,Drew Aguilar,drew.aguilar@gmail.com,"064 John Mount, South Katie, VA",401-325-2711
6438a03c75,85248379,Sherry Bush,sherry.bush@hotmail.com,"96516 Fleming Bypass, East Laurenfort, AL",243-112-4240
8ab372b5e3,25848405,Carolyn Mccoy,carolyn.mccoy@hotmail.com,"9231 Robinson Glens Apt. 759, South Joebury, NY",877-593-9668
6904d135a9,57726330,Sabrina Clark,sabrina.clark@gmail.com,"960 Scott Oval, Port Catherinestad, ND",705-220-5574
d4f1bbdd77,87355512,Seth Avery,seth.avery@gmail.com,"06270 Curtis Hills Suite 621, Petersonhaven, ME",345-676-7675
87010831b2,45491350,Ronnie Friedman,ronnie.friedman@hotmail.com,"522 Mark Fall Suite 384, Aaronshire, RI",216-493-1002
8f80f7ab5f,93718454,Jessica Howell,jessica.howell@gmail.com,"1047 Ray Flats, North Juan, KS",893-769-6320
a21207e35c,99872594,Jessica Ellis,jessica.ellis@gmail.com,"725 Richard Courts Apt. 915, West Anne, TX",885-714-7150
c0de407e39,92072502,Keith Jacobs,keith.jacobs@gmail.com,"6039 Daniel Village, Lake Raymondview, SC",713-857-8257
dc982368b0,47981881,Elizabeth Garcia,elizabeth.garcia@gmail.com,"1242 Yates Villages, North Stephenmouth, WI",057-572-1736
0c8de1c27f,11389235,Ryan David,ryan.david@gmail.com,"8521 Erik Hill Apt. 295, Elizabethbury, KS",140-954-5678
580af82ed3,18032417,Kimberly Salazar,kimberly.salazar@gmail.com,"05231 Key Common, North Vanessaborough, OR",979-650-7561
64eca0b741,1920279,Ashley Johnson,ashley.johnson@gmail.com,"682 Mitchell Turnpike Suite 733, Amberville, ND",512-128-3148
9de3fd9756,98936777,Judith Kirby,judith.kirby@gmail.com,"8538 Martinez Squares, North Katie, MH",440-607-6376
e2e9f08957,53319741,Alicia Oliver,alicia.oliver@gmail.com,"8538 Bradford Row Suite 415, West Bethanymouth, PR",731-934-9670
439752dc47,76731737,Christopher Reynolds,christopher.reynolds@gmail.com,"853 Greer Ports, East Monica, MP",201-620-2191
fad0eedd98,31050367,James Gutierrez,james.gutierrez@hotmail.com,"1892 Schroeder Trail, South Angela, NC",498-189-8334
8f45513310,33360198,Elizabeth Love,elizabeth.love@gmail.com,"6331 Erika Tunnel, Barnetttown, KS",555-795-8122
a1d1556ef3,45108959,Craig Webster,craig.webster@gmail.com,"08087 Townsend Mission, Nicholashaven, NJ",027-859-5981
a494556348,63884963,Christina Payne,christina.payne@hotmail.com,"9340 Edward Islands Suite 141, Greenefurt, MS",075-702-2494
ee9109cc69,42993086,Michael Brown,michael.brown@gmail.com,"631 Joseph Coves, Lake Sharonfurt, PR",929-329-3445
8b148c52a1,62849236,Dan Cruz,dan.cruz@gmail.com,"585 Nguyen Forest, Tanyaland, OR",127-854-2573
9d90fa0f42,38335440,Joshua Jenkins,joshua.jenkins@hotmail.com,"31990 William Meadow Apt. 272, East Barry, PR",671-282-8261
4ebc61ea9e,96525125,Jeffrey Carrillo,jeffrey.carrillo@gmail.com,"956 Anthony Extension, New Christyberg, TN",823-732-7137
d30fc81c3b,52419625,Lisa Olsen,lisa.olsen@gmail.com,"02980 Kathy Stream, Adamfort, VI",397-049-0111
78f2925fc4,64373724,Colleen Archer,colleen.archer@gmail.com,"4531 Chase Garden Apt. 109, Mooreport, NH",111-865-9723
1f74f6c609,12935718,Denise Mcgrath,denise.mcgrath@hotmail.com,"63388 Denise Mews Apt. 267, North Robert, SC",005-314-9278
877a865096,5652945,Olivia Myers,olivia.myers@gmail.com,"08464 James Throughway, Johnborough, NV",211-640-0123
35f88a26b5,57060959,Lauren Rogers,lauren.rogers@hotmail.com,"3706 Smith Island, Timothyfurt, SC",046-225-2220
a95a478208,97286195,Daniel Hall,daniel.hall@hotmail.com,"1374 Johnson Via, Davidmouth, NH",531-798-7533
2949c0173d,49777338,Jessica Hines,jessica.hines@gmail.com,"9928 Shaffer Inlet Suite 751, West Patriciaberg, NE",358-249-2973
faea92a94c,35476588,Christina Lindsey,christina.lindsey@gmail.com,"21804 Rachel Village, Briannabury, AS",082-914-1439
cc71998b52,68732270,Charles Harmon,charles.harmon@gmail.com,"829 Thompson Plains Apt. 278, Bergermouth, AL",545-054-6436
2d6880b414,27620236,Wendy Estrada,wendy.estrada@hotmail.com,"82272 Leslie Green Suite 053, Smithstad, CT",861-128-1956
13913abdf6,83946388,David Cox,david.cox@gmail.com,"97500 Rodriguez Hills, Martinezfort, OR",745-140-6874
88a1a3c14d,56054987,Michael Raymond,michael.raymond@gmail.com,"8377 Riley Estates Suite 882, Laurieshire, MS",055-407-5378
5fbfb90c64,14564627,Aimee Chang,aimee.chang@gmail.com,"12399 Flores Harbor Apt. 231, East Richardton, VA",933-558-7159
3850a2a6b5,53762010,Felicia Burnett,felicia.burnett@hotmail.com,"090 Denise Trace, Philipview, VI",807-332-9238
2d301c4d21,32129776,Jessica Delgado,jessica.delgado@gmail.com,"749 Ashley Cliffs, Port Kimberly, HI",031-940-6117
5917434404,85958771,Ryan Harris,ryan.harris@gmail.com,"753 Wallace Road Apt. 753, North Colleenshire, KS",501-359-3080
5d9977e286,94146143,Stephanie Baird,stephanie.baird@gmail.com,"335 Donald Motorway Apt. 911, Lake Angelahaven, AL",778-600-4131
058f0e3b30,80191360,Eric Cook,eric.cook@hotmail.com,"53222 Campbell Parkways, New Jeremyport, MA",603-784-9776
097b96aafc,12097606,Nicholas Carroll,nicholas.carroll@hotmail.com,"6640 Jackson Avenue, Lake Janechester, WI",360-040-5965
19b0baa765,10765842,John Clark,john.clark@gmail.com,"3136 Mendoza Vista, North Lindahaven, SD",743-908-5038
4eaf26d8ad,20106972,Andrew Leon,andrew.leon@hotmail.com,"3815 Sherri Parkways Apt. 677, Lake Kevinland, VI",181-680-5064
c5ab30ef52,56906787,Adrian Nunez,adrian.nunez@hotmail.com,"73804 Sanders Street, North John, CA",275-101-0395
8b67f840cd,89371411,Kathryn Walker,kathryn.walker@hotmail.com,"215 William Burg, Port Miranda, RI",872-379-4285
e0775d8701,39940426,Ryan Espinoza,ryan.espinoza@gmail.com,"48670 Rogers Walk, Lake Mary, CA",849-803-0228
55d0a1f7ec,46416889,Alicia Livingston,alicia.livingston@gmail.com,"6463 Anthony Point, North Noah, IN",052-299-9648
86a0bc19dc,23553803,Timothy Mckenzie,timothy.mckenzie@hotmail.com,"2502 Simmons Trail Suite 370, South Shannon, ME",950-893-6737
3293444219,40475482,Amy Costa,amy.costa@gmail.com,"37042 Martinez Fall Suite 669, Watkinsmouth, IN",514-017-4158
3e257ee1fa,41093871,Heather Acosta,heather.acosta@hotmail.com,"7636 Jennifer Knoll, Johnsview, NH",425-833-1028
0da8538355,74029326,Amber Richards,amber.richards@gmail.com,"98299 Benjamin Squares, Walkerhaven, AS",943-133-7591
7af519f3b7,98801487,Roy Williams,roy.williams@gmail.com,"21781 Walker Ville, East Ashleyfurt, CO",256-999-5833
eedaae859e,41768334,Christopher Oconnor,christopher.oconnor@gmail.com,"0682 Lindsey Dale, South Melissafort, MT",839-795-0205
22f32feb76,36076101,Jennifer Lawson,jennifer.lawson@hotmail.com,"50735 Kim Highway Apt. 230, North Sarahhaven, MO",631-049-5331
e817ff3089,78292671,Heather Rollins,heather.rollins@gmail.com,"1704 Dickerson Walk Suite 498, Sarahchester, GA",969-604-1835
3da4eff1ba,73648547,Deanna Mosley,deanna.mosley@gmail.com,"9922 Flores Run Suite 040, Scotthaven, NV",383-057-7034
e7e24bea80,8503479,Maria Patton,maria.patton@gmail.com,"519 Devon Run Suite 935, West Kaylee, AZ",147-770-6808
5fbfd56c5d,41658177,Elizabeth Nolan,elizabeth.nolan@hotmail.com,"0679 Candice Corners Suite 071, Port Brianna, WV",327-354-2104
9af7d525fd,62837567,Michael Casey,michael.casey@gmail.com,"489 Johnson Fords Suite 939, Hortonburgh, TX",840-110-4465
2136b17c13,21168641,Hunter Fleming,hunter.fleming@hotmail.com,"0000 Davis Road, South Sandratown, DC",854-433-4062
409920b48b,64957334,Clifford Avery,clifford.avery@gmail.com,"4214 Wright Street, Lake Joelland, PR",581-952-6978
c15f14d42c,99101605,Mark Martinez,mark.martinez@gmail.com,"6066 Kayla Freeway Apt. 952, North Amyton, AZ",335-781-5843
885c55f59e,68300390,Arthur Cross,arthur.cross@gmail.com,"585 Rhonda Fords, North Michaelville, NJ",574-456-8912
22809bd5ff,508965,Gary Baker,gary.baker@hotmail.com,"4597 Stephanie Dale, Matthewtown, MD",101-318-3135
736f29dfba,67191579,Mary Strong,mary.strong@gmail.com,"31749 Martinez Lake, Amandaside, ND",002-662-1828
0619d5604a,4409192,Jerry Johnson,jerry.johnson@gmail.com,"354 Krystal Road, Andrewsview, WY",616-777-1623
0947b2bd8c,64995484,Jennifer Dunlap,jennifer.dunlap@hotmail.com,"1796 Penny Shores, Jamesshire, PR",560-211-0880
dcac445a51,78242885,Antonio Norton,antonio.norton@hotmail.com,"592 Cindy Hills Suite 785, Melissahaven, WI",806-899-0600
465cd48d55,30683655,Jennifer Morgan,jennifer.morgan@gmail.com,"31345 Cook Fall Apt. 101, West Scott, AL",490-308-2924
451a41b5cd,3482153,Dana Woodward,dana.woodward@gmail.com,"1269 Jeffrey Creek, Harmonhaven, CO",575-989-6102
36f1bb768a,5016883,Paul Miller,paul.miller@gmail.com,"011 Tammy Springs Apt. 655, Whitemouth, WY",433-262-8355
20e391fb18,64769541,Susan Harris,susan.harris@hotmail.com,"446 April Valleys, South David, PW",655-032-9413
cd9dfde182,97275509,Erika Stuart,erika.stuart@gmail.com,"819 Campbell Freeway, Haneybury, PR",680-612-2902
8602853825,73322637,Ashley Walker,ashley.walker@gmail.com,"46589 Daniel Fields, Port Heather, NH",816-126-6082
36142afb8c,28423034,Ann Clark,ann.clark@gmail.com,"032 Barnes Trace Apt. 856, Port Isaac, NY",836-787-1872
c45ea9b554,42306657,Sandra Farmer,sandra.farmer@gmail.com,"6110 Tracy Land, North Philipstad, MT",208-985-6445
11b76efd3c,95837973,James Castro,james.castro@gmail.com,"62914 Dixon Prairie Apt. 010, South Kevinstad, DC",935-076-9490
fd1be963ed,20325648,Donna Nunez,donna.nunez@hotmail.com,"52168 Mccarthy Flat, Stephanieland, AK",830-233-5228
045ca3a2f0,63777731,Diana Greene,diana.greene@gmail.com,"25723 Trevor Center Suite 229, Andrewmouth, GA",118-243-8155
203f9d1e21,42296315,Tammy Moore,tammy.moore@gmail.com,"7096 Johnson Turnpike, Nunezhaven, AR",287-817-2592
2ee0aa6cec,224094,Sharon Buchanan,sharon.buchanan@hotmail.com,"24083 Brad Road Suite 200, Lake Donna, IL",522-284-9465
eb1a6dc861,32345820,Linda Barr,linda.barr@hotmail.com,"4044 Miranda Dam Apt. 809, Garyfurt, OK",627-902-1156
3581fbaed2,48771944,Adriana Simpson,adriana.simpson@hotmail.com,"271 Peters Orchard, New Benjamin, MD",837-111-2310
5597e9426b,7496494,Frank Castaneda,frank.castaneda@hotmail.com,"5494 Courtney Tunnel, West Michaelhaven, MD",466-930-0853
9de0bf7284,6127973,Carla Jennings,carla.jennings@hotmail.com,"57318 Rios Rapids Apt. 827, Thomasville, WV",498-184-9290
3a34539976,81491745,Jason Cooke,jason.cooke@hotmail.com,"07447 Diana Pass Suite 259, Antonioville, OR",836-761-9316
e3765a925d,59308673,Isaac Kelley,isaac.kelley@hotmail.com,"612 Harrington Ports Suite 015, Ruizburgh, GA",886-354-4244
4f2f286b30,97299901,Benjamin Bradley,benjamin.bradley@hotmail.com,"554 Richard Unions, Mcclainhaven, IL",530-954-8818
9ffcaf016a,37141090,Jeffrey Knight,jeffrey.knight@hotmail.com,"67124 Zhang Estate, New Jackland, SD",138-050-0245
1b92f9ffc6,36201402,Kevin Smith,kevin.smith@gmail.com,"1128 Angela Coves Apt. 508, Torresland, SD",411-990-8843
b96403bf3e,16333580,Philip Hartman,philip.hartman@hotmail.com,"923 Marks Forge, East Ana, FL",772-623-6160
d20eeb139e,83228044,Daniel Santos,daniel.santos@hotmail.com,"8569 Alison Center Suite 934, Tracymouth, OH",999-954-5476
ae807a8428,54334626,Randy Hughes,randy.hughes@gmail.com,"360 Atkinson Drive Suite 614, New Brittany, KY",100-667-5417
685f52e10f,93450825,Michael Sims,michael.sims@hotmail.com,"1992 Baker Parkway, Alyssaburgh, NH",483-455-2824
0e8da1f495,77372316,Victor Keller,victor.keller@hotmail.com,"434 Christina Points, East Robertport, MD",688-140-1797
8110365b37,64631581,Lisa Le,lisa.le@hotmail.com,"6792 Griffith Station Suite 424, West Thomas, GA",495-269-7203
16fdd9c1b7,11519749,Kurt Arroyo,kurt.arroyo@gmail.com,"9338 Michael Stream Apt. 361, Mckinneyport, MT",639-533-6274
e8e5a3a0ee,61183149,Jessica Bryant,jessica.bryant@hotmail.com,"033 Dylan Union Suite 193, Silvafurt, OK",169-235-9974
e1af8d13b8,347051,Tammy Donovan,tammy.donovan@hotmail.com,"21032 Dickson Ways Apt. 637, North Elizabeth, KY",415-067-6906
addecc8c53,70608746,Christopher Wallace,christopher.wallace@hotmail.com,"9633 Mike Dam, Port Curtis, DC",116-089-5670
5e91c76655,78137863,Marc Aguilar,marc.aguilar@gmail.com,"26572 Nathan Shoal Apt. 636, New Ericstad, TN",760-644-7371
f0127b2759,69685287,Julie Lester,julie.lester@hotmail.com,"52386 Herrera Court, Tonyside, NV",778-656-3412
5d26ba14a0,17515407,Tanya Washington,tanya.washington@gmail.com,"8706 Ramirez Highway, Kathrynhaven, IA",730-251-4149
3e267552a3,40713717,James Figueroa,james.figueroa@gmail.com,"25677 Morgan Glen Suite 237, Lake Dianetown, OH",018-122-8268
32886ca0f0,8998980,Vanessa Garcia,vanessa.garcia@hotmail.com,"5295 Harrison Square Apt. 802, Kellyburgh, IL",314-960-8788
d43bdc58bb,80424252,Martin Jacobs,martin.jacobs@hotmail.com,"89259 Mendez Extensions Apt. 785, Rebeccatown, MA",090-994-5641
27bebed47b,5187337,Sandra Schneider,sandra.schneider@gmail.com,"200 Grant Fork, Camposberg, MD",698-378-9927
1a12a80e4e,18554865,Michael Boyle,michael.boyle@hotmail.com,"82660 Friedman Falls, New Nicolehaven, MT",901-518-5959
40d16cbff5,8983222,Whitney Ferguson,whitney.ferguson@hotmail.com,"49928 Dennis Plains, Leeport, WY",595-852-3599
883272d1e2,98075397,Ashley Villanueva,ashley.villanueva@gmail.com,"744 Louis Crescent Suite 867, South Brianstad, IL",851-931-8271
e6dccf36db,90591794,Javier Williams,javier.williams@hotmail.com,"6729 Butler Park Apt. 076, North Michaelberg, NM",848-513-5320
b117f962d2,23744643,Danielle Norman,danielle.norman@gmail.com,"6075 Rios Courts Apt. 691, Port Yeseniaberg, SD",312-594-4991
bb3c114277,29739693,Randy Ellis,randy.ellis@hotmail.com,"6254 Fox Tunnel Apt. 744, Joneschester, WV",746-863-0088
e33a2af7b3,32154865,Jonathan Johnson,jonathan.johnson@hotmail.com,"93578 Smith Island Apt. 902, Melissafort, MN",223-799-5007
70775d64c9,73495453,Linda Caldwell,linda.caldwell@gmail.com,"8059 Michael Center Suite 712, Keystad, MH",905-141-3094
10363c9ae2,10609877,Shari Morrison,shari.morrison@hotmail.com,"288 Aaron Divide Apt. 389, North Anthonyburgh, HI",152-005-6657
b992454454,78750944,Tracy Bender,tracy.bender@gmail.com,"63562 Jared Alley Apt. 968, New Laceyport, MD",712-563-4227
261cac3af7,4791818,Elizabeth Martinez,elizabeth.martinez@hotmail.com,"734 Kelley Lakes Apt. 882, South Michaelport, DC",436-151-1360
fc3eac363d,71232973,Claudia Lee,claudia.lee@hotmail.com,"162 Cody Ridge Apt. 185, South Loritown, MT",803-481-0618
52e0c62919,7249867,Jonathan Walker,jonathan.walker@hotmail.com,"39645 Samantha Springs, Alyssaville, SC",806-917-4061
d339763e00,44963413,Charles Watson,charles.watson@gmail.com,"070 Brad Pike Suite 051, South Travisland, NV",427-942-6998
2b3fa10f99,85146395,Michael Jenkins,michael.jenkins@gmail.com,"2851 Duarte Forks, Meghantown, ME",164-987-9963
e52e2e5b6f,79480245,Robert Smith,robert.smith@gmail.com,"92928 Ramsey Islands, Franklinland, CO",524-129-6913
e55b7d2d91,99614187,Devin Myers,devin.myers@hotmail.com,"923 Anderson Flats, South Marie, AR",094-289-1990
29cfbc858e,6717844,Heather Summers,heather.summers@hotmail.com,"9707 James Ranch, Taylorbury, WV",676-095-9154
9fe131bca6,25251269,Daniel Garza,daniel.garza@gmail.com,"88033 Melissa Port Apt. 540, Smallton, CO",343-877-2054
4747815f68,24349729,Patricia Jackson,patricia.jackson@gmail.com,"138 Diaz Fields Apt. 216, East Francisco, VI",164-283-1819
128784995f,47636413,Mary Williams,mary.williams@hotmail.com,"157 William Isle Apt. 532, Sandovalburgh, ID",040-881-8728
48d3347f29,91157480,Joel Guerrero,joel.guerrero@hotmail.com,"82419 Hall Fort, Floresside, MO",997-179-7518
4a91428e26,55579058,Curtis Shields,curtis.shields@gmail.com,"63498 Wilson Motorway Suite 733, New Russellburgh, ME",664-714-2162
fc7a544f40,84498878,Elizabeth Chandler,elizabeth.chandler@hotmail.com,"546 Armstrong Fall Suite 319, Port Gary, WY",886-717-6435
24d9491173,46285565,Amber Jones,amber.jones@hotmail.com,"65532 Burton Underpass Suite 743, Port Rachel, WV",493-409-6537
8064754a92,3159345,Sara Hughes,sara.hughes@gmail.com,"35000 Guzman Trace, Robertside, MI",279-919-2409
eda9a30710,12018884,Robert Morrison,robert.morrison@gmail.com,"53108 Caroline Fields, Marthaview, WA",661-555-4143
4142f55cc6,64962949,James Sanchez,james.sanchez@hotmail.com,"92309 Wise Well, Ayalafort, MA",216-066-2915
35c11b8a44,58107870,Natalie Myers,natalie.myers@gmail.com,"3901 Campbell Spur Apt. 024, Leetown, LA",711-332-7261
0ccd55ece3,90757472,Thomas Thomas,thomas.thomas@gmail.com,"21372 Shelia Divide Suite 811, Ryanborough, PR",400-431-6557
13a13f9287,99251015,Ryan Thompson,ryan.thompson@hotmail.com,"7141 Jimenez Cliff Suite 067, Lake Rebeccaberg, WI",599-917-8198
e39a668cf1,89740059,Keith Kim,keith.kim@hotmail.com,"89834 Vincent Rest, Jonesburgh, WV",604-805-7319
cc3be840c4,32752232,Amanda Harrell,amanda.harrell@hotmail.com,"900 Clark Light Suite 789, South Daniel, CT",042-814-5411
cb674b8356,80000197,Kimberly Palmer,kimberly.palmer@hotmail.com,"4424 Webster Mills, New Davidhaven, MT",119-750-2307
22871099ea,86515144,Michael Ritter,michael.ritter@gmail.com,"509 Garcia Tunnel, Vanessaside, NY",278-255-3702
45bba9a2bf,50929252,Thomas Bailey,thomas.bailey@gmail.com,"0113 Jones Prairie, Lake Grantmouth, ID",775-929-0937
3bc643ef91,84490094,Mitchell Willis,mitchell.willis@gmail.com,"11825 Kenneth Station, Mooreland, MO",094-201-5669
83aed9fdd2,6339907,Deborah Saunders,deborah.saunders@hotmail.com,"690 Berger Mills Apt. 019, South Nicole, PA",461-210-9239
a05ad3b465,2425461,Deborah Garrett,deborah.garrett@hotmail.com,"404 Sullivan Coves Apt. 591, Hollystad, VT",661-919-7022
a2e8edcf17,43901554,April Ruiz,april.ruiz@hotmail.com,"559 Michael Crest, North Leslieborough, UT",800-326-2352
d1d390c835,55012124,Janet White,janet.white@hotmail.com,"4780 Melissa Trail Suite 112, Mcgrathstad, MS",533-293-7675
50d68db07d,36757896,Reginald Brown,reginald.brown@gmail.com,"485 Brewer Plaza Apt. 659, Kristenshire, AK",235-736-3699
9b3e70a23d,90924948,Destiny Williams,destiny.williams@gmail.com,"263 Gary Skyway, Davisport, AL",462-173-2542
3e2b2eb874,39263948,Holly Gutierrez,holly.gutierrez@hotmail.com,"5411 Peter Well, Port Pamelamouth, IN",758-287-1630
92cdcdb865,11602303,Beverly Wilson,beverly.wilson@gmail.com,"525 Christopher Park Apt. 743, South Sharonton, VT",897-421-2008
cae59409b6,98370778,Jessica Ward,jessica.ward@gmail.com,"73520 David Motorway, East Davidfurt, MH",072-333-5323
4cef7238c3,59751797,Jessica Henderson,jessica.henderson@hotmail.com,"48624 Cody Bypass, Lake Aaron, IA",255-678-0440
03fb79243b,58612129,Margaret Davis,margaret.davis@gmail.com,"3993 Hernandez Locks, Lake Mary, DE",994-518-6038
272a410ff0,25770791,Thomas Alexander,thomas.alexander@hotmail.com,"4213 Stewart Drive Suite 516, North Steven, MI",663-129-2483
d509736435,67518597,Patrick Long,patrick.long@hotmail.com,"26674 Carr Lights Apt. 062, Port Chad, NC",578-538-2402
853949ad15,50915694,Jamie Hunter,jamie.hunter@hotmail.com,"26759 Diana Forges, Jameschester, VI",866-674-5384
8c7464a403,3484276,Jose Gutierrez,jose.gutierrez@gmail.com,"5839 Scott Shoals, South Stanleyville, NJ",907-065-5556
25b770a7a3,51455502,Kathryn Parker,kathryn.parker@gmail.com,"317 Michelle Wells Apt. 048, Julieland, MN",692-730-7921
76feaf630e,16477619,Paul Newman,paul.newman@gmail.com,"44773 Byrd Gateway, Lake David, AZ",050-698-8363
e848b06217,95956837,Jack Gilbert,jack.gilbert@gmail.com,"9445 Lambert Ramp Apt. 446, Lake Ianstad, NE",238-179-4706
4298d8f3fa,16679275,Paul Lee,paul.lee@hotmail.com,"1380 William Garden Apt. 328, North Christinestad, CT",695-970-1081
ec2a25984c,6823161,Wendy Cox,wendy.cox@gmail.com,"4522 Thomas Valley Suite 319, South Tracitown, HI",978-436-3259
807e64f84e,47774218,Shane Villarreal,shane.villarreal@hotmail.com,"2474 Garrett Dale, Lake Christopherville, MA",682-595-2470
82062a65c1,12055801,Stephanie Tapia,stephanie.tapia@hotmail.com,"2443 Lee Mission Apt. 765, West Rachelchester, NV",021-220-5667
ad3b001fd0,39165538,Kristy Chang,kristy.chang@hotmail.com,"0326 Erik Crescent, West Scott, AZ",291-310-9384
acc32d0808,46468580,John Schwartz,john.schwartz@hotmail.com,"27662 Andrews Fall, South Matthew, DC",686-875-4830
0e2e5b6698,80603200,Larry Flores,larry.flores@hotmail.com,"8656 Paul Plain Apt. 175, West Brian, FL",472-962-5649
7ab313b104,53591717,Mark Wade,mark.wade@gmail.com,"5655 Hoffman Center Apt. 638, Hawkinsborough, ME",785-818-5425
4c92a131a2,49879644,Melinda Lopez,melinda.lopez@gmail.com,"3251 Thompson Pass Apt. 224, North Ashleyport, TX",355-347-5944
66bc0ecce3,23419378,Derrick Garcia,derrick.garcia@hotmail.com,"278 William Plaza Suite 990, West Allisonstad, AR",266-971-0668
c5c6961996,80608676,Ryan Larson,ryan.larson@gmail.com,"0689 Vanessa Mill, Bennetthaven, MD",325-373-9134
4dc8b6d566,20126669,Doris Gray,doris.gray@hotmail.com,"344 Hunter Ridge Apt. 371, Ortizstad, RI",100-398-0929
f87d14bf38,54042690,Veronica Bailey,veronica.bailey@gmail.com,"7211 Kelsey Pass, Port Nancyland, MA",707-978-9883
87f4e50bc9,88103862,Emma Cole,emma.cole@gmail.com,"2314 Brent Ports Suite 410, South Emma, LA",381-956-6458
e72beb9fe6,15717304,Christian Butler,christian.butler@hotmail.com,"12849 Robert Vista Apt. 539, New Samuelmouth, MS",904-255-7433
2a5ac7b8e5,19806947,Troy Brown,troy.brown@gmail.com,"2877 Peter Greens, Ginaville, DE",256-119-0348
486aded782,86854551,David Davidson,david.davidson@gmail.com,"298 Johnson Vista Apt. 599, Jonathonburgh, DC",137-570-7782
4403de36f2,31969597,Mary Moreno,mary.moreno@gmail.com,"8308 Cunningham Hill Suite 849, Amandaview, OK",323-716-1024
280244d328,65803033,Kimberly Miller,kimberly.miller@hotmail.com,"53132 Travis Grove, Port Kristy, KY",712-184-7989
8b0d4a6e3c,87681285,David Wagner,david.wagner@hotmail.com,"87495 Kelley Via, Kennedymouth, PW",786-232-2373
9256ea3292,70163497,Natalie Trujillo,natalie.trujillo@gmail.com,"49603 James Passage Apt. 947, Johnsonchester, FM",520-869-7948
4e0e100e3b,84891545,Christina Dillon,christina.dillon@hotmail.com,"563 Janet Harbors, East Karenview, ME",852-322-9163
c69514c313,55935040,William Lara,william.lara@gmail.com,"1991 James Lake Apt. 020, Glennfurt, AK",500-634-0677
44fae4e951,80124051,Mark King,mark.king@gmail.com,"543 Mario Inlet, Petermouth, WV",560-967-4863
0b7fa52a1c,11433037,Kim Tate,kim.tate@hotmail.com,"03235 Miller Loop, West Davidmouth, FL",287-638-3348
5ec9addabd,29733439,Sean Jimenez,sean.jimenez@hotmail.com,"4733 Timothy Village, Karenmouth, OH",476-839-4020
a5c4e42c52,38602469,Katie Reeves,katie.reeves@gmail.com,"71663 Evans Drive, South Kristinaside, PW",413-953-3552
78c679e19e,68239190,Victor Gordon,victor.gordon@gmail.com,"99459 Amanda Cape, Brownfort, KS",329-679-4359
4020cac8ff,37291784,Oscar Morrison,oscar.morrison@gmail.com,"1556 Moore Ford, South Christina, NE",611-156-7787
d31bf949a6,90652939,Margaret Gardner,margaret.gardner@gmail.com,"3894 Jones Corner, West Jeffreybury, NH",350-057-3973
92f5e81f21,60057465,James Nelson,james.nelson@hotmail.com,"968 James Port Apt. 624, West Gina, CO",519-135-9665
0b3a375292,43543104,Andrea Price,andrea.price@gmail.com,"8489 Christine Parkways Suite 216, East Susan, UT",529-595-0152
9bb9bff824,71428907,Nancy Carroll,nancy.carroll@hotmail.com,"9436 Paula Field, Lake Pamelaberg, GU",281-140-5441
c8dd94566f,47567420,Catherine Larson,catherine.larson@gmail.com,"642 Angela Dam, Singletonchester, WV",331-103-9254
369dc79fe9,73183630,David Soto,david.soto@hotmail.com,"3065 Hayes Plain Suite 226, North Angelica, CT",258-040-8503
83038f1623,36508564,Cynthia Levine,cynthia.levine@hotmail.com,"4980 Bass Extensions Suite 333, Shelleymouth, ND",809-079-9923
a89a19c09b,20470933,Patricia Haynes,patricia.haynes@hotmail.com,"209 Roger Pines, West Amandaville, ND",619-043-0842
fee14f82b6,11584171,Antonio Roberts,antonio.roberts@gmail.com,"23618 Rebecca Station, Andrewtown, ME",769-778-6799
4e0ccdcf05,92474772,Christopher Smith,christopher.smith@hotmail.com,"83044 Palmer Stream, East Kimberlymouth, CO",830-372-6932
38a5c9b9e3,4384385,Daniel Navarro,daniel.navarro@hotmail.com,"54691 Toni Pike Apt. 376, Marialand, NH",400-496-5684
e78993ec4b,51893157,Robert Huffman,robert.huffman@hotmail.com,"93248 Rowe Knolls Suite 640, West Jennifermouth, FL",492-519-8545
180732be92,65308245,Debbie Henderson,debbie.henderson@gmail.com,"2114 Norton Stravenue, Port Julieton, IA",713-342-1370
c5c61abe73,5615924,Jennifer Davis,jennifer.davis@hotmail.com,"0182 Tran Streets, Kevinside, MS",954-643-4213
868089f739,65239716,George Williams,george.williams@hotmail.com,"50616 Shaffer Burgs, Frankport, VT",732-115-0105
597cbbeb1d,78217960,Michael Jones,michael.jones@gmail.com,"683 Cesar Corners Apt. 368, Whiteton, IA",514-641-7218
56889f703c,66139339,Jeffery Young,jeffery.young@hotmail.com,"907 Hawkins Hills Apt. 635, South Jeanchester, AR",925-005-2862
f25e9ec041,55312134,April Williams,april.williams@hotmail.com,"146 Bennett Club Suite 802, Lake Jose, NJ",901-314-9722
01a9080b23,83134938,Kenneth Shields,kenneth.shields@gmail.com,"3526 Katrina Gateway Suite 797, Lambertland, OR",523-222-0180
5edd817cf1,54251140,Jesus Jones,jesus.jones@hotmail.com,"2304 Rebecca Mall, Port Erikatown, WV",257-800-3252
ceee6c54ac,70090421,Kevin Bennett,kevin.bennett@gmail.com,"06133 Brewer Landing Suite 852, Johnsontown, CA",382-490-7634
5d4c562f60,77372903,Jessica Ford,jessica.ford@hotmail.com,"71878 Brenda Circle, Lake Rachelstad, MT",102-469-9626
4cf349fadd,58026251,Charles Nelson,charles.nelson@gmail.com,"6471 Hancock Highway, Santosmouth, CA",673-526-6607
6cd886c7f0,29208871,Rachel Bradley,rachel.bradley@hotmail.com,"563 Sanchez Manors Suite 455, South Whitney, AL",121-874-2780
5fc884ff87,92693868,Amber Gordon,amber.gordon@gmail.com,"5375 Crawford Parkways, New Carmenmouth, NH",794-034-4360
50f91108a6,38910484,Patrick Bowen,patrick.bowen@gmail.com,"4136 Ramos Squares Suite 539, Lake Michelle, FL",166-560-0839
9dd1a1e555,2366869,Jason Evans,jason.evans@hotmail.com,"2927 George Dale, Jamesside, PA",551-266-5944
478d594541,40901771,Mario Smith,mario.smith@hotmail.com,"374 Jon Valleys, East Michellefort, HI",056-994-2061
0f0648b751,38608466,Tracy Davis,tracy.davis@gmail.com,"93771 Lester Islands Apt. 320, Schmidtland, TN",985-969-4604
7bc4aa9bf4,40029766,Diane Dunlap,diane.dunlap@gmail.com,"087 Edwards Walk, North Matthewfurt, MP",542-521-5127
c9dc07f242,52591106,Anthony Coleman,anthony.coleman@hotmail.com,"159 Blackwell Cliff, Stephensonburgh, NH",218-452-4143
ee66f1395c,15155008,Benjamin Rodriguez,benjamin.rodriguez@gmail.com,"4438 Moore Corner Apt. 908, Jeremyborough, PW",703-712-4307
26ca7e8862,80948069,Brad Hudson,brad.hudson@hotmail.com,"97561 Andrew Forge, East Cody, MI",687-711-9832
37f9cdc038,62425442,Melinda Baldwin,melinda.baldwin@hotmail.com,"881 Steele Drive, East Jose, CO",964-688-7198
403447c92c,94281732,Sara Byrd,sara.byrd@hotmail.com,"554 Eric Springs Apt. 675, Wintersview, NY",822-877-7762
3511b8b23f,13061928,Tiffany Johnson,tiffany.johnson@gmail.com,"348 Debra Manor, Leefurt, MH",225-488-7616
8b27410251,68772960,Monica Thornton,monica.thornton@hotmail.com,"6473 John Branch, Lyonsburgh, PR",767-440-1568
45f4802e1b,11176525,Pamela Mcgee,pamela.mcgee@hotmail.com,"5054 Hall Fords Apt. 208, Taylormouth, MI",014-452-9299
4009d599a0,94088973,Jeremy Alexander,jeremy.alexander@gmail.com,"3034 Troy Summit, Martinberg, CO",255-311-6133
caa18075c6,9247825,Heather Nicholson,heather.nicholson@gmail.com,"32876 Clark Meadows Suite 139, Timothyville, KS",343-176-6717
e84529e822,48034296,Devin Scott,devin.scott@gmail.com,"13880 Hernandez Mill Apt. 088, Ortizville, FL",264-868-9438
b830be4157,93814575,Steven Stewart,steven.stewart@hotmail.com,"594 Rebecca Cape, North Johnchester, SC",728-866-2529
5e2fdbac60,39459599,Brian Russell,brian.russell@gmail.com,"022 Carlson Keys Apt. 427, Patrickshire, ND",661-089-3654
1eb4625173,96456971,Andrew Sanders,andrew.sanders@gmail.com,"7391 Sara Ports Apt. 411, Atkinsonport, MD",530-864-7767
a865bac38c,93891542,Joseph Espinoza,joseph.espinoza@gmail.com,"15548 Jonathan Harbor Apt. 211, Tamifort, IN",396-407-6108
5195ff4d4f,66987185,Christian Barr,christian.barr@hotmail.com,"67807 Sandra Road Suite 942, Carlosfort, ME",693-668-3677
8ce8733796,64203867,Mallory Powers,mallory.powers@hotmail.com,"70797 Andrews Turnpike, Jordanchester, HI",662-318-9812
1df9d3a5eb,73759372,Brandon Dixon,brandon.dixon@gmail.com,"27582 Kelsey Mews, South Joseph, LA",701-696-9582
8744f90716,31605563,Kristen Erickson,kristen.erickson@gmail.com,"3396 Tonya Trafficway Apt. 430, Kennethfurt, VA",688-180-0004
6e8849e886,41912134,Jamie Henderson,jamie.henderson@hotmail.com,"03941 Ryan Views Apt. 075, North Angela, NC",239-120-7414
16fab23a00,43421434,Michelle Harrison,michelle.harrison@gmail.com,"62811 Torres Centers Suite 890, Lake Kimberly, TX",251-785-9374
e4bf1325e5,70914842,Andrew Duncan,andrew.duncan@hotmail.com,"944 Carey Locks, South Michellemouth, OR",663-267-1048
d43b4ab8d7,60209526,Douglas Ramos,douglas.ramos@hotmail.com,"88411 Stewart Lock Apt. 082, Bergerbury, ID",541-846-6482
471e78e576,9113103,Cheyenne Cox,cheyenne.cox@hotmail.com,"832 Matthew Isle Apt. 938, Hillbury, WA",467-328-3834
073ee3fdbe,8242566,Joshua Hansen,joshua.hansen@gmail.com,"209 Williamson Underpass, East Lauraside, VI",717-685-0916
ee3704f343,2235867,Jared Mendoza,jared.mendoza@gmail.com,"92944 Logan Lodge, Port Morgan, AL",275-951-2447
8ee42e921b,66472940,Brittany Dickerson,brittany.dickerson@gmail.com,"45184 Clinton Gateway Apt. 004, North Ericafort, IA",405-749-8224
0da2e62d0d,41777157,Justin Farrell,justin.farrell@gmail.com,"060 Williams Stream Apt. 834, Keithville, PA",785-545-8119
4768765810,87251707,Victoria Holmes,victoria.holmes@hotmail.com,"587 Tracy Corners, Hillville, CT",327-947-7736
60edd2bc38,96302793,Michael Martin,michael.martin@hotmail.com,"546 Mccann Stravenue, Barberchester, NV",199-482-5349
769302b393,9707117,Monica Weiss,monica.weiss@hotmail.com,"997 Adam Glen Apt. 660, Oneillborough, SD",983-500-9016
8e1893f3a2,679178,Karen Gonzales,karen.gonzales@gmail.com,"274 Henry Point Suite 950, Lake Monicachester, ID",895-175-5503
04c380ecf6,38960149,Joseph House,joseph.house@gmail.com,"056 Price Point, East Edgar, UT",856-492-0441
e9866effe1,79307164,Christopher Robinson,christopher.robinson@gmail.com,"9891 Lindsey Bypass, New Williamfurt, GU",334-204-0686
3b1dad21a6,76986209,Dana Wong,dana.wong@hotmail.com,"617 Williams Courts Apt. 799, Stonetown, IA",529-029-5469
622bb23943,26840375,Pamela Fowler,pamela.fowler@gmail.com,"466 Morgan Run Apt. 709, Cummingsfurt, AL",605-966-3615
66a95890bd,27658704,Christina Thompson,christina.thompson@hotmail.com,"519 Jackson Wall Suite 307, Timothyfort, OK",930-083-5339
5361b01b5c,52564992,Dalton Dougherty,dalton.dougherty@hotmail.com,"1691 Tonya Extensions Apt. 379, Toddborough, NY",186-520-7614
8241be19cb,71630865,Victoria Baker,victoria.baker@hotmail.com,"5145 Kelly Stream, Riverastad, NE",032-578-6523
e08eea29b7,3969296,Brandon Shields,brandon.shields@gmail.com,"3219 Bryant Crossing Suite 389, Kevinfurt, VA",194-211-1493
f4351531d2,93170077,Rickey Lambert,rickey.lambert@gmail.com,"6181 Simpson Causeway, Lake Bradley, DE",119-513-0691
8b4b16f456,62863839,Sean Vargas,sean.vargas@gmail.com,"41565 Rivera Canyon, Frankmouth, NH",502-283-5020
e191345325,68757332,Gerald Decker,gerald.decker@hotmail.com,"5365 Brenda Ville, New Hectorton, KS",929-599-3565
09c5031cc3,91785963,Amanda Rhodes,amanda.rhodes@hotmail.com,"7125 Humphrey Alley Suite 152, Port Denisebury, AS",872-179-0211
740ae5f777,99262589,Angela Lopez,angela.lopez@gmail.com,"596 Conner Course, South Jamie, MN",360-626-4600
456b52570c,93292325,Jodi Rivas,jodi.rivas@gmail.com,"0762 Schwartz Views, Lake Jenniferburgh, MT",251-682-3059
0e4de6e106,67768095,Johnathan Wood,johnathan.wood@gmail.com,"1767 Denise Pines Suite 186, Chrisborough, SD",743-426-6835
be3311f25e,49198292,Jacob Alvarado,jacob.alvarado@gmail.com,"35569 James Club Suite 010, Nancybury, MT",944-008-6689
ac0b6c094c,55658177,Paul Williams,paul.williams@hotmail.com,"46197 Scott Glens Suite 039, Lake Frederick, CO",705-742-4270
f7617e434e,93441977,Chad Green,chad.green@gmail.com,"05106 Richard Neck Apt. 784, Stewartmouth, VA",956-724-1482
cecff9f3c1,39703665,Edward Mayo,edward.mayo@gmail.com,"58135 Tim Glens Apt. 034, South Alexisstad, OH",911-091-0579
6c6159dbc8,91214887,Michael Gallegos,michael.gallegos@gmail.com,"8801 Cox Village, New Kelly, CA",380-876-8273
6d7053bcef,87910312,Katie Davis,katie.davis@gmail.com,"7113 Kylie Isle, North Daniel, WV",404-338-2947
01a9d8e3ff,46962550,Jeffrey Clark,jeffrey.clark@gmail.com,"1759 Laura Bypass Apt. 081, South Vanessa, OK",758-572-1385
9204637f8d,70018902,Nancy Williams,nancy.williams@gmail.com,"168 Daniel Harbor Suite 604, New Patriciashire, GU",058-164-3851
9ee5c73e5b,1358845,Ryan Burgess,ryan.burgess@gmail.com,"8136 Juarez Views Apt. 029, Mcphersonborough, WV",609-134-0807
7bf7b85df2,92418197,David Potter,david.potter@hotmail.com,"414 Rose Lake Suite 613, Karenfurt, NC",074-986-2529
6c1f1105bf,25782211,Karen Lopez,karen.lopez@gmail.com,"118 Harris Crest, Morrisontown, CO",661-499-6924
6abc3cc89a,52002697,William Jones,william.jones@gmail.com,"288 Simpson Mission, South Logan, MA",152-511-7754
e6d3b7c60c,95284654,Cheryl Sloan,cheryl.sloan@hotmail.com,"379 Meyer Glens Apt. 170, Carlsonfurt, PR",963-372-4753
f10503974e,14011313,Elizabeth Salas,elizabeth.salas@hotmail.com,"6964 Timothy Pass Suite 344, Port Gabrielleshire, NE",814-659-2860
eef2b27c12,14446194,Nicole Hensley,nicole.hensley@gmail.com,"646 Steven Center, Port Alexmouth, SC",141-403-3701
45c7b5a96e,33763019,Rebecca Nguyen,rebecca.nguyen@hotmail.com,"544 Taylor Mission, Gloriamouth, MH",171-459-8065
2f21bf16c6,63812131,James Valenzuela,james.valenzuela@gmail.com,"2265 Brandon Drives, Port Eric, WA",617-731-4450
4c66b9af53,19392318,Alisha Hayes,alisha.hayes@hotmail.com,"020 Jose Summit Apt. 115, Delgadomouth, NM",190-590-7554
e3dd495913,76923945,Tina Mccall,tina.mccall@gmail.com,"896 Alexander Coves, Hawkinsmouth, UT",029-183-6824
d155865aec,34496170,Luke Cortez,luke.cortez@gmail.com,"180 Stephanie Via, Port Abigail, KS",530-455-5059
ec66c4e1a3,79322288,Robert Golden,robert.golden@hotmail.com,"448 Lawrence Mews, Alvaradoview, NJ",987-246-7604
60f5d8064b,21495556,Tina Beard,tina.beard@hotmail.com,"8286 Carroll Alley, Toddport, KS",311-468-7458
8bfc1646d7,75976757,Michelle Maynard,michelle.maynard@gmail.com,"03044 Barry Plaza, Port Danielfort, ID",912-953-0781
ed1fa46099,70390980,Nicholas Hansen,nicholas.hansen@hotmail.com,"763 Allen Passage, Cervanteston, NC",827-652-4489
75b6a19697,34136769,James Roberts,james.roberts@gmail.com,"504 Brewer Loaf, Michaelside, GA",716-177-9781
6f83048f5b,99751834,Robert Gordon,robert.gordon@gmail.com,"34841 Meyer River, Smithstad, IL",839-785-2779
0932d82780,96021849,Paige Foster,paige.foster@gmail.com,"7296 Troy Crest Suite 658, New Jameshaven, FM",326-448-7164
4a1ae6005f,10602717,Shawn Pope,shawn.pope@hotmail.com,"53361 Carla Village Suite 556, East Nicoleside, NE",761-548-3308
cf4a71d716,60101502,Monica Martinez,monica.martinez@gmail.com,"225 Troy Land, Port Lori, FL",979-511-5073
7374804e00,72269207,John Garcia,john.garcia@gmail.com,"067 Pennington Circle, Christianside, KY",456-265-1439
b5a843b42b,55149277,Derek Harris,derek.harris@hotmail.com,"730 King Falls Apt. 321, Amybury, FL",761-014-9665
e335af20db,75415926,Daniel Wiggins,daniel.wiggins@gmail.com,"3102 Bird Gateway Suite 476, Carlatown, NY",846-133-1436
acdd5a64cd,69935360,Melissa Santos,melissa.santos@gmail.com,"064 Ashley Spurs Suite 974, Melissaton, WY",237-111-1671
fab8d6c640,48661857,Courtney Dalton,courtney.dalton@gmail.com,"07978 Billy Mountains Apt. 887, Snowburgh, FM",352-203-0191
bbc77d1963,7113291,Pamela Ware,pamela.ware@gmail.com,"878 Mary Motorway, North Sarahland, NV",201-195-0327
150c04a948,50438400,Shannon Rogers,shannon.rogers@gmail.com,"62526 Catherine Field Apt. 492, North Michaelshire, DC",585-118-8407
4f5a3118ed,4732748,Brittany Choi,brittany.choi@gmail.com,"094 Bryan Hollow, East April, MH",320-942-5472
2358a38f32,71303131,Karen Martinez,karen.martinez@hotmail.com,"409 Dodson Squares, Kaitlinview, FL",462-622-8547
42d21c37b7,20966540,Nancy Butler,nancy.butler@gmail.com,"1399 Ramirez Locks, Jessicashire, WA",156-154-6032
5c512de20d,66405751,Chase Parrish,chase.parrish@hotmail.com,"25692 Richardson Fords Apt. 938, New Katherine, FL",816-611-6789
458498bc71,54788343,Leslie Gould,leslie.gould@gmail.com,"085 Donna Field Suite 258, East Elizabeth, ND",401-049-1716
83a8493ad0,50543436,Daniel Johnson,daniel.johnson@hotmail.com,"0319 Jacob Mountain, Brandonside, HI",210-305-8582
c44f850d3c,1747331,Tracy Mendoza,tracy.mendoza@gmail.com,"9548 Robert Parks, Montgomeryhaven, NY",301-151-3007
222ed23bbb,49683485,Robert Kidd,robert.kidd@gmail.com,"38440 Emily Circles Apt. 509, South Jaimeland, NE",567-848-7585
36d4392e5b,93098239,Alexander Barron,alexander.barron@hotmail.com,"49147 Clark Creek Apt. 071, Norrisfort, MS",637-036-4796
6a1997504a,61787847,Justin Smith,justin.smith@hotmail.com,"48680 Nguyen Ferry Apt. 695, Welchburgh, NJ",551-008-6997
769f596796,95706344,Megan Harvey,megan.harvey@hotmail.com,"79874 Lindsey Port Apt. 391, New Jasmine, MN",113-902-1240
48b707b0ce,47711304,Julie Solomon,julie.solomon@hotmail.com,"0025 Lisa Underpass, Matthewhaven, RI",890-967-4811
44019d3640,69062987,Mark Sanchez,mark.sanchez@gmail.com,"712 Joshua Hollow, Port Jennifer, TN",242-872-8361
ed078eff41,99497539,Morgan Taylor,morgan.taylor@hotmail.com,"0782 Beth Meadows, Port Sarah, NM",086-689-1200
2688bb8176,51477135,Robert Fleming,robert.fleming@hotmail.com,"977 Barr Extensions Suite 955, Lake Regina, RI",528-036-2164
d90f65a6a3,18601586,Connie Blanchard,connie.blanchard@hotmail.com,"8201 Jordan Branch, Helenberg, MO",757-754-8603
2db68b73bc,67652463,Derek Gomez,derek.gomez@hotmail.com,"8402 Hill Summit Suite 859, New Jeanville, GA",404-930-0567
0d7a1bc28a,16647053,Julia Barr,julia.barr@gmail.com,"452 Hall Wall Apt. 265, North Pamela, IA",202-865-8211
6bbdcf8e92,55669785,Michelle Hayes,michelle.hayes@gmail.com,"98506 Moss Fork, West Sarahside, NJ",472-256-2343
81c3264950,88060793,Brandon Fernandez,brandon.fernandez@gmail.com,"645 Sandra Grove Apt. 546, Jacobmouth, ME",259-518-8473
3e5afcd624,84478070,Stephanie Warren,stephanie.warren@gmail.com,"79292 Kristina Alley, Wendyborough, HI",545-441-4458
4e80060301,31328550,Joann Brown,joann.brown@hotmail.com,"267 Mcclure Harbor, North Amanda, MI",718-506-1419
9753577b46,98740094,Lindsay Parsons,lindsay.parsons@hotmail.com,"086 Schaefer Canyon, Whiteview, IL",902-856-4249
d93c6fe31c,638623,Jose Brown,jose.brown@gmail.com,"822 Harmon Corners, Dawnland, MH",717-303-1270
c80211d3c8,30527306,Timothy Clay,timothy.clay@hotmail.com,"2634 Amy Walk, Smithside, UT",003-747-2649
8fba7d50ed,51756026,Kelly Quinn,kelly.quinn@gmail.com,"9961 Julie Lake, New Suzannemouth, FM",442-717-3755
72f15ef7e7,90065420,Mary Adams,mary.adams@gmail.com,"8001 Laura Forges Apt. 947, East Amanda, SC",311-453-9158
5e1a1f366e,8814440,Mariah Johnson,mariah.johnson@gmail.com,"062 Woods Heights, Morrisberg, NV",424-497-7621
efda9e7cd4,43783173,Kyle Mcgee,kyle.mcgee@gmail.com,"922 Bernard Lane, New Taylor, PR",721-471-8854
deeeed3b34,21533045,April Lutz,april.lutz@hotmail.com,"339 Davis Lakes Suite 598, East Christopher, VT",251-227-4413
8845278899,84074575,Timothy Robinson,timothy.robinson@gmail.com,"2379 Sydney Isle Apt. 831, Matthewberg, DE",807-408-4227
71da738d81,27218603,Jennifer Murphy,jennifer.murphy@gmail.com,"49188 Santiago Corners, Lake Johnton, MO",670-579-7180
68990e58b7,10718764,Daniel Wilkinson,daniel.wilkinson@gmail.com,"88403 Hull Curve, Davishaven, VT",085-542-0386
153503cfbf,32624822,Thomas Obrien,thomas.obrien@gmail.com,"141 West Track Apt. 458, Robintown, MS",588-149-0119
df12729715,15088926,Monica Taylor,monica.taylor@gmail.com,"86225 Carrie Lodge Suite 636, New Latashaview, RI",527-003-8838
e95007ac1f,967239,Robert Ramirez,robert.ramirez@gmail.com,"57598 Armstrong Island Apt. 704, Smithmouth, RI",535-133-4274
f97419d569,36189105,Jennifer Copeland,jennifer.copeland@hotmail.com,"743 Clark Via, Lake Crystalhaven, ME",105-478-9540
6b3f4c7c6c,88363516,John Rodriguez,john.rodriguez@gmail.com,"6186 Lucas Mill Apt. 812, North Kiaraton, TN",452-638-0379
aa1358d264,26209246,Neil Hall,neil.hall@gmail.com,"811 Matthew Manors Suite 403, Maryburgh, MT",979-137-1948
7e5f80b7d5,69076791,Matthew Hale,matthew.hale@gmail.com,"5737 Cheryl Shores Suite 218, North Nicole, IN",739-032-9169
370c28789c,67204203,Sarah Curtis,sarah.curtis@gmail.com,"4172 Alexandria Port, Lake Robert, IA",427-500-1168
6f11e07247,45844099,Derrick Olsen,derrick.olsen@gmail.com,"72440 Sanchez Stream Suite 632, New Carl, CA",746-831-3475
d84d30c469,4754840,Samantha Pace,samantha.pace@gmail.com,"0548 Carpenter Mountain Apt. 025, North Adam, MT",659-119-1481
8d5193c246,568613,Jose Jackson,jose.jackson@hotmail.com,"703 Joann Common, Phylliston, PW",365-115-6731
dd44afe7f6,95542482,Lisa Williams,lisa.williams@gmail.com,"723 Campbell Club Apt. 588, New Kathyshire, MN",579-141-4646
6458fc6cb0,36556277,Jenna Smith,jenna.smith@hotmail.com,"0036 Graham Hill Apt. 044, South Todd, MN",749-676-5903
a3e7c5399d,85928444,Heather Levy,heather.levy@gmail.com,"0481 Dunn Valley Apt. 483, East Jamesville, MO",071-204-3249
8f5e1bca62,94671387,Ashley Hawkins,ashley.hawkins@hotmail.com,"434 Ashley Path, North Seanton, OR",690-440-5568
ca6d9a8f1f,47701362,James Salazar,james.salazar@gmail.com,"617 Christopher Corner, Lake Andreamouth, MD",184-711-8281
7253d876d8,27623691,Gerald Barnes,gerald.barnes@hotmail.com,"8941 Foley Turnpike, Kyleville, VA",470-438-9596
086c79f47c,11914727,William Blankenship,william.blankenship@hotmail.com,"41143 Reeves Corners Apt. 410, Lake Davidtown, TX",138-774-2394
bb5cd2d86c,1296478,Thomas Taylor,thomas.taylor@gmail.com,"5339 Roberts Street, Kaylafort, DE",357-802-0183
726705e03b,54765666,Andres Tucker,andres.tucker@gmail.com,"521 Dawn River, Dianastad, IA",945-288-0104
6fc06f3ef8,43534058,William Gregory,william.gregory@gmail.com,"5656 Samuel Center Suite 961, Amyberg, GA",411-684-6970
a2a597a4c1,76154092,Sarah Arnold,sarah.arnold@hotmail.com,"471 Michael Dam, Lake Jennifer, AZ",253-839-4480
a69bcf7180,30090421,Anita Singleton,anita.singleton@gmail.com,"416 Thomas Forest Apt. 251, Williamsborough, IA",266-896-5248
3cc2b77f1a,58043426,Emily Burke,emily.burke@hotmail.com,"10472 Thomas Stream Apt. 095, Karenside, DC",171-740-4620
2ef13b099b,50422114,Michael Mullen,michael.mullen@gmail.com,"96578 Natalie Extension Suite 012, East Karenville, DC",519-703-5548
a5df75c8ef,46582470,Lauren Foster,lauren.foster@gmail.com,"47266 Samantha Burgs, Port Lisa, GU",298-585-6991
af722afe25,65409655,Douglas Odom,douglas.odom@hotmail.com,"6175 Robert Circles Suite 177, Michaelton, PR",628-781-6648
d7979dfb12,51595869,Jackie Jackson,jackie.jackson@gmail.com,"616 Rivera Shoals Suite 249, Allenshire, IL",084-385-9486
b4a9f2368b,33534686,Jordan Goodwin,jordan.goodwin@hotmail.com,"8967 James Mountains Apt. 523, South Tracyshire, KS",739-974-2865
93e41078de,49799317,Beth Moody,beth.moody@hotmail.com,"8052 Floyd Shoals Suite 750, South Katie, NM",483-890-5794
fddbdd81f4,82144881,Kimberly Pratt,kimberly.pratt@gmail.com,"48398 Daniels Mountains Apt. 512, Gloriaborough, TX",430-476-5242
7439e3fd83,17408888,Angela Barker,angela.barker@hotmail.com,"935 Ellison Knolls, Kennethland, WA",304-893-6083
8f0b4434e7,14391781,Michael Anderson,michael.anderson@gmail.com,"9707 Figueroa Wells Suite 289, Lake Kristiborough, MP",664-532-8262
7be34828a1,63730160,Anthony Bowen,anthony.bowen@gmail.com,"5896 Torres Cliff Suite 514, Reyesfurt, GA",178-739-4721
