ID(Identifiant),Full Name,gender,Age,EMAIL,Address,ZIPCODE,TELEPHONE,S1,S2,S3,S4
39975248,Michael Larson,male,28,michael.larson@hotmail.com,"8780 Huynh Circles Apt. 142, Brandonmouth, HI",91952,143-101-4774,9,20,18,15
28307861,Tammy Wilson,male,19,tammy.wilson@hotmail.com,"7037 Frank Meadow, Cookberg, WY",97511,193-947-7140,10,16,13,19
50777576,Dalton Schultz,male,24,dalton.schultz@hotmail.com,"6450 Nichols Curve, East Nicole, MN",65406,171-191-2273,11,13,11,19
85728943,Jeffrey Hill,male,26,jeffrey.hill@hotmail.com,"97856 Smith Bypass, Michealtown, MA",19343,986-476-0425,19,11,17,9
71885138,Jesse Miller,male,20,jesse.miller@hotmail.com,"53056 Nicole Mountains, Port Williammouth, MI",81436,625-306-8736,17,13,10,12
94048382,Sheila Pratt,male,22,sheila.pratt@gmail.com,"2639 Jason Shore Apt. 868, Choiport, KY",95871,540-766-4777,17,9,20,7
91826937,Kristina Jones,male,24,kristina.jones@hotmail.com,"7342 Parker Glen, Patrickhaven, CT",90765,111-744-0757,11,14,10,20
90793305,Michael Sherman,female,24,michael.sherman@hotmail.com,"8308 Walters Street, East Jessica, ME",80976,321-250-8145,10,12,9,14
78810184,Robert Barton,male,23,robert.barton@gmail.com,"741 Sandra Junctions, South David, MA",17391,586-409-8531,13,12,10,17
30213462,Alvin Smith,male,24,alvin.smith@gmail.com,"0030 Sanford Union Suite 627, Lake Pamela, TN",71556,240-860-2535,13,15,14,7
3075274,Joseph Cobb,female,25,joseph.cobb@gmail.com,"9746 Wells Corners, Changfort, ME",90642,285-495-5667,8,10,11,11
64330655,Amber Chang,female,21,amber.chang@gmail.com,"9601 Lester Curve, Jonesburgh, DC",19857,333-764-7211,16,7,20,7
87055216,Jessica Francis,female,26,jessica.francis@hotmail.com,"76050 Todd Crescent Apt. 961, Josephbury, AS",69983,301-707-6509,17,20,15,19
43351206,Samuel Richard,male,28,samuel.richard@gmail.com,"14667 Jessica Bypass Apt. 034, Daltonville, OK",97250,979-828-1767,12,14,17,13
70514716,Jimmy Gentry,male,26,jimmy.gentry@gmail.com,"644 Austin Island, New Laurenland, NH",11846,236-318-4633,7,9,11,13
53791721,William Roy,male,25,william.roy@hotmail.com,"2603 Turner Plains, Fishershire, NJ",67891,140-736-9531,10,15,7,8
84430159,Russell Maldonado,male,19,russell.maldonado@hotmail.com,"37243 Jerry Islands Apt. 768, South Bill, MN",90090,870-622-3538,7,17,12,13
57020239,Xavier Edwards,female,28,xavier.edwards@gmail.com,"504 Price Wall, North Franciscoton, VT",14452,468-458-9935,16,17,8,13
9087873,Todd Vega,male,24,todd.vega@hotmail.com,"751 Black Loop Apt. 484, New Michaeltown, TN",94504,420-991-1428,14,12,17,8
32866072,Tracy Crawford,male,21,tracy.crawford@hotmail.com,"668 Kelly Wall Apt. 610, New Diana, DE",19362,959-970-6405,8,18,15,11
75480639,Lance Simmons,male,23,lance.simmons@hotmail.com,"19862 Jeffrey Station Apt. 998, Hernandezshire, MH",42781,442-883-6592,18,15,7,12
44901842,Marcus Woods,male,21,marcus.woods@hotmail.com,"25800 Deleon Lodge Suite 117, South Melissafurt, OK",88000,861-888-7907,12,17,19,12
89326977,Amber Mcdaniel,male,24,amber.mcdaniel@gmail.com,"2064 Roth Ford, Robertville, WA",24836,367-929-5942,20,15,10,14
12031175,Nichole Sanders,female,21,nichole.sanders@gmail.com,"6109 Smith Drive, Clarkechester, ND",47696,102-354-1226,14,18,20,12
23777450,Jose Graham,male,27,jose.graham@hotmail.com,"528 Andrew Forges, Port Zachary, PR",66607,176-221-8683,15,19,7,17
18466906,Dale Kim,female,19,dale.kim@hotmail.com,"30157 Brent Mountain, Phelpsville, SD",4739,328-579-7562,19,14,7,19
45785952,Sandra Winters,female,27,sandra.winters@hotmail.com,"4104 Frank Villages Apt. 362, Jodyberg, ME",53262,650-218-7681,9,18,9,7
78447690,Regina Wilson,female,23,regina.wilson@hotmail.com,"7987 Foster Extensions Apt. 338, Jenniferfurt, DC",99630,629-531-4337,12,10,12,18
41296189,Robert Flynn,male,19,robert.flynn@gmail.com,"5908 Larry Inlet Apt. 226, North Apriltown, MH",64628,472-024-8733,11,10,18,9
50227652,Amy Wright,female,22,amy.wright@gmail.com,"2961 Evans Forge, Whitestad, NC",11027,063-232-2722,8,17,16,16
92066163,Morgan Mcguire,female,19,morgan.mcguire@gmail.com,"85884 Ross Plains Suite 738, Williamberg, NV",2037,878-985-5963,16,11,13,11
38267323,Catherine Bush,female,24,catherine.bush@hotmail.com,"132 Carol Island, Johnview, OR",57286,861-423-7981,15,8,11,10
90535670,Antonio Brooks,female,26,antonio.brooks@gmail.com,"1558 Timothy Pine, South Lisachester, VI",19046,636-471-7451,9,7,10,10
2477122,Colton Dickson,female,23,colton.dickson@gmail.com,"77724 Dawn Mews, West Jamieberg, KY",12320,721-448-1722,7,19,18,19
54406533,Melissa Bryant,female,20,melissa.bryant@hotmail.com,"627 Ronald Island, Port Leemouth, PR",40631,837-116-3337,19,9,7,10
28781004,Theresa Bennett,female,24,theresa.bennett@gmail.com,"0827 Jennifer Lodge, Juliemouth, MA",87019,909-201-8405,7,18,15,15
44255604,Jacob Robinson,male,22,jacob.robinson@hotmail.com,"003 Debra Fields Apt. 382, Port Curtishaven, WA",88022,722-530-3819,15,7,13,11
99452825,Robert Camacho,female,24,robert.camacho@gmail.com,"41940 Mcdaniel Curve Suite 316, Walkershire, NY",4767,534-130-7533,9,16,19,19
67256647,Vanessa Bender,male,24,vanessa.bender@gmail.com,"56925 Laura Creek Apt. 075, South Lauren, NY",39446,551-548-3835,20,19,8,12
13498006,Michelle Martin,male,24,michelle.martin@hotmail.com,"995 Brandy Turnpike Apt. 535, Alexandershire, FM",66962,664-652-9181,8,9,8,11
26842226,Kristie Jones,male,22,kristie.jones@gmail.com,"382 Gavin Springs Apt. 393, Kingstad, SD",10485,211-777-1435,16,19,14,13
7471951,Pamela Hoover,female,21,pamela.hoover@gmail.com,"636 Santana Orchard, South Stevenville, ND",80473,584-853-7816,17,9,9,15
79658589,Christopher Mills,male,20,christopher.mills@gmail.com,"90780 Rodriguez Streets, Matthewsmouth, SD",60300,830-226-2207,10,10,13,10
2609676,Michael Williams,male,24,michael.williams@gmail.com,"398 Parks Port, Sotoville, SD",30135,078-414-7321,20,19,19,16
6091165,William Castro,female,27,william.castro@hotmail.com,"522 Lewis Inlet Suite 723, Owenschester, AK",85426,699-049-6077,16,7,14,13
85517147,Robert Brown,male,28,robert.brown@hotmail.com,"189 Tina Cove Suite 761, Foxview, AR",1043,515-520-3831,13,7,7,15
34693795,Stephanie Salazar,male,20,stephanie.salazar@gmail.com,"013 Amy Expressway Suite 397, Russellstad, CT",98106,584-955-4828,14,9,9,12
26053341,John Mcdaniel,female,24,john.mcdaniel@hotmail.com,"544 Carlos Springs Apt. 157, South Kevinbury, FL",75034,442-034-1417,18,9,20,19
20960091,Christina Martinez,male,25,christina.martinez@gmail.com,"188 Danielle Isle, New Luismouth, RI",90410,992-567-9832,11,13,13,11
68912017,Jonathan Johnson,male,21,jonathan.johnson@hotmail.com,"801 Andrea Alley Apt. 758, Johnsonberg, MN",65582,472-346-8183,10,13,15,13
15670768,Tasha Burke,female,22,tasha.burke@hotmail.com,"396 Sparks Mountains Suite 715, Port Brandon, NV",76557,671-965-0362,13,8,20,8
34282998,Jamie Richardson,female,23,jamie.richardson@gmail.com,"6555 Jason Spurs Apt. 774, Robinsonview, IN",13560,857-388-0187,9,19,18,18
49277789,George Smith,female,19,george.smith@hotmail.com,"9312 Jessica Estate Suite 734, Port Aaronton, CT",3157,219-271-1211,12,18,11,14
14273960,John Jones,male,27,john.jones@gmail.com,"83465 Christopher Mountain Suite 537, Bellland, WA",1173,079-247-2288,17,9,16,16
84927509,Adrian Clark,female,21,adrian.clark@hotmail.com,"176 Davis Stravenue Suite 749, New Danafort, AZ",17805,736-457-9622,10,16,17,8
26748395,James Madden,female,21,james.madden@hotmail.com,"85850 Karen Dale Suite 179, East Wesleyview, GU",76527,778-879-1829,15,20,15,17
45222785,Eric Nguyen,female,19,eric.nguyen@hotmail.com,"234 Ward Ridge Suite 928, Williamfurt, KS",7666,400-092-5036,16,8,17,15
53668759,Victoria Savage,female,28,victoria.savage@hotmail.com,"21672 Christopher Street, West Stephanie, AK",12547,480-610-0907,8,19,16,17
44366575,Kristina Bradley,male,26,kristina.bradley@gmail.com,"06329 Javier Meadows, Collierbury, MP",55650,995-240-7213,18,14,20,12
34823415,Amber Fleming,male,27,amber.fleming@hotmail.com,"45239 Howard Islands, South Marvin, MN",77116,637-034-1969,9,8,7,20
58952325,James Price,male,27,james.price@hotmail.com,"8403 Jeffrey Vista, Banksbury, WV",2241,237-204-7996,11,17,12,10
9470786,Jeffrey Blankenship,female,22,jeffrey.blankenship@hotmail.com,"111 Joseph Branch Apt. 229, Huntfurt, AL",93978,551-236-9935,12,9,11,11
31898118,Andrew Wiley,female,19,andrew.wiley@gmail.com,"1476 Brenda Extension, New Richardborough, IN",97390,500-911-2884,16,10,11,10
70820346,Alan Miller,male,23,alan.miller@gmail.com,"310 Ashley Via Apt. 100, Harrisonview, TX",99761,391-051-8453,10,15,15,7
58521295,Daniel Barber,female,27,daniel.barber@gmail.com,"761 Katherine Street Suite 887, West Dennis, VT",94950,884-033-5702,20,10,8,16
72421199,Jill Nelson,female,28,jill.nelson@gmail.com,"711 Thompson Curve, New George, VT",47237,803-730-8563,11,8,9,12
77861841,Mark Harris,male,25,mark.harris@hotmail.com,"11534 Pamela Road Apt. 902, South Madeline, VT",52889,098-115-1536,13,12,7,18
73045454,Christopher Griffin,male,23,christopher.griffin@gmail.com,"1385 Elizabeth Grove, Toddhaven, IN",15635,439-443-7964,16,9,10,17
85383985,Jessica Schultz,male,20,jessica.schultz@hotmail.com,"7093 Barber Loop, Kingberg, MT",6862,098-277-9695,7,12,13,15
88320745,Pamela Wood,female,24,pamela.wood@gmail.com,"50722 Marcus Roads Apt. 367, New Kaitlynstad, ND",18173,651-696-0709,17,7,18,10
30431545,Bradley Saunders,male,19,bradley.saunders@gmail.com,"297 Dawn Divide, Cooperside, NE",3163,350-397-0606,20,9,16,18
17110337,Gregory Jones,male,21,gregory.jones@hotmail.com,"34754 Stephanie Point Apt. 270, Port Jonathanborough, LA",43956,227-371-2398,16,7,7,7
11596486,Danielle Rowe,female,24,danielle.rowe@hotmail.com,"289 Christine Unions, Freemanview, FM",62998,348-784-9924,14,15,10,9
23495355,Julie Coleman,male,19,julie.coleman@gmail.com,"899 Barbara Keys Suite 610, Anthonyside, GU",94617,958-572-6666,17,20,10,15
86775783,Michael Andrews,male,21,michael.andrews@hotmail.com,"886 Gregory Terrace Apt. 725, New Stevenborough, OH",6045,510-813-3946,13,18,13,18
48080384,Anthony Harris,female,22,anthony.harris@gmail.com,"806 Victor Road, East Keithstad, PW",21488,031-563-2942,11,14,11,14
91202819,Jerry Chapman,female,21,jerry.chapman@hotmail.com,"418 Pope Groves, East Erinshire, OK",64864,619-287-4178,13,17,18,7
83330876,Bradley Kaiser,male,25,bradley.kaiser@hotmail.com,"9286 Peters Fields Suite 168, Raymondfort, NE",91040,301-913-2650,16,19,8,17
21142529,William Wood,male,25,william.wood@gmail.com,"57283 Steven Unions Suite 078, Brewerfort, TN",32100,864-505-7259,11,14,9,7
22583158,Jesus Monroe,female,23,jesus.monroe@hotmail.com,"21030 Jocelyn Ports Suite 958, North Paulshire, PA",78825,189-084-2999,7,17,8,14
85369658,Jerry Olsen,female,25,jerry.olsen@hotmail.com,"622 Chung Throughway, Gregoryburgh, FL",82203,983-629-6329,20,13,18,17
23420877,Jonathan Morrow,male,23,jonathan.morrow@hotmail.com,"16754 Steven Place, North Yvettestad, CT",78637,091-416-5865,8,7,7,18
77629756,Cheryl Gonzales,male,20,cheryl.gonzales@gmail.com,"6546 Rodriguez Union Apt. 627, Markmouth, CA",58912,751-451-6430,19,8,14,8
28653468,Maria Miller,male,27,maria.miller@hotmail.com,"78129 Albert Run, Jennifershire, NH",27902,308-720-6342,10,11,7,16
42934770,Scott Buck,male,25,scott.buck@hotmail.com,"941 Chad Inlet Suite 122, Stephenland, RI",62475,720-964-6887,10,13,11,18
59324407,Wayne Wade,female,19,wayne.wade@hotmail.com,"40167 Doris Glen Suite 139, Katieborough, RI",9387,288-758-6804,8,16,18,20
3377615,Nicholas Andrews,male,19,nicholas.andrews@gmail.com,"233 Audrey Row, Lake Mary, PW",46946,796-896-7990,9,12,19,11
12431175,Megan Perry,female,26,megan.perry@gmail.com,"676 Wilkins Crossroad, New Sharon, IN",55415,318-374-2187,13,18,15,15
38139224,George White,female,26,george.white@hotmail.com,"053 Soto Branch Apt. 374, Coleville, TN",17656,998-405-6598,14,11,20,14
42187945,Mary Morris,female,21,mary.morris@hotmail.com,"1911 Woods Road Suite 825, North Rachelview, NE",970,118-973-7832,15,9,7,17
64812896,Audrey Ross,male,25,audrey.ross@hotmail.com,"797 Cheryl Cape Apt. 259, Murrayborough, UT",17687,191-814-6047,9,8,14,13
9756343,Elaine Lee,male,25,elaine.lee@hotmail.com,"03500 Taylor Shoals Suite 825, Mariaside, MA",53395,142-954-6694,10,9,10,7
36399001,Steven Thompson,female,21,steven.thompson@hotmail.com,"59788 Bennett Extension, North Michellebury, NC",89089,925-574-7926,16,8,11,8
10790185,David Mullins,male,27,david.mullins@gmail.com,"7096 Zuniga Crossroad, Jenniferside, IL",55154,676-133-0138,16,19,16,7
61783231,Darren Schwartz,female,27,darren.schwartz@hotmail.com,"5643 Smith Stravenue Apt. 290, Bergborough, KY",60586,070-884-5559,11,15,14,15
33713171,Emily Patrick,female,28,emily.patrick@gmail.com,"90057 Mills Drives, West Connie, CT",68703,262-647-2159,10,11,7,15
78882947,Isaac Andrade,female,27,isaac.andrade@gmail.com,"55382 Petersen Trail, Kevinton, CA",57890,610-069-3246,19,20,8,18
72339994,Darrell Vaughn,female,19,darrell.vaughn@gmail.com,"9719 Burns Islands Apt. 057, Lake Michael, MP",93189,258-526-7232,7,14,13,18
2191390,Janet Nunez,female,28,janet.nunez@gmail.com,"51447 Brewer Rest, Port Amyfort, WY",42136,590-888-6739,8,18,8,16
82973228,Laurie Maldonado,male,25,laurie.maldonado@hotmail.com,"7082 Price Branch, North Jared, CO",34053,482-170-2301,16,11,17,12
65108014,Teresa Atkinson,male,23,teresa.atkinson@hotmail.com,"68087 Judith Manor, Adamshaven, SC",84464,300-126-6541,11,14,14,17
40759096,Patricia Harper,male,21,patricia.harper@gmail.com,"5957 Keith Lakes, Port Staciemouth, WA",59175,262-839-4097,16,17,16,16
45599103,Melvin Ingram,female,21,melvin.ingram@gmail.com,"3311 Gibbs Shore, East Debraburgh, MA",49269,317-048-0628,16,18,13,12
27880012,Lisa Vazquez,female,20,lisa.vazquez@gmail.com,"6863 Gonzalez Gardens, Burkeland, VT",31415,776-158-1195,11,15,17,14
33965629,Kevin Rodriguez,female,27,kevin.rodriguez@hotmail.com,"646 Davis Spurs Apt. 868, Lake Kathleenshire, OH",31521,631-071-0806,20,15,8,11
47038332,Ethan Delgado,female,25,ethan.delgado@gmail.com,"4810 Turner Neck Apt. 813, Joelport, WA",95384,353-051-6362,13,7,19,7
6590293,Natalie Mann,male,20,natalie.mann@hotmail.com,"44132 Matthew Mountain, Port Tiffany, ID",36850,146-512-6393,18,16,14,18
20063537,Ashley Brown,male,21,ashley.brown@gmail.com,"63088 Underwood Gardens, West Shelleyside, AR",82943,105-912-1840,10,14,18,18
19931409,Kelsey Walter,male,24,kelsey.walter@gmail.com,"74314 Marc Parkway Apt. 588, North Kurt, NE",9584,952-609-6408,9,17,16,18
76338690,Monica Sparks,male,21,monica.sparks@hotmail.com,"86619 Howard Radial Suite 541, Port Donald, CA",9695,322-040-9497,15,11,17,17
12049555,Rose Gutierrez,female,23,rose.gutierrez@hotmail.com,"493 Webb Motorway Suite 564, Washingtonborough, WI",31917,924-547-9709,13,16,13,16
26356512,Travis Faulkner,male,28,travis.faulkner@gmail.com,"299 Boyer Tunnel, Lake Melanie, ID",43716,993-233-8563,12,19,11,20
50666213,Abigail Rhodes,male,19,abigail.rhodes@gmail.com,"12942 Duncan Mall Suite 535, South Tyler, SD",60317,493-630-5522,15,18,13,13
23476309,Jennifer Ferguson,female,21,jennifer.ferguson@hotmail.com,"4732 Jennifer Loop, West Russellfort, NJ",37020,303-543-4127,12,9,13,12
95098450,Mary Holden,male,27,mary.holden@hotmail.com,"68669 Carrie Inlet, Reidland, NY",78179,433-008-1065,15,17,11,11
27355733,Jerry Patterson,female,22,jerry.patterson@gmail.com,"75029 Nicole Park Suite 029, Cynthiashire, WV",53735,487-426-5227,13,10,17,20
33474652,Tabitha Spencer,male,19,tabitha.spencer@gmail.com,"76112 Jennifer Springs Suite 418, South Erin, MP",46113,752-668-3707,8,14,17,14
72423242,Scott Kennedy,female,23,scott.kennedy@hotmail.com,"9518 Little Parkway Apt. 019, Vincentmouth, DE",59656,845-874-1665,10,19,20,9
19569988,Mary Williams,female,20,mary.williams@hotmail.com,"87315 Nelson Pine Apt. 422, Lynnmouth, ND",31828,694-955-3983,9,8,9,15
82871336,Edward Herring,male,19,edward.herring@hotmail.com,"72913 John Circles, Jacobberg, KY",46735,854-600-9977,16,19,16,15
3739886,Savannah Dixon,male,25,savannah.dixon@hotmail.com,"4821 Gibson Lane, Lake Lisaton, NM",40123,074-608-0127,20,12,15,13
56400458,Julian Roberts,female,23,julian.roberts@hotmail.com,"357 Rodney Park, Petersonburgh, CT",46951,457-880-6574,7,7,18,13
61261581,Carol Johnson,male,23,carol.johnson@gmail.com,"05612 Sanchez Square, Patriciaborough, FL",18993,997-530-5547,20,10,10,14
71977724,Brandy Mccall,female,25,brandy.mccall@gmail.com,"34480 Michael Divide Suite 251, Lauriemouth, LA",66715,950-814-8948,20,16,13,9
93888549,David Roberts,male,21,david.roberts@hotmail.com,"0712 Clark Valleys, Lake Albert, MS",48384,888-026-1285,15,13,18,10
52855973,Jennifer Wright,female,23,jennifer.wright@gmail.com,"86848 Haynes Burgs, Lake Melissa, AS",18445,199-706-8083,13,10,17,16
6369361,Amber Powell,male,27,amber.powell@gmail.com,"65698 Michelle Hill Apt. 550, East Christopher, SD",41653,162-760-8437,16,12,9,8
92561702,James Wilson,male,27,james.wilson@gmail.com,"694 Mia Corners Suite 112, Andreafort, WY",54458,019-632-8926,9,16,16,14
86372910,Stacey Ferguson,female,23,stacey.ferguson@gmail.com,"58059 Sanders Inlet, Port Manuel, IA",8171,940-180-0614,16,12,11,18
11905084,Donald Duke,female,23,donald.duke@gmail.com,"439 Henry Centers Suite 792, Jenniferhaven, GA",48949,853-416-7387,10,13,20,9
76182847,Mark Mann,male,22,mark.mann@hotmail.com,"96855 Kathryn Stream Apt. 142, New Austinstad, AK",29948,107-336-2619,9,9,12,10
3199173,Caroline Pugh,male,19,caroline.pugh@hotmail.com,"704 Love Street, East Markberg, GA",54655,272-010-2774,15,17,12,12
54790083,Hannah Williams,male,24,hannah.williams@hotmail.com,"2302 Bender Valleys Apt. 186, New Lauren, AR",74467,963-863-2915,17,18,17,10
99251750,Natalie Brown,female,25,natalie.brown@gmail.com,"5946 Hunt Hollow Apt. 694, West Joyfurt, OR",86213,429-311-9049,9,17,14,14
97209964,Christian Chandler,female,23,christian.chandler@gmail.com,"72399 Simpson Keys Apt. 163, Tiffanyshire, AR",77883,967-681-8529,7,20,10,7
43855928,Jessica Snyder,male,19,jessica.snyder@hotmail.com,"6459 Williams Bypass Apt. 744, Burkemouth, WY",96097,559-388-3281,10,19,12,7
48277051,Carl Smith,female,27,carl.smith@gmail.com,"005 Mcdonald Keys, Webbside, CA",50335,933-056-4015,7,13,9,18
78905932,John Benitez,male,28,john.benitez@gmail.com,"269 Adrienne Street Apt. 018, East Emilymouth, VI",46416,142-640-0329,9,17,8,19
70293133,Denise Holmes,female,26,denise.holmes@hotmail.com,"03406 Ballard Landing Apt. 060, West Alexbury, PA",17509,326-258-7354,12,20,9,9
12639478,Sonia Mitchell,female,20,sonia.mitchell@gmail.com,"774 Hill Port Suite 400, Port James, LA",21651,977-948-7634,18,19,13,11
41519608,Robin Hull,male,20,robin.hull@hotmail.com,"70756 Brown Plains Suite 402, East Robert, CO",17673,198-850-5764,7,15,9,7
21034798,Robert Lopez,male,26,robert.lopez@hotmail.com,"681 Wright Lock, Jerrychester, NE",10782,783-330-4066,13,14,14,14
41579141,Karen James,male,23,karen.james@gmail.com,"1653 Benson Springs, Daviston, CO",91486,566-052-7875,16,15,8,13
19688854,Teresa Carr,male,21,teresa.carr@hotmail.com,"7973 Barrett Ramp, Lopezhaven, OR",38953,175-983-7320,11,16,7,7
27406341,Natalie Butler,male,22,natalie.butler@hotmail.com,"077 Hughes Bridge Suite 778, Port Natashashire, NJ",42942,933-496-5013,9,20,12,15
87167438,Kristina Hernandez,male,25,kristina.hernandez@gmail.com,"891 Wilson Curve, Port Andreabury, DC",70790,482-820-6197,19,17,12,18
72686693,Jimmy Mitchell,male,23,jimmy.mitchell@hotmail.com,"438 Fuller Pines Suite 368, Ashleyhaven, HI",25351,061-692-7581,11,19,17,13
3304210,David Peterson,female,25,david.peterson@gmail.com,"009 Samuel Heights Suite 067, Lake Tiffany, NJ",26249,149-436-7767,18,17,11,19
82225489,Anthony Gould,female,27,anthony.gould@gmail.com,"641 Meyers Ways Apt. 452, West Michelle, AS",40782,497-955-8342,19,18,12,10
52780296,Alice Jackson,female,21,alice.jackson@hotmail.com,"02363 Carrie View, Vanessamouth, VI",22938,748-461-6427,20,13,17,11
66314249,Julie Hebert,female,19,julie.hebert@gmail.com,"30430 Sherry Corner Suite 290, East Jenniferberg, VT",59951,960-219-1311,14,18,10,9
54024031,Tiffany Smith,male,23,tiffany.smith@gmail.com,"8832 Wilson Plain Suite 245, West Marieville, GA",49314,683-060-1053,8,12,16,10
98996354,Mckenzie Butler,female,19,mckenzie.butler@gmail.com,"68886 Morris Well, South Collinland, MI",91424,121-956-8662,13,15,19,8
59735922,Christine Olsen,female,20,christine.olsen@gmail.com,"370 Carlson Ferry, Wilsontown, IA",21605,068-516-2670,20,15,15,14
54673141,Levi Jones,female,19,levi.jones@hotmail.com,"0163 Olivia Grove Apt. 174, East Brian, VA",75635,081-763-1219,18,8,8,12
78663961,Stacy Taylor,female,21,stacy.taylor@gmail.com,"315 Katie Track, South Paul, MP",48849,727-301-0714,9,11,8,8
24981723,Charles Bender,female,24,charles.bender@hotmail.com,"18412 Hamilton Course, West Alejandraside, CO",13220,575-334-3894,8,17,16,10
99915086,Annette Castillo,female,26,annette.castillo@gmail.com,"30446 Gonzalez Club Apt. 091, Elizabethberg, NM",66474,434-810-3278,9,8,14,15
11504027,Michael Mcdaniel,female,24,michael.mcdaniel@gmail.com,"583 Lewis Flat, Lake Ryan, CO",35396,808-409-9757,7,16,17,14
14418011,Danielle Walker,female,27,danielle.walker@hotmail.com,"27780 Brewer Station, Lauraburgh, IN",43657,759-210-6748,19,9,11,17
20555325,Brian Brown,female,26,brian.brown@gmail.com,"04243 Melissa Grove, North Andreabury, GU",33250,242-127-4656,12,18,10,9
25326614,Brittany Noble,male,23,brittany.noble@gmail.com,"69547 Russell Estates Apt. 340, Wilkinsmouth, WV",76508,902-426-3497,16,12,7,15
97571876,Jessica Reynolds,female,28,jessica.reynolds@hotmail.com,"763 Fernandez Heights Apt. 352, Taraside, WV",16647,228-748-1110,12,9,16,8
86431915,Kenneth Richardson,female,21,kenneth.richardson@gmail.com,"044 Mark Canyon, Lake Erikland, CT",77793,020-238-3840,12,20,12,16
81703324,Belinda Porter,male,25,belinda.porter@hotmail.com,"4675 Curtis Estate Suite 109, Port Ray, MD",59953,845-737-9070,18,14,16,13
52506548,Paul Gonzales,male,24,paul.gonzales@gmail.com,"7634 Durham Key Suite 731, West Crystal, KS",22661,156-951-6755,13,20,10,10
94363052,Paula Thompson,female,24,paula.thompson@hotmail.com,"1462 Mercado Shoal, Lake Brendahaven, LA",16075,240-367-3736,16,18,20,14
64311472,Melanie Harris,male,19,melanie.harris@gmail.com,"66563 Gray Mountain Suite 236, Johnborough, ND",64955,912-287-1506,20,13,15,12
63951007,Benjamin Phillips,female,25,benjamin.phillips@gmail.com,"671 Yoder Way Apt. 481, Melissaview, IL",24431,840-038-9920,10,10,19,7
91876969,Johnathan James,male,28,johnathan.james@gmail.com,"14029 Schneider Key, New Richard, MS",6375,777-077-9779,13,16,19,7
25525391,Michael Avila,female,26,michael.avila@gmail.com,"43199 Beck Plains, Robertville, NY",54260,881-364-2908,16,15,14,18
46384051,Jacob Mercado,male,19,jacob.mercado@gmail.com,"7024 Gregory Stravenue Suite 750, Lake Nicholasland, PR",3335,769-868-1247,7,7,13,16
57775026,Juan Washington,female,21,juan.washington@hotmail.com,"0845 Jones Island Suite 488, Port Chloeburgh, LA",90573,935-033-8861,16,19,13,17
47328576,Rachel Kirby,male,24,rachel.kirby@gmail.com,"470 Owen Gardens Apt. 366, Howardfort, UT",42960,649-229-1227,11,15,8,10
92971842,Gloria Spencer,female,24,gloria.spencer@gmail.com,"08763 Brian Manor Suite 638, Jenkinsport, OK",71952,090-875-9729,12,9,8,7
41990428,Dana Lee,female,21,dana.lee@hotmail.com,"615 Cheryl Walk, Lake Anthonyberg, NM",80064,166-027-7493,10,19,7,17
49694840,Bridget Shah,male,27,bridget.shah@hotmail.com,"496 Aguirre Plains, Andreatown, IL",11916,498-998-9074,17,13,20,20
45956694,Richard Hill,female,19,richard.hill@gmail.com,"3414 Johnston Fords Suite 095, Kevinmouth, MT",41083,231-017-3796,15,19,20,9
91350132,Anthony Patel,male,26,anthony.patel@hotmail.com,"87934 Austin Skyway Suite 033, Lake Ellen, LA",3608,680-090-8245,14,18,16,10
71288321,Erica Morales,male,27,erica.morales@hotmail.com,"0182 Brian Square, South Earlhaven, CT",26739,286-295-5098,14,19,17,9
23301571,Timothy Beasley,male,25,timothy.beasley@hotmail.com,"58956 Timothy Unions, Katherineburgh, FL",95821,610-528-9672,13,11,8,7
44662187,Mary Walsh,female,24,mary.walsh@hotmail.com,"236 Jeff Ridges, Port Jessicaport, HI",98060,109-526-9088,14,19,12,12
59346626,Michael Harris,female,24,michael.harris@gmail.com,"3076 Michelle Gateway Suite 082, West Davidfurt, NJ",78028,614-510-0594,14,20,7,13
17270278,Anne Peterson,male,28,anne.peterson@hotmail.com,"289 Davis Curve, North Willie, MI",19348,403-749-9122,18,10,14,16
8526932,Daniel Fletcher,male,22,daniel.fletcher@hotmail.com,"084 Barry Road, Matthewfort, ND",62383,363-853-7618,14,20,17,11
8265867,Bradley Thompson,male,27,bradley.thompson@gmail.com,"98800 Beth Fields, East Maryville, KY",31435,579-966-9606,13,11,14,12
20496298,Victoria Fitzpatrick,male,25,victoria.fitzpatrick@gmail.com,"468 Russell Prairie, Burchfurt, WA",10118,798-295-2378,10,16,14,11
19863255,Philip Conway,female,19,philip.conway@gmail.com,"8990 Anderson Island Suite 684, South Rachel, MP",10174,273-718-2264,19,17,19,10
56397631,Kimberly Perez,female,26,kimberly.perez@gmail.com,"63661 Arnold Lodge Suite 236, Jasonchester, WV",84406,892-445-5239,18,14,8,20
11531437,Denise Robertson,female,19,denise.robertson@gmail.com,"49613 Wood Keys Suite 363, East Sandra, ID",84225,434-564-6171,8,18,17,15
16714432,Michael Terrell,male,25,michael.terrell@hotmail.com,"792 Harris Way Apt. 208, Williamstown, RI",11950,254-024-3279,9,12,10,15
24027045,Stephen Smith,female,28,stephen.smith@hotmail.com,"59042 Jones Stravenue, Dodsonburgh, ID",83281,509-271-0570,13,9,12,20
40687022,Jessica Erickson,male,19,jessica.erickson@gmail.com,"103 Lowe Fields, Rachelshire, FM",97596,911-494-8833,11,9,9,12
62710411,Cynthia Ortega,male,19,cynthia.ortega@gmail.com,"0718 Lauren Springs Apt. 547, Mannfurt, MD",61226,968-411-9413,12,17,16,16
13522835,Wendy Carter,female,23,wendy.carter@hotmail.com,"39589 Peggy Fords Apt. 470, Torresshire, AL",68044,831-812-2995,7,10,12,12
15515437,Bruce James,male,28,bruce.james@hotmail.com,"7800 Murray Meadow Apt. 746, Sampsonport, ID",85757,882-295-9194,15,17,18,15
9335815,James Chaney,female,19,james.chaney@hotmail.com,"79722 Cox Coves Apt. 469, Joelville, ID",39008,105-829-2675,8,16,19,7
5149083,Jessica Wilson,female,19,jessica.wilson@gmail.com,"52432 Griffin Throughway Suite 996, Morristown, ND",35891,812-760-9018,11,9,12,7
28332848,Mary Burton,female,21,mary.burton@gmail.com,"2513 Robert Via Suite 446, Lake Leah, FL",95355,913-734-2630,12,11,20,7
37710325,Dana Munoz,female,20,dana.munoz@gmail.com,"489 Stephen Forges Suite 879, Brandichester, MS",1580,120-283-9805,7,19,13,19
36444161,David Wright,male,25,david.wright@gmail.com,"55786 Maddox Forge, East Alicia, MO",32771,312-841-0719,18,10,13,20
68404245,Justin Ward,female,24,justin.ward@gmail.com,"674 Gonzalez Mountain, Daniellefort, VI",21599,419-268-8975,12,7,17,17
12841335,Linda Stone,female,23,linda.stone@gmail.com,"54251 Fowler Road Apt. 019, Lake Robertport, GU",18288,939-711-0692,17,19,9,17
43829322,Bailey Mcguire,female,23,bailey.mcguire@gmail.com,"3743 Joseph Lodge Suite 182, Wilsonmouth, VA",88585,860-188-6012,10,17,15,12
93570252,Logan Williams,female,28,logan.williams@gmail.com,"93273 David Groves Apt. 614, Nicholasbury, SC",57115,056-392-5620,16,13,9,14
84706614,Michael Martinez,female,21,michael.martinez@gmail.com,"0547 Angela Turnpike, New Edwin, IA",21704,828-946-2903,7,16,14,8
53884649,Richard Carpenter,male,23,richard.carpenter@hotmail.com,"0740 Wright Meadows Apt. 225, Ashleyfurt, PA",43525,669-467-2593,20,19,12,12
49097899,Andrew Spears,male,19,andrew.spears@gmail.com,"966 Todd Cliffs, West Scott, PA",29862,619-471-2740,16,12,16,17
46705798,Barbara Knapp,male,21,barbara.knapp@hotmail.com,"718 Dickson Rue Suite 874, Kellyborough, GU",78669,763-704-3665,18,12,18,20
69200335,Brooke Stout,male,26,brooke.stout@gmail.com,"97981 Simmons Throughway, Elliottfort, CO",9421,307-183-3019,16,12,12,19
77442480,Andre Barrett,female,27,andre.barrett@gmail.com,"5392 Conner Forges, Chaseburgh, NV",84226,390-362-3181,9,16,20,16
86031713,Timothy Ware,female,25,timothy.ware@hotmail.com,"632 Thomas Park Apt. 543, Millerview, KS",2944,999-084-7857,19,18,12,20
96559013,Jerry Allen,female,26,jerry.allen@gmail.com,"89053 Smith Gateway, Houstonshire, NV",20303,570-745-9080,15,10,19,14
19574639,Eric Robbins,female,22,eric.robbins@gmail.com,"290 Fuentes Villages Suite 820, West Brianstad, VA",50511,483-584-8061,14,8,14,7
51948005,Michael Reilly,female,22,michael.reilly@gmail.com,"318 King Extension Apt. 970, Lake Craigshire, WY",14930,157-781-4101,14,17,20,14
17264906,Sharon Hill,male,19,sharon.hill@hotmail.com,"2589 Perez Run, North Chelseaton, OH",32019,146-866-8626,16,12,14,18
81050554,Theresa Duarte,male,26,theresa.duarte@hotmail.com,"385 Hannah Trafficway, Vanessamouth, ID",53432,754-031-6920,15,12,20,9
60186802,Scott Roberts,female,26,scott.roberts@gmail.com,"69069 Perez Junction, Jenkinsfort, NC",69510,196-712-6416,7,8,18,16
33101981,Danielle Brooks,female,19,danielle.brooks@gmail.com,"42667 Bonnie Spur Apt. 737, New Timothy, FM",28305,694-329-9619,13,17,9,14
34378320,Kelly Cantu,male,19,kelly.cantu@gmail.com,"946 Molly Dale, Port Jacqueline, NH",25218,306-415-0928,13,7,10,9
45690304,Jeffrey Keller,female,26,jeffrey.keller@gmail.com,"044 David Passage, Brianside, MN",13021,915-491-2356,9,7,15,9
37550456,Troy Scott,male,22,troy.scott@hotmail.com,"963 Knight Knoll Suite 875, North Deborahtown, NE",60427,590-920-8757,9,19,7,10
15911777,Nicholas Sanchez,male,26,nicholas.sanchez@hotmail.com,"21327 Luna Road Apt. 486, Jeffreyport, DC",22974,044-493-3114,12,16,8,14
78542965,Joshua Jimenez,male,27,joshua.jimenez@gmail.com,"2528 Nguyen Station, East Aaron, LA",68449,334-110-4299,9,17,16,10
24450189,Philip Flores,male,27,philip.flores@gmail.com,"95410 Corey Square Suite 330, East Christina, PW",52335,666-742-5046,8,11,7,17
34670942,Andrew Powers,female,19,andrew.powers@gmail.com,"34766 Brandy Knolls Suite 639, Lindseyville, CT",10695,723-719-7762,20,7,8,13
90886508,Sherri Johnson,male,27,sherri.johnson@gmail.com,"7974 Cody Road Suite 728, Jasontown, WY",35439,151-417-6511,16,12,15,12
48050440,Lynn Patel,male,19,lynn.patel@hotmail.com,"746 Wilson Fields Suite 168, Lake Cindy, IN",1862,111-750-5302,10,19,14,8
57811891,Joshua Francis,male,25,joshua.francis@hotmail.com,"354 Odom River Suite 756, North Tabithaton, NJ",63984,025-290-5062,19,10,9,10
16646150,Susan Obrien,male,26,susan.obrien@gmail.com,"5865 Smith Parkways Suite 349, South Lancemouth, ID",95114,316-423-5812,9,9,16,16
54325898,Brian Hunter,female,25,brian.hunter@gmail.com,"62300 Elliott Shores Apt. 815, South Christopher, CA",78796,191-911-3567,17,19,9,20
76047974,Micheal Roberts,male,24,micheal.roberts@hotmail.com,"8670 Christopher Forges Apt. 800, Walkerview, HI",79338,628-382-6426,19,14,13,20
87096014,Cameron Morris,male,27,cameron.morris@hotmail.com,"8007 Austin Forest Apt. 227, North Markbury, IN",16644,632-322-9208,19,12,12,17
98758825,Jamie Peters,male,19,jamie.peters@gmail.com,"8597 Richardson Isle Suite 794, East William, SD",95406,072-106-4476,17,11,19,20
79998270,Jacob Clarke,male,25,jacob.clarke@gmail.com,"812 Thomas Trace Apt. 343, Lake Veronica, MP",18830,436-822-2764,10,11,11,9
76426511,Megan Baker,male,25,megan.baker@hotmail.com,"76989 Craig Creek, Deanmouth, TN",15212,711-352-5378,18,7,14,12
87860178,Kristin Taylor,male,23,kristin.taylor@hotmail.com,"1365 Steven Parkways Apt. 734, New Stephenhaven, OR",90365,099-193-7631,11,10,12,12
65129748,Desiree Cantu,male,28,desiree.cantu@hotmail.com,"888 Barnes Course, Port Sean, DC",48988,428-786-0593,20,13,14,14
37612611,Jennifer Haynes,female,25,jennifer.haynes@gmail.com,"252 Cindy Stravenue, Walkerfurt, PA",81264,103-586-7311,11,14,13,7
7833868,James Lamb,female,26,james.lamb@gmail.com,"352 Adam Wells Suite 518, Brittanyfort, PA",98243,439-681-0103,13,11,12,20
41587704,Daniel Mcconnell,male,25,daniel.mcconnell@hotmail.com,"0683 Cortez Street, Williamsfurt, TX",40629,007-004-7649,9,18,13,9
16147851,Bryan Padilla,female,28,bryan.padilla@hotmail.com,"3203 Scott Row, Ronnieport, GU",13435,807-836-8026,9,12,13,8
17006468,Ronald Mooney,female,22,ronald.mooney@gmail.com,"41197 Frost Fort, Barkermouth, ID",92845,483-602-1695,15,11,10,13
19266353,Caitlin Arellano,female,20,caitlin.arellano@hotmail.com,"4057 Thomas Point Suite 315, Stanleyside, MH",65125,443-393-6134,10,13,7,13
91310943,Sarah Roberts,male,20,sarah.roberts@hotmail.com,"5476 Kent Park Apt. 141, Marymouth, PR",86952,714-211-0847,12,9,10,8
11317951,Joyce Smith,female,24,joyce.smith@hotmail.com,"297 Elizabeth Stravenue, Margaretfurt, SC",86387,384-002-2502,9,11,8,11
5984332,John White,male,27,john.white@gmail.com,"63425 Stone Orchard Apt. 771, West Jamesville, TN",29494,057-195-8130,11,17,7,15
26928068,Kathy Jones,male,21,kathy.jones@gmail.com,"3659 Mikayla Junction, New Hollyberg, TX",41662,599-996-9272,17,14,13,15
2623607,Stephen Knight,female,25,stephen.knight@hotmail.com,"170 Tracy Knolls, Crosschester, AS",17105,355-627-2696,13,11,12,11
73667644,Brian Edwards,female,19,brian.edwards@hotmail.com,"0601 Duane Inlet, Port Angela, NV",92046,065-382-1006,12,9,16,9
20750749,Wendy Yu,female,21,wendy.yu@hotmail.com,"78687 John Wells Suite 272, Thompsontown, MN",35688,086-344-0432,16,15,19,16
38986735,Shawn Kelly,female,20,shawn.kelly@gmail.com,"0105 Jeffrey Circle, Amandastad, LA",86245,901-349-3009,14,13,12,17
31374081,Ronald Perry,male,21,ronald.perry@gmail.com,"1037 Bridges Trace Apt. 152, Port Annabury, ME",46322,859-531-2815,15,19,14,11
1204564,Thomas Robinson,female,22,thomas.robinson@gmail.com,"90942 Timothy Vista, Munozfurt, NJ",23704,537-041-8331,14,12,12,16
62700743,Jennifer Allen,female,28,jennifer.allen@hotmail.com,"760 Blackwell Glen, Sanchezton, CT",42954,159-396-0335,7,8,18,13
52390905,Gabriela Orozco,male,22,gabriela.orozco@gmail.com,"9453 Kirk Well Apt. 052, South Matthewtown, PW",40662,844-848-3567,19,12,13,19
56761503,Alyssa Smith,male,21,alyssa.smith@hotmail.com,"57045 Costa Dam, North Amanda, NJ",55174,425-679-5037,17,18,10,12
79387131,Pamela Fuller,male,23,pamela.fuller@hotmail.com,"953 Tara Walk Apt. 649, Wardbury, UT",9988,667-248-3919,14,13,15,13
6239833,Austin Hamilton,male,27,austin.hamilton@gmail.com,"301 Cameron Lodge, North Sonia, WA",49160,805-654-8087,10,7,10,14
54840311,Katherine Davis,female,20,katherine.davis@gmail.com,"17581 Jessica Burgs Suite 138, South Michael, CA",95150,606-170-5244,7,12,19,20
52822741,Kevin Shaw,male,28,kevin.shaw@hotmail.com,"1562 Cabrera Mountains, South Brentfurt, VT",81215,769-138-5660,19,10,7,11
29479385,Stephen Conner,male,21,stephen.conner@gmail.com,"738 Johnson Villages, Lake Marcusstad, FM",25538,749-499-4121,12,16,18,8
34936440,Christopher Johnson,male,22,christopher.johnson@hotmail.com,"2647 Kemp Way Apt. 427, Bryantside, CO",89336,399-506-9985,14,16,20,11
14352808,Allen Martinez,female,19,allen.martinez@gmail.com,"35929 Williams Glen Suite 085, Taylorbury, NC",18637,017-044-3346,12,16,19,10
84382832,Jonathon Medina,male,25,jonathon.medina@gmail.com,"58534 Rosales Manor Suite 672, Cervantesfurt, MH",63774,894-188-7581,15,18,9,10
22219233,Michael Powell,male,22,michael.powell@gmail.com,"419 Hull Coves, Lake Maryfurt, PW",75568,959-666-0241,7,7,17,17
69722798,Jose Moyer,female,21,jose.moyer@gmail.com,"232 Lewis Vista Suite 351, New Tony, WV",54652,092-780-6186,11,13,7,15
69636209,Brittany Baldwin,female,19,brittany.baldwin@gmail.com,"67788 Gonzalez Prairie Apt. 375, West Kathleentown, AL",51886,994-514-9465,12,13,18,8
90590181,Brett Rodriguez,male,25,brett.rodriguez@gmail.com,"083 Christopher Bridge Suite 301, Domingueztown, KY",43316,404-654-9132,7,17,19,15
70956143,Shannon Larsen,female,25,shannon.larsen@hotmail.com,"9804 Jackson Circle, South Patriciahaven, HI",30364,178-594-8909,19,20,11,13
83227375,Kristine Moyer,female,27,kristine.moyer@gmail.com,"29470 Brandon Landing, Austinfort, NH",88162,101-489-3761,16,9,18,12
52420580,Michelle Simmons,male,20,michelle.simmons@hotmail.com,"5676 Martinez Valleys Apt. 384, Christinefurt, FL",57581,434-321-4553,8,13,12,11
33663699,Brian Hall,female,23,brian.hall@hotmail.com,"5405 Jonathan Junction, Blackborough, IL",48644,162-416-8490,18,16,19,10
62874951,Bryan Stewart,female,27,bryan.stewart@gmail.com,"86526 Strong Plaza Suite 863, Port Ricky, MN",5484,827-279-5862,13,15,18,10
25194863,Stanley Garza,male,26,stanley.garza@hotmail.com,"992 Benson Road, Turnerport, WV",10509,059-979-4836,7,19,20,11
53372552,Michael Howard,male,25,michael.howard@gmail.com,"974 Karen Squares Suite 976, Samanthaport, KS",74225,038-190-2663,10,19,15,19
97633813,Lisa Delgado,female,26,lisa.delgado@gmail.com,"61439 Burns Groves, East Brittany, AR",38381,120-872-4614,10,7,19,9
76937610,Jesus Valdez,male,21,jesus.valdez@gmail.com,"2697 Jessica Knolls, West David, MP",3120,496-761-3658,19,12,20,10
67105249,Brenda Riley,female,28,brenda.riley@gmail.com,"055 Meyers Mountains Suite 426, Kristenville, MA",69915,548-634-6529,19,7,15,11
96340472,Tyler Small,female,23,tyler.small@hotmail.com,"1011 Henry Club Suite 272, Port Veronica, SC",83847,256-152-4877,11,7,15,9
11410109,Christine Rodriguez,male,21,christine.rodriguez@gmail.com,"9041 Rowland Route, Batesview, VI",93624,282-090-7940,7,8,17,18
96986104,Ashley Wu,female,26,ashley.wu@hotmail.com,"031 Kimberly Villages Apt. 456, New Debra, AK",20554,072-568-1008,17,8,19,17
45915025,Robert Stevens,female,19,robert.stevens@gmail.com,"150 Pacheco Burg Suite 595, Port Mary, SC",90981,709-912-0637,14,17,8,11
36028105,Alice Thompson,male,27,alice.thompson@gmail.com,"866 Kathleen Route, West Joy, NY",42678,572-019-6650,14,12,11,12
10680552,Megan Larson,female,25,megan.larson@gmail.com,"98499 Tim Manors, East Jessica, AR",34141,511-131-9031,18,11,20,8
10669470,Charles Daniels,male,28,charles.daniels@gmail.com,"980 Cruz Meadow, Lopezland, AL",58291,905-938-1761,13,14,16,7
31377067,Kevin Coleman,male,27,kevin.coleman@gmail.com,"550 Farmer Spur Suite 769, Lake Brittanyview, HI",64235,895-726-3233,20,18,7,8
63370043,Julia Jackson,female,28,julia.jackson@gmail.com,"5980 Stacie Brook, South Catherineburgh, MS",75477,046-431-7965,10,9,10,19
20848836,Teresa Cole,male,27,teresa.cole@gmail.com,"17145 Mills Oval, Lake Richardton, NH",37052,049-269-7983,17,12,12,11
30465524,Matthew Smith,female,19,matthew.smith@gmail.com,"1259 Stephanie Tunnel, Smithstad, MD",74064,840-003-6984,8,9,10,7
47624777,Darren Moody,male,21,darren.moody@gmail.com,"2051 Suzanne Greens Apt. 832, New Nathan, MH",35099,475-886-8522,20,7,7,12
30663404,Gerald Duffy,female,24,gerald.duffy@hotmail.com,"0177 Young Canyon, Youngberg, WV",97318,391-082-3188,9,8,12,7
94622235,Erica Walker,female,21,erica.walker@hotmail.com,"1975 Lopez Junction, New Edwardview, MH",76009,475-755-1889,11,7,10,11
61745233,Samuel Thomas,female,25,samuel.thomas@hotmail.com,"891 Sanchez Spring, Joshuabury, AL",84961,242-880-6840,10,20,9,20
37816110,Daniel Johnson,male,21,daniel.johnson@hotmail.com,"90856 Price Parkways Suite 179, Breannaview, WV",43999,857-539-2998,10,17,17,20
86446437,Justin Santana,female,22,justin.santana@gmail.com,"8117 Anthony Locks, Shannonport, NY",97260,053-173-3268,13,13,11,12
21287151,Laura West,female,25,laura.west@gmail.com,"482 Andrew Key, Heiditown, LA",97113,819-329-7938,9,15,9,9
34301405,Shannon Wilson,male,25,shannon.wilson@gmail.com,"73486 Christopher Shore, Dianeland, TX",42850,562-754-1557,13,18,12,14
28685859,Victor Mercado,female,19,victor.mercado@hotmail.com,"326 Justin Track Apt. 090, Simpsonburgh, LA",32164,448-377-4913,17,11,14,12
36877431,Glenda Walters,male,25,glenda.walters@gmail.com,"72958 Peter Valley Apt. 797, East Mitchellborough, ID",47291,000-634-5085,7,9,7,11
77812288,Christina Gonzalez,female,22,christina.gonzalez@gmail.com,"55274 Combs Shores Suite 885, Port Destinytown, MI",11050,331-598-3237,11,14,7,19
17009857,William Harvey,male,25,william.harvey@hotmail.com,"367 Mccarthy Walk Apt. 744, Alisonstad, FM",12722,569-962-0721,18,12,16,20
42571226,Olivia Watts,male,22,olivia.watts@hotmail.com,"1472 Miller Gateway Apt. 743, New Deniseville, OR",33861,024-264-7553,14,20,19,19
14581691,Kyle Woods,male,26,kyle.woods@hotmail.com,"881 Smith Haven, North Rodney, GA",81480,910-171-4693,10,19,9,16
14159419,Wendy Williams,female,26,wendy.williams@hotmail.com,"46064 White Haven, East Johnmouth, AZ",5957,519-520-6539,8,8,20,8
43946417,James Howard,male,22,james.howard@hotmail.com,"0371 Megan Flat, Maryborough, GU",25515,205-529-7348,10,20,10,9
7030506,Austin Wyatt,female,23,austin.wyatt@gmail.com,"1294 Christine Brooks, Lake Edwardside, ME",41484,327-868-2331,7,11,20,20
88938844,Jacqueline Rivera,female,26,jacqueline.rivera@gmail.com,"05245 Bruce Shores, Prattfurt, MH",43580,792-130-0824,7,17,7,14
24448777,Elizabeth Shepherd,female,26,elizabeth.shepherd@hotmail.com,"802 Kimberly Mews Apt. 238, Port Joy, VA",17235,440-234-2022,17,15,13,10
63746991,Kenneth Williams,male,27,kenneth.williams@gmail.com,"87743 Cook Plain, North Juan, PW",4288,332-525-3131,8,8,16,20
14156858,Kim Green,female,19,kim.green@hotmail.com,"3952 Timothy Cove, Cookhaven, MT",51476,888-357-4790,18,19,7,8
18773784,Corey Cummings,female,26,corey.cummings@hotmail.com,"310 Leonard Keys, Joshuaview, MS",21744,665-129-2765,20,19,18,12
75971482,Robin Conner,female,21,robin.conner@hotmail.com,"782 Welch Shore, Crossland, UT",89109,260-668-4604,15,10,17,20
42158372,Brittney Harper,female,21,brittney.harper@gmail.com,"577 Christine Terrace Suite 128, Port Cynthiastad, WA",65010,279-100-9312,12,9,20,15
61331521,Jason Rodriguez,female,27,jason.rodriguez@gmail.com,"30713 Monica Mills Apt. 939, Haydenbury, KY",76679,018-016-9715,20,14,8,15
53705468,Michael Newman,female,27,michael.newman@gmail.com,"743 Townsend Burgs Apt. 883, Boydmouth, NV",97835,861-739-4366,17,12,10,7
4348815,Samantha Wiley,male,27,samantha.wiley@hotmail.com,"866 Stevens Crescent Suite 691, Victoriafurt, MO",25610,714-569-3336,13,9,9,18
94802552,Jacob Greene,female,26,jacob.greene@gmail.com,"6520 Schroeder Forest, North Kristophermouth, ME",90674,850-770-5041,18,18,14,13
45359360,Jessica Roberts,male,23,jessica.roberts@hotmail.com,"7986 Travis Light, New Scott, AL",82516,797-106-0351,15,12,14,10
2523231,Douglas Cole,male,26,douglas.cole@gmail.com,"685 Kayla Ford Suite 763, North Amanda, AK",70147,498-097-2925,9,12,19,14
56620705,Michael Murray,female,23,michael.murray@hotmail.com,"8567 Zachary Island, Lake Tiffanyton, MA",46951,552-581-1049,19,17,7,12
36900541,Jillian Preston,male,23,jillian.preston@hotmail.com,"25916 Misty Crescent Suite 260, North David, AR",87534,163-980-5938,13,9,12,20
1940972,John Evans,female,21,john.evans@gmail.com,"7502 Mitchell Dale Apt. 055, New Amyfurt, MD",61374,777-606-1716,9,11,14,10
75208633,Anthony Garner,male,25,anthony.garner@gmail.com,"61348 David Throughway Suite 976, West Lisa, MO",35142,406-706-3744,7,10,9,20
74310553,Anna Martin,female,21,anna.martin@gmail.com,"8236 Neal Mission Apt. 918, Josefurt, NV",18745,751-126-7870,9,16,10,14
18890690,Hannah Jones,male,25,hannah.jones@gmail.com,"0597 Reeves Crest Suite 753, Lake Benjaminmouth, UT",30537,970-028-6769,12,7,14,8
2002133,Martin Ponce,male,23,martin.ponce@gmail.com,"07291 Cortez Pass Apt. 179, Aliciatown, PA",36310,518-675-4693,10,9,9,18
88366878,Eric Fisher,male,22,eric.fisher@hotmail.com,"5540 Juarez Glens, South Emilytown, WI",12438,836-396-9838,15,10,19,12
36923140,Alicia Jenkins,male,24,alicia.jenkins@hotmail.com,"703 Reyes Groves Apt. 468, Howardton, PW",24069,412-450-7661,15,20,13,13
81253309,Jason Scott,male,25,jason.scott@gmail.com,"722 Derek Junctions Suite 209, Shermanshire, SD",19600,739-862-6845,15,18,8,10
41219200,Jonathan Carter,male,21,jonathan.carter@gmail.com,"132 Matthew Fall Apt. 053, North William, FM",84215,053-278-9956,19,19,7,13
24593604,Gina Jackson,male,19,gina.jackson@gmail.com,"65116 Hannah Keys Apt. 042, Jenniferville, NC",41460,058-905-1592,14,8,19,10
9054813,Michael Cox,female,27,michael.cox@hotmail.com,"02564 Aaron Center Suite 551, New Courtneyfurt, OR",95301,281-849-8941,7,9,7,15
74949078,Kimberly Padilla,female,28,kimberly.padilla@hotmail.com,"62598 Gabrielle Bypass, Mitchellstad, OH",68940,867-116-5747,8,8,7,17
72549070,Pamela Alvarez,female,19,pamela.alvarez@gmail.com,"3591 Michael Stravenue, Meganmouth, NY",98408,575-517-2302,10,16,10,20
62821731,Michael Reynolds,male,19,michael.reynolds@hotmail.com,"42883 Baker Inlet, South Andrewborough, MN",51363,915-609-3346,19,20,15,15
27710379,Willie Richards,male,19,willie.richards@hotmail.com,"254 Gomez Courts, Lake Janetmouth, DE",91931,882-272-9827,20,18,10,17
26837364,Kathryn Hancock,female,21,kathryn.hancock@hotmail.com,"49152 Deborah Pine, North Justin, KY",54898,476-803-1048,12,18,10,19
28490458,Sandra Huber,male,19,sandra.huber@hotmail.com,"750 Sonya Stream Apt. 834, North Tina, FL",33699,615-299-0358,16,19,8,18
7783077,Sandra Christensen,female,28,sandra.christensen@hotmail.com,"34913 Porter Knolls Apt. 435, Larryhaven, VI",46437,686-449-7857,18,12,14,13
78281867,Dawn Smith,female,20,dawn.smith@gmail.com,"9555 Miller Square, South Rachelhaven, HI",39596,332-426-9279,15,8,7,19
40372212,Jessica Jackson,male,21,jessica.jackson@hotmail.com,"23340 Patrick Forks Suite 397, Lake Christina, GU",97663,705-726-5734,16,16,8,10
57508951,Michelle Price,male,24,michelle.price@gmail.com,"059 Bennett Bridge Suite 830, Hernandezfort, VI",87356,152-702-9961,16,17,7,20
6806239,Carlos West,female,28,carlos.west@hotmail.com,"73881 Thomas Shoal, Kellymouth, IA",59258,646-148-0072,12,8,18,16
29498507,Timothy Nelson,male,27,timothy.nelson@hotmail.com,"80892 Oliver Mountains Apt. 769, Port Danielle, OK",46191,058-853-6729,12,14,15,16
22393297,Rodney Christensen,female,21,rodney.christensen@gmail.com,"88833 Alex Field Suite 262, South Allen, NH",68412,931-188-7612,17,17,16,19
81497394,Christopher Murphy,male,28,christopher.murphy@hotmail.com,"027 Sandra Port Apt. 664, Lake Jeremyland, RI",92875,245-377-1275,17,18,16,19
61918137,Charles Meyers,male,27,charles.meyers@hotmail.com,"1364 Anderson Meadows, Belltown, OR",61504,883-151-9419,11,8,17,13
38041539,Holly Atkinson,female,27,holly.atkinson@gmail.com,"867 Brooks Bridge, East Michaelfurt, IN",41130,735-962-7422,8,19,18,12
90662494,Anthony Johnson,male,22,anthony.johnson@gmail.com,"79769 Matthew Burg Suite 935, New Jacqueline, CA",38513,571-316-9217,12,18,7,12
15026978,Christopher Martinez,female,24,christopher.martinez@hotmail.com,"359 Tyler Mission, Bryanttown, MS",37482,641-266-1885,9,11,9,14
33818635,Jill Martin,female,25,jill.martin@gmail.com,"6254 Webb Bridge, Laurenhaven, TN",1526,778-370-0947,17,11,14,18
32172498,Joseph Moses,female,22,joseph.moses@gmail.com,"19287 Andrew Common, West Russell, ND",34254,471-354-9114,20,11,8,11
22848763,Brenda Ellis,male,20,brenda.ellis@gmail.com,"143 Rebecca Trafficway Suite 850, New Brianside, FM",23465,256-352-2878,18,12,11,20
23408740,Sharon Graham,female,27,sharon.graham@gmail.com,"78445 Roth Corner Apt. 203, Port Breannafort, SC",80585,802-113-7559,14,12,11,9
75584611,Katrina Russell,female,22,katrina.russell@gmail.com,"1562 Lauren Viaduct Suite 845, South Mariechester, MA",81423,915-238-5526,19,18,20,20
1763925,Adam Benson,female,19,adam.benson@gmail.com,"2558 Harris Centers, Brianchester, NM",69352,774-578-6482,7,18,16,19
87976130,Matthew Russell,female,21,matthew.russell@gmail.com,"621 Sarah Knolls, Port Jamesshire, IN",63496,084-888-2382,19,18,13,9
52713858,Kimberly Malone,male,22,kimberly.malone@gmail.com,"922 Brooke Hills, North Charlestown, CT",9597,521-090-2374,20,17,10,18
25135402,Hailey Solis,male,20,hailey.solis@gmail.com,"183 Cooper Parkway, Adrianastad, SC",20299,576-459-6253,16,19,13,18
14072432,Michelle Mathis,male,19,michelle.mathis@gmail.com,"41423 Dominguez Grove Apt. 134, Petersonfort, SC",3746,654-660-9780,12,15,10,16
52499704,Paul Holland,male,26,paul.holland@hotmail.com,"34079 Davis Station, Hamiltonberg, FL",97528,048-067-1446,9,11,15,14
63278346,Laura Russo,female,26,laura.russo@hotmail.com,"36925 Cobb Lane Apt. 753, Thomasstad, WV",93320,644-512-8382,12,8,19,18
16732090,Chelsea Terry,female,25,chelsea.terry@gmail.com,"8386 Young Valley Apt. 677, Hansonfort, LA",96059,388-245-8127,9,17,15,15
8284447,Sue Sanchez,male,20,sue.sanchez@hotmail.com,"0906 Jacqueline Stravenue, Lake Sharon, TX",15582,447-899-7357,15,19,17,19
79828078,Angel Farmer,female,26,angel.farmer@hotmail.com,"65232 Vanessa Mission, Lake Jenniferbury, NC",77159,571-370-2155,17,14,19,13
52589181,Ruben Thomas,male,23,ruben.thomas@hotmail.com,"8075 Kari Stream, Claudiastad, NH",12452,642-538-9891,13,17,17,11
46722164,Benjamin Robinson,female,27,benjamin.robinson@gmail.com,"536 Thompson Loop Apt. 668, West Gregory, IL",66680,777-894-5313,11,19,10,15
73989246,John Miller,male,27,john.miller@gmail.com,"9092 Cole Hills Apt. 091, Port Stacey, PA",17413,261-368-0572,7,7,17,16
44770759,Leah Curtis,female,27,leah.curtis@hotmail.com,"748 Angela Light, Katelynside, KS",50091,026-458-1301,17,8,17,19
64200252,Joshua Armstrong,female,20,joshua.armstrong@gmail.com,"415 Mary Falls Suite 540, West Jessicashire, WA",12326,900-105-1697,18,8,9,12
75336789,Lindsey Hernandez,female,23,lindsey.hernandez@gmail.com,"24096 Timothy Lane, North Katrinamouth, ID",84815,039-130-7574,9,18,10,7
78996271,Aaron Hamilton,male,28,aaron.hamilton@gmail.com,"00885 Hannah Mount, Burkefort, IA",13453,919-320-5536,18,11,12,11
99804357,Diana Allen,male,22,diana.allen@gmail.com,"6883 Smith Trafficway, Lake Matthewview, MO",62701,023-904-0251,12,8,10,10
45644357,Jaime Martin,male,24,jaime.martin@hotmail.com,"5537 Short Shoals, Nicholaston, WV",23409,596-074-9416,15,7,14,11
41533977,Jillian Perez,male,28,jillian.perez@hotmail.com,"568 Samuel Fields Suite 765, North Danielshire, VT",4608,036-144-0264,11,20,16,15
82223421,Matthew Mendoza,female,23,matthew.mendoza@hotmail.com,"86151 Luna Forest, Fraziertown, HI",76001,579-575-2521,20,11,16,14
97033852,Patrick Taylor,male,20,patrick.taylor@hotmail.com,"355 Ashley River Suite 891, Port Sydney, WI",24436,295-195-8360,20,15,20,15
99232066,Tamara Foster,male,26,tamara.foster@hotmail.com,"0906 Hughes Road, Wilsonmouth, DC",59286,697-894-5629,15,9,16,7
41310167,Mia Morrison,female,27,mia.morrison@hotmail.com,"3366 Smith Canyon Suite 364, New James, TN",10387,476-190-3981,7,12,7,9
37079762,Michael Richard,male,28,michael.richard@hotmail.com,"28774 Heather Ferry Suite 297, East Nicholas, MH",36198,930-408-8694,18,8,20,17
80785878,Christopher Martinez,female,22,christopher.martinez@gmail.com,"016 James Parks, New Michael, FM",92348,936-506-6701,19,20,12,13
38635438,Steven Harrington,male,26,steven.harrington@hotmail.com,"5439 Medina Place Apt. 143, East Lacey, GA",99610,537-254-0846,13,17,12,16
96620104,Alan Ramsey,female,21,alan.ramsey@hotmail.com,"841 William Shore Apt. 972, West Kristenview, CT",58484,350-326-1289,11,19,13,14
16091118,Elizabeth Thompson,female,26,elizabeth.thompson@hotmail.com,"136 David Ridges, Arnoldland, TN",62428,435-606-9930,14,14,17,8
7526784,Pam Moody,male,24,pam.moody@hotmail.com,"555 Clark Land, North Michelle, NC",40016,415-604-6900,11,19,7,19
45684583,Shannon Holland,female,24,shannon.holland@gmail.com,"735 Stewart Square Apt. 202, Joshuaside, NV",85293,168-212-9925,14,10,10,9
96818890,Maria King,female,22,maria.king@hotmail.com,"903 Carl Village Apt. 360, Port Sara, HI",8725,532-930-5522,19,15,12,14
30755023,George Grant,female,22,george.grant@gmail.com,"34768 Victor Roads, South Alyssa, MT",96033,687-869-4096,16,9,9,20
35869299,Maria Johnson,female,28,maria.johnson@gmail.com,"90316 Brooks Track Apt. 828, Derekside, NC",16697,794-672-6093,14,11,16,12
50548481,Christopher Robertson,male,19,christopher.robertson@hotmail.com,"185 Hernandez Haven, Michaelfort, AL",45013,663-839-3337,18,13,16,19
99248747,Cindy Allen,female,19,cindy.allen@hotmail.com,"8824 Williams Lakes, South Kellystad, GU",92138,006-937-9820,17,15,13,14
68503575,Julia Vance,male,21,julia.vance@hotmail.com,"002 Hamilton Point Suite 507, West Christopher, NM",25892,818-024-6151,17,15,15,11
38451181,David Jimenez,male,21,david.jimenez@hotmail.com,"87636 Johnson Point, Grantfurt, WA",14161,202-460-4551,9,18,8,8
14191741,Melissa Byrd,male,28,melissa.byrd@gmail.com,"718 Camacho Port, Klineland, MD",2854,461-500-8340,19,8,15,8
53730743,Kayla Cox,male,20,kayla.cox@hotmail.com,"10359 Simpson Station, East Janicefort, MA",51764,796-878-3641,19,18,14,16
23699224,Edward Sparks,female,21,edward.sparks@gmail.com,"87925 Bradley Terrace Suite 388, Charlesfort, LA",6718,756-166-0218,19,18,11,13
28416758,Debbie Chavez,female,23,debbie.chavez@gmail.com,"3995 Fox Port Suite 567, West Gregory, UT",70740,321-335-0648,7,20,11,18
98103709,Paul Valenzuela,male,28,paul.valenzuela@hotmail.com,"7739 Brandi Turnpike, Clarkville, AZ",39264,015-585-6105,16,16,9,15
72790331,Kimberly Fleming,male,27,kimberly.fleming@hotmail.com,"229 John Dam, North William, MS",21590,753-451-3978,16,15,7,15
31101307,Elizabeth Ramirez,male,21,elizabeth.ramirez@hotmail.com,"0611 Tina Parkways Apt. 210, New Amberberg, CT",36709,181-921-6019,20,11,9,19
10108542,Kari Frederick,female,24,kari.frederick@hotmail.com,"571 Greene Track Suite 187, New David, MO",20738,205-990-7979,17,17,9,14
62182824,Timothy Parker,male,24,timothy.parker@hotmail.com,"501 Lori Extension Apt. 991, Gonzalezbury, VT",57906,912-706-0042,13,11,16,11
73295740,Rhonda Keller,female,26,rhonda.keller@gmail.com,"994 Alexandra Hollow Suite 918, Gonzalesshire, CO",4845,231-142-2270,10,14,17,9
62689691,Jessica Harrington,female,24,jessica.harrington@hotmail.com,"9715 Thompson Coves Apt. 984, Lake Jeffreyton, PA",52908,706-433-0780,12,11,16,17
69584416,Melanie Vaughn,female,20,melanie.vaughn@gmail.com,"6450 Carr Via Suite 494, North Ashleyside, OK",54581,833-957-0746,16,17,7,20
93887181,Amanda Rice,female,25,amanda.rice@gmail.com,"05775 Clark Greens, East Jayland, NH",77197,339-046-7091,15,20,10,10
95811042,Shannon Silva,male,24,shannon.silva@gmail.com,"91961 Jennifer Mountains, Cliffordside, MS",48561,582-042-9176,9,18,15,9
10616604,Andrea Bowers,female,28,andrea.bowers@gmail.com,"07444 Kristina Plaza, Samuelton, CA",2554,269-287-5709,15,7,14,13
59008985,Ruth Johnson,male,23,ruth.johnson@gmail.com,"10807 Steele Prairie, Hansenstad, NJ",24609,210-243-1784,17,20,18,11
74658180,Donald Harvey,male,20,donald.harvey@hotmail.com,"7091 Davis Cliffs Apt. 318, West Nicole, WV",82681,658-749-6420,20,9,19,10
40562491,John Moss,male,19,john.moss@gmail.com,"21806 Williams Tunnel, New Shelly, VI",90189,425-057-4451,20,17,9,10
85654705,Kevin Baldwin,female,19,kevin.baldwin@hotmail.com,"48976 Simmons Inlet, Stevenfort, AR",25917,504-578-2575,9,14,13,11
20027233,Grant White,female,20,grant.white@hotmail.com,"447 Costa Key Suite 359, North Adam, CT",35131,309-008-0955,18,14,9,10
25238634,Kimberly Blackwell,male,19,kimberly.blackwell@hotmail.com,"86090 Mary Parks, South Jennifermouth, ME",1577,516-048-0638,18,12,8,13
44159776,Scott Ferguson,female,23,scott.ferguson@hotmail.com,"812 Gamble Cliffs, Jeffreyborough, DC",43004,765-180-8699,10,9,8,12
4376356,Lisa Fletcher,female,28,lisa.fletcher@hotmail.com,"482 Case Ports, West Lydia, IL",20838,275-931-7924,18,14,12,7
64775223,Mary Cabrera,male,25,mary.cabrera@gmail.com,"2302 Kathryn Extensions, Lake Paul, WA",94766,780-773-4220,8,12,10,13
78938755,Sarah Kidd,male,25,sarah.kidd@hotmail.com,"261 Johnson Radial, Melissaport, UT",54455,112-355-6415,10,13,20,8
57133385,Heather Pearson,male,21,heather.pearson@hotmail.com,"5602 Allen Flats Suite 327, Amyland, MA",58987,801-406-5939,9,12,12,18
65618154,Kathryn Harrison,female,27,kathryn.harrison@gmail.com,"525 Andrew Mill, Potterstad, NV",24163,320-944-1053,11,16,16,16
89448339,Adam Spence,female,26,adam.spence@hotmail.com,"75833 Scott Shore, West Lisa, MA",60966,033-668-0757,14,18,12,9
82534381,Chelsea Hernandez,female,28,chelsea.hernandez@gmail.com,"6851 Anthony Viaduct Apt. 055, Hamptonmouth, ME",73487,280-375-2595,13,13,7,14
31469942,Kimberly Norris,male,24,kimberly.norris@hotmail.com,"0255 Valdez Stravenue Apt. 358, Lake Donnahaven, GA",49149,148-423-9173,10,11,19,8
65978230,Matthew Rodriguez,female,23,matthew.rodriguez@hotmail.com,"295 Mclean Roads, Clarkfurt, AS",62867,915-396-1240,14,9,15,13
84270655,Craig Martinez,female,24,craig.martinez@gmail.com,"15514 Hamilton Oval, South Donna, UT",88587,795-605-2102,8,11,9,15
39216373,Stephen Allen,male,28,stephen.allen@gmail.com,"11834 Sloan Common Suite 599, Lambertmouth, VI",48305,492-848-6198,15,7,18,13
51663950,Jason Taylor,female,28,jason.taylor@gmail.com,"657 Davis Court Suite 424, North Jennifer, CT",48602,952-102-8635,13,15,19,17
50914391,James Jimenez,male,23,james.jimenez@gmail.com,"9165 Cynthia Mission, Fischerberg, PA",22337,105-681-8160,15,20,8,14
96751265,Rebecca Payne,male,27,rebecca.payne@gmail.com,"084 Roger Neck Suite 338, Taylorfurt, AL",31336,061-946-8730,20,10,10,14
58184668,Stephen Woods,female,25,stephen.woods@gmail.com,"902 Michelle Causeway, South Anthony, SD",89562,481-246-3955,10,9,8,8
17709614,Carlos Mathis,female,24,carlos.mathis@hotmail.com,"6184 Campos Loaf, West Keith, MT",11415,644-026-5147,7,8,20,9
67108918,David Turner,male,28,david.turner@gmail.com,"595 Dillon Branch Suite 924, Barryhaven, MO",62480,634-334-7169,15,16,15,15
42387686,Nicole Sanders,male,25,nicole.sanders@gmail.com,"09566 Chase Falls Apt. 111, Danielsbury, MI",40828,947-416-7297,16,14,11,15
86593294,Bryan Carlson,female,27,bryan.carlson@hotmail.com,"771 Raymond Rapid, North Michaelside, ME",29409,439-527-8008,12,19,8,9
52503536,Samuel Hayes,female,21,samuel.hayes@hotmail.com,"1940 Jacqueline Locks, Michaelville, PW",7257,197-353-2038,10,12,11,7
79177994,Samuel Roy,female,19,samuel.roy@hotmail.com,"878 Davis Bypass Suite 453, Lake Patrick, DE",6931,389-439-8357,10,9,15,14
36202534,Martin Boyd,male,20,martin.boyd@hotmail.com,"97779 Lisa Hill Suite 828, Angelaview, MN",38518,579-020-6333,19,20,8,9
60537953,Anthony Davis,male,21,anthony.davis@gmail.com,"99200 Underwood Spurs, West Keith, PW",39266,959-173-8121,12,17,17,11
55915522,Madison Short,male,22,madison.short@hotmail.com,"118 Christopher Haven, South Antoniofort, TN",93336,149-987-5527,12,18,15,18
39228160,Michelle Arnold,female,28,michelle.arnold@hotmail.com,"2611 Brittney Coves Apt. 026, Meaganfurt, MN",87962,626-157-8908,20,10,16,11
82893161,Brandon Hardy,female,26,brandon.hardy@gmail.com,"81014 Melvin Lights Suite 001, Port Danielborough, IN",11250,188-544-4744,18,8,12,12
34337178,Jennifer Harding,male,22,jennifer.harding@gmail.com,"6269 Rose Lodge, West Bradley, OK",81580,377-764-1202,12,16,10,18
7414532,Brenda Hoffman,female,22,brenda.hoffman@gmail.com,"03149 Eric Harbors Suite 729, East Matthewview, NJ",79411,305-958-9436,16,17,18,12
11525960,Nicholas Taylor,male,26,nicholas.taylor@gmail.com,"127 Chad Row, Chaveztown, OH",77986,129-888-1309,11,7,12,20
19272803,Dawn Wilkinson,female,21,dawn.wilkinson@hotmail.com,"7889 Hays Isle, Nelsonmouth, MO",53396,795-908-7689,11,14,10,17
76863710,Angela Fletcher,male,19,angela.fletcher@gmail.com,"2580 Melinda Crest, South Seanfurt, LA",12421,038-056-4287,10,12,16,15
1172453,Edwin Wells,female,20,edwin.wells@gmail.com,"26543 Eaton Mission, New Michelle, PW",28278,371-778-1856,12,20,7,7
70850791,Laura Fisher,male,27,laura.fisher@gmail.com,"4914 Linda Station, Joshuahaven, FM",79185,840-720-8593,12,16,10,12
85853998,Jessica Harrington,female,20,jessica.harrington@hotmail.com,"293 Matthew Lights, New Jessicaborough, ND",36444,822-866-0119,11,18,13,18
61565421,Melanie Warren,female,21,melanie.warren@gmail.com,"4633 Cook Square Suite 607, Lake Andrewside, TX",1556,980-196-9131,20,10,10,10
57884963,Tonya Grant,male,22,tonya.grant@hotmail.com,"2970 Eileen Harbors Apt. 726, New Roberto, SD",26840,344-776-1988,10,15,19,20
85701755,Nicholas Garza,male,24,nicholas.garza@hotmail.com,"32004 Bryant Haven, West Williemouth, MI",40548,846-911-4589,11,8,7,19
1632605,Scott Crane,male,20,scott.crane@gmail.com,"959 Watson Corners, Taylorhaven, SC",82438,873-978-0112,20,10,10,16
24128052,Annette Williams,male,23,annette.williams@hotmail.com,"8707 Rivera Run Apt. 198, West Lisa, MO",64254,987-903-2128,18,12,11,16
4157025,Shawn Jimenez,male,28,shawn.jimenez@gmail.com,"030 English Extension Apt. 353, Brownfort, FM",53725,650-424-9222,19,19,16,15
58300500,Zachary Roy,female,27,zachary.roy@gmail.com,"0659 Joseph Ville, Stonetown, MT",87914,709-338-5158,17,10,20,9
54518136,Tony Lin,female,24,tony.lin@hotmail.com,"805 Stacey Via Apt. 522, Serranobury, CT",68965,383-194-0656,14,17,13,16
21643360,Anthony Martin,male,27,anthony.martin@gmail.com,"2192 Carolyn Oval, Martinborough, FL",80732,830-292-1481,17,19,12,16
84352034,John Barker,female,22,john.barker@hotmail.com,"36806 Michael Well, Port Jacksonland, IA",85708,885-424-7122,14,12,10,14
66755380,Keith Mcconnell,female,27,keith.mcconnell@hotmail.com,"287 Anderson Extension, Donnaport, UT",1787,008-217-0820,20,11,19,18
6148011,James Coleman,female,27,james.coleman@hotmail.com,"46429 Marshall Throughway Suite 168, Yangport, NH",95877,243-854-5845,16,13,12,19
74053358,Haley Lewis,female,20,haley.lewis@gmail.com,"3131 Cameron Cove Apt. 944, North Kristentown, TX",9084,004-837-5611,11,19,10,10
32307639,Brandon Jones,female,27,brandon.jones@gmail.com,"4390 Erin Stream Apt. 785, Huntermouth, CA",58745,845-124-3317,9,8,14,19
4780756,Amy Willis,female,20,amy.willis@gmail.com,"57508 Benjamin Fall, Aaronville, CA",82830,265-225-6353,14,9,19,12
68299679,John Owen,male,25,john.owen@gmail.com,"1312 Michelle Roads Apt. 108, West Seanchester, MO",17924,934-470-3191,16,11,18,16
34473529,Kathleen Miller,male,25,kathleen.miller@hotmail.com,"938 Christy Keys Apt. 905, Port Michaelview, MT",73712,959-629-1163,20,15,13,9
42436349,John Robinson,female,24,john.robinson@gmail.com,"786 Zachary Ferry, Port Jennifer, WY",26499,051-214-1128,7,7,9,7
46449642,David Romero,female,27,david.romero@hotmail.com,"664 Ryan Plaza Suite 410, Tanyashire, ME",84308,307-106-3888,20,11,12,7
13394113,Jillian Madden,male,22,jillian.madden@gmail.com,"3683 Castillo Plaza, West Anthonyland, NE",24758,170-126-2647,11,20,14,15
46225943,Nicholas Fowler,male,27,nicholas.fowler@hotmail.com,"539 Sarah Underpass Suite 781, Wellsshire, KS",72604,335-836-6062,19,19,13,11
43961965,Derek Bass,male,24,derek.bass@gmail.com,"02257 Jones Mission, Robertside, OH",19594,503-660-5932,8,14,10,10
91307177,James Moore,female,19,james.moore@gmail.com,"369 Clinton Park, Brianton, IL",93220,685-443-0032,11,16,18,12
74721203,Brian Larson,male,28,brian.larson@gmail.com,"3415 Phillips Union, Morrisfort, NV",64157,795-570-6625,8,20,11,8
95052476,David Torres,female,27,david.torres@gmail.com,"2937 Simon Avenue, New Samantha, MP",41157,981-701-5828,16,12,9,7
42825575,Denise Estrada,male,19,denise.estrada@gmail.com,"7901 Morgan Mill Apt. 673, Joshuaport, RI",37665,376-794-8838,20,12,10,14
79475464,Heather Brown,male,25,heather.brown@hotmail.com,"2107 Harvey Valleys, Jasonport, DC",13751,646-014-2415,11,11,15,17
73416562,Nancy Holmes,male,25,nancy.holmes@gmail.com,"5779 Wilson Meadow Suite 739, North Michaeltown, AK",2734,181-676-9636,17,19,19,15
39491145,Donna Perkins,female,22,donna.perkins@hotmail.com,"161 Cortez Glens Suite 310, West Michelle, NH",53356,661-046-2677,18,10,13,20
33404545,Philip Farrell,female,28,philip.farrell@gmail.com,"71707 Mindy Valley, Lewisberg, AR",80028,651-195-6029,9,10,19,16
46288620,Brianna Tucker,male,25,brianna.tucker@hotmail.com,"177 Olsen Lake Suite 319, Loritown, WV",84047,603-164-2871,15,11,13,12
21503266,Matthew Lopez,male,24,matthew.lopez@hotmail.com,"276 Sanchez Branch, New David, GU",25898,173-071-6197,12,10,9,19
42441911,Kenneth Brooks,female,19,kenneth.brooks@gmail.com,"5607 Irwin Villages, Lake Andrewborough, GA",40319,803-304-5278,12,9,12,14
70108609,Christopher Webb,male,28,christopher.webb@hotmail.com,"6746 Sutton Neck Apt. 279, South Angela, MO",33022,960-788-6116,20,14,10,16
48749203,Stephanie Thomas,male,22,stephanie.thomas@hotmail.com,"406 Lopez Mountain, Brucestad, PW",8463,325-159-3340,15,10,14,14
72803897,Brandon Ramirez,female,23,brandon.ramirez@gmail.com,"131 Jones Mills, Powersmouth, MI",39012,453-290-3559,20,9,20,18
6945621,Melissa Terry,female,23,melissa.terry@gmail.com,"5669 Marquez Isle, Lake Timothy, MH",17547,564-726-2527,7,9,7,11
29374186,Nathan Grimes,male,20,nathan.grimes@hotmail.com,"75647 Matthew Haven, Smithtown, TN",2971,822-996-2366,8,12,14,19
38398707,Jeremy Johnson,male,23,jeremy.johnson@hotmail.com,"0936 Ramirez Ford Suite 820, Evelynland, AS",69493,360-795-9799,11,15,10,15
60002920,Phillip Thornton,female,22,phillip.thornton@hotmail.com,"10790 Brett Locks, Debramouth, OK",2778,024-728-5417,16,18,16,20
57500762,Selena Barnett,male,23,selena.barnett@hotmail.com,"51321 John Passage, South Luisberg, MH",81315,632-323-1647,19,9,19,19
32847304,Michael Hoover,female,28,michael.hoover@gmail.com,"75088 Riley Tunnel Apt. 345, Port Deborahberg, WI",49942,709-429-3066,7,12,19,9
46339106,Katherine Reyes,female,28,katherine.reyes@hotmail.com,"259 Thompson Squares, Baileyfort, MP",26739,561-745-6673,18,15,13,17
99917301,Alexis Howard,male,21,alexis.howard@hotmail.com,"5632 Lori Mountain, New Davidfurt, WY",33260,015-712-0857,12,9,8,7
80462856,Adriana Reed,male,25,adriana.reed@gmail.com,"0098 Bryant Greens Apt. 586, Collinshaven, IL",14437,170-733-6897,7,16,19,18
82559287,Veronica Cantu,male,27,veronica.cantu@hotmail.com,"761 Jones Underpass Apt. 288, Wrightton, CO",80523,820-057-0633,13,10,16,11
2120266,Brandon Holder,male,27,brandon.holder@hotmail.com,"364 Benjamin Causeway, Courtneytown, IA",95522,083-371-0687,16,8,16,13
81952103,Leslie Thomas,female,21,leslie.thomas@gmail.com,"504 Gutierrez Pass Suite 826, Henrybury, FM",48378,192-767-1417,11,18,9,16
67111213,Deborah Weaver,male,24,deborah.weaver@hotmail.com,"84039 Gardner Circles Suite 699, New Amy, MT",17683,633-794-0400,9,8,12,16
84286038,Gary Davis,male,20,gary.davis@gmail.com,"388 Avila Tunnel Apt. 819, West Michelleton, FM",19380,077-809-0865,8,17,19,16
73976407,Chad Tran,male,23,chad.tran@hotmail.com,"9042 April Brook, North Tonya, AZ",3372,904-972-3431,12,18,8,16
61081084,Terri Mckee,male,28,terri.mckee@gmail.com,"7908 Robert Turnpike Apt. 063, Heatherstad, NV",66798,651-294-2544,18,13,7,8
36426507,Sheryl Cooper,female,25,sheryl.cooper@gmail.com,"4278 White Dam, Bellland, IA",26721,090-188-4862,7,20,16,11
71129191,Brandon Green,male,28,brandon.green@gmail.com,"5535 Richard Ways, Port Jeanette, IN",97067,426-883-0200,20,20,16,18
52613043,Brian Bowman,female,21,brian.bowman@gmail.com,"69871 Danny Lakes Suite 523, West Emilyfort, NM",12679,947-191-0921,15,15,17,19
35380357,Jill White,female,23,jill.white@hotmail.com,"5810 Tiffany Drive Apt. 739, Wyattberg, AZ",54839,304-889-6872,13,16,17,12
77446968,Charles Rocha,male,27,charles.rocha@hotmail.com,"56554 David Ports Suite 146, Dawnmouth, MP",86416,269-476-3801,18,15,20,10
72611547,Kyle Mcmahon,female,22,kyle.mcmahon@hotmail.com,"41998 Ryan Plains, Dianebury, OH",28950,064-417-5346,16,18,19,16
95067566,Christopher Kim,female,21,christopher.kim@hotmail.com,"200 Patel Stravenue Suite 335, Walkerview, OR",86147,037-638-7084,17,15,15,18
79685015,Samuel Potter,male,26,samuel.potter@gmail.com,"61275 Johnson Crest, Katherineborough, SD",66319,528-428-0578,11,14,19,8
44768184,Angela Bernard,male,23,angela.bernard@gmail.com,"064 Patrick Turnpike, South Amandamouth, WV",39250,962-317-7729,9,17,18,7
27995653,Erika Chen,male,23,erika.chen@gmail.com,"4195 Matthew Turnpike, Michaelmouth, GU",64331,789-210-7833,13,14,17,9
61626355,Jasmine Lambert,male,22,jasmine.lambert@gmail.com,"378 Lam Forges, South Jefferyland, NE",51541,547-893-2077,16,12,18,17
71450398,Elizabeth Brown,male,20,elizabeth.brown@hotmail.com,"48792 Heidi Throughway, East Davidside, GU",53112,257-884-5876,10,13,10,16
65677823,Cindy Wilson,female,24,cindy.wilson@hotmail.com,"248 Christopher Skyway, New William, AS",63229,656-347-6400,20,19,9,12
58830088,Stephanie Hess,male,21,stephanie.hess@hotmail.com,"07208 William Crossroad Suite 957, Marcusmouth, AS",6153,681-267-7966,12,20,12,19
56459276,Gilbert Wheeler,male,20,gilbert.wheeler@gmail.com,"7478 Joseph Avenue Suite 520, Bradleyfort, AK",10324,793-113-3816,7,20,9,19
66121598,Evan Torres,male,22,evan.torres@hotmail.com,"755 Payne Prairie Suite 454, New Laurenport, GA",1618,654-504-1069,20,12,20,9
47601735,William Mann,female,26,william.mann@hotmail.com,"80365 Adams Ways, Mariostad, IL",8498,168-448-8297,7,12,19,7
97263385,John Miranda,female,19,john.miranda@gmail.com,"1456 Lisa Mews, Port Stephaniefort, NY",99576,948-140-5311,8,16,14,18
59072156,Andrew Clay,male,24,andrew.clay@hotmail.com,"12572 Baker Groves, Butlerstad, KS",39141,093-889-7509,7,7,9,9
61512338,Stacey Medina,male,24,stacey.medina@gmail.com,"891 Kaylee Hills, Danielmouth, ME",70204,899-104-7637,10,12,12,16
93542192,Rebecca Palmer,male,25,rebecca.palmer@hotmail.com,"29687 Angela Cove, Lindseymouth, TX",15176,203-136-9030,19,15,19,19
76246551,Christopher Foley,female,20,christopher.foley@gmail.com,"798 Reilly Field, Farleychester, VA",49706,502-992-1189,11,18,14,13
27118569,Shari Norton,female,19,shari.norton@hotmail.com,"583 Michael Via Apt. 090, Aprilberg, GA",57970,504-151-5496,15,20,9,9
80371912,James Greer,male,22,james.greer@gmail.com,"1032 Mccullough Turnpike Apt. 937, Port Emily, CT",45194,581-405-4323,10,19,11,8
595116,Chelsey Moore,male,27,chelsey.moore@gmail.com,"7244 Lopez Lock Suite 018, Nicoleberg, TN",43108,157-739-9528,20,16,7,17
50210388,Miranda Thomas,female,26,miranda.thomas@gmail.com,"29623 Hartman Fords Apt. 347, Bowenfort, NM",80483,199-873-2449,7,16,11,17
15053618,Mary Garcia,female,26,mary.garcia@hotmail.com,"812 Joseph Rapid, Shirleyside, NC",48756,704-718-0383,11,9,7,13
65185514,Ashley Martin,male,27,ashley.martin@hotmail.com,"9524 Daniel Squares Suite 801, Steeleport, VI",16411,266-167-9408,10,8,12,14
42712638,Tracy Turner,male,23,tracy.turner@gmail.com,"696 Kayla Trail Apt. 805, Wadefort, WV",56811,941-345-7386,19,10,20,18
73239583,Christina Mitchell,male,27,christina.mitchell@gmail.com,"46028 Sanchez Fords, Elizabethshire, IN",56081,692-829-5963,11,9,10,9
67746864,Amy Horton,male,22,amy.horton@gmail.com,"584 Christopher Way, Bryanfurt, UT",42434,533-242-2295,17,9,9,18
71793366,Paul Lara,male,28,paul.lara@hotmail.com,"2442 Downs Mount, Zhangton, AL",69193,178-653-5071,14,20,18,10
10299685,David Bowman,male,23,david.bowman@hotmail.com,"0865 Mcclain Mountains, Johnstonhaven, MA",93178,977-750-4337,16,12,16,18
18077816,Mary Davis,male,23,mary.davis@hotmail.com,"576 Michelle Lakes Suite 982, West Amber, IL",14348,102-893-6322,14,15,20,16
93249482,Meghan Reid,female,21,meghan.reid@gmail.com,"670 Deleon Ferry Suite 000, Debraberg, PW",82366,953-293-1851,15,18,11,10
85209112,Kyle Downs,female,28,kyle.downs@gmail.com,"709 Cameron Mall, Lake Christopher, AK",62901,363-615-9660,7,17,9,8
7513544,Ethan Gillespie,male,24,ethan.gillespie@gmail.com,"777 Laura Circles Apt. 457, Lake Joann, SC",8192,641-499-2493,16,19,14,8
48423743,Charles Meadows,male,19,charles.meadows@hotmail.com,"8148 Brown Meadows Apt. 542, West Lindsayland, NH",59201,021-161-7907,7,12,14,17
59135255,Tonya Holland,male,20,tonya.holland@hotmail.com,"60485 Kendra Drive Apt. 364, Masonton, TN",22280,268-141-6650,12,14,18,9
67819092,Jared Martin,male,19,jared.martin@gmail.com,"653 Davis Mission Suite 893, Courtneyborough, MS",29512,993-173-2708,15,11,9,13
98039422,Leslie Bird,female,24,leslie.bird@gmail.com,"3446 Dominique Knolls Apt. 467, West Walter, AZ",79566,730-070-1768,8,7,9,18
24303018,Jennifer Gibson,female,28,jennifer.gibson@hotmail.com,"39373 Newman Courts, Karafort, OK",98179,003-307-3671,13,9,15,12
12641452,Elizabeth Stanley,male,20,elizabeth.stanley@gmail.com,"781 William Ridges Apt. 667, North Jamie, RI",87624,376-032-4726,20,18,9,9
64464486,Elizabeth Stewart,male,26,elizabeth.stewart@hotmail.com,"09906 Miller Garden Apt. 456, Kyleshire, KY",70460,785-554-1822,19,12,20,18
88550226,Lori Owens,male,24,lori.owens@gmail.com,"202 Margaret Mill, Port James, WY",80748,728-941-3604,9,10,20,16
62551370,Stanley Burke,male,24,stanley.burke@gmail.com,"36778 Young Route, Pamelafort, PA",43375,349-452-7641,14,12,9,9
21617854,Evelyn Collins,female,27,evelyn.collins@hotmail.com,"906 Phillip Terrace Suite 707, Chelseafort, MI",39107,392-829-7147,14,8,10,8
97533892,Patty Collier,male,25,patty.collier@gmail.com,"4394 Denise Circle, South Amanda, WY",19516,755-099-4065,18,19,7,17
27774135,Caleb Guerrero,male,27,caleb.guerrero@hotmail.com,"63724 Moore Cove, West Coleview, IA",8157,820-494-3801,7,7,20,17
69011728,Monique Jones,male,27,monique.jones@gmail.com,"8555 Russo Spurs, Diazshire, MO",29671,402-553-7493,10,10,14,8
6745088,Katie Bernard,female,20,katie.bernard@gmail.com,"43581 Anthony Fields Suite 441, Escobarchester, SD",50104,149-676-8011,20,20,8,10
78519330,Jack Sandoval,female,27,jack.sandoval@hotmail.com,"28387 Tammy Skyway, South Emily, ND",47582,846-732-1269,9,20,15,18
3168571,Trevor Martin,male,27,trevor.martin@gmail.com,"992 Joseph Plaza, West Valerie, OH",10050,621-236-1279,16,7,8,9
99755366,William Thompson,male,24,william.thompson@hotmail.com,"297 Nicholas Field, West Joshuaborough, AR",20398,281-360-8806,18,11,11,9
96343255,Kristina Price,female,20,kristina.price@hotmail.com,"0151 Wells Valley Suite 264, South Ashleystad, DC",65518,583-167-4657,16,7,9,20
27741537,Dustin Parker,male,22,dustin.parker@gmail.com,"492 Bryce Station Apt. 569, West Kendrashire, KY",65976,910-211-2040,9,17,20,19
74175839,Carmen Diaz,female,23,carmen.diaz@hotmail.com,"63436 Russell Centers Suite 761, South Jacobburgh, NV",32181,411-993-6957,19,17,8,14
74941347,Ann Underwood,female,26,ann.underwood@gmail.com,"68821 Kathleen Bridge, Port Robertland, CT",14786,312-468-8622,19,11,13,8
55129034,Brian Smith,female,19,brian.smith@hotmail.com,"370 Campbell Isle Suite 775, Schneiderview, KY",87173,216-136-5752,11,19,7,11
2279937,Cody Rodriguez,female,22,cody.rodriguez@hotmail.com,"73460 Payne Via Apt. 281, South Jennifer, NY",84748,062-339-0055,16,15,12,18
84130959,David Hickman,male,28,david.hickman@hotmail.com,"45969 Steven Run Suite 684, North Williamfurt, IA",72551,195-340-2670,13,11,11,18
64243585,Matthew Miller,female,22,matthew.miller@gmail.com,"0963 Luis Inlet, Hawkinsport, SC",54217,250-729-4403,15,14,20,16
22544363,Eric Ellison,female,28,eric.ellison@hotmail.com,"318 Wagner Flat, Rossburgh, MS",10415,264-230-5982,19,13,7,20
75636630,Deborah Wade,male,20,deborah.wade@gmail.com,"1131 Graham Meadows, West Tiffanyland, NC",21798,396-992-7113,16,18,13,14
19727424,Jason Graham,female,19,jason.graham@gmail.com,"0662 Duran Hills Suite 956, Williamsville, MT",29575,465-269-3017,9,18,16,19
78561051,Jamie Hernandez,male,21,jamie.hernandez@hotmail.com,"251 Joseph Spur Suite 799, New Josephmouth, AK",14806,591-485-1072,12,16,14,16
85103911,Krystal Jackson,male,27,krystal.jackson@gmail.com,"56070 Smith Club Apt. 587, West Kevinside, DE",98191,359-662-6938,20,17,12,18
53341095,Christopher Jackson,male,20,christopher.jackson@hotmail.com,"0568 Austin Plain Suite 294, Port Ashley, PW",7686,141-452-4938,18,14,8,9
89970690,Elizabeth Yang,male,27,elizabeth.yang@gmail.com,"19063 Schmidt Fields Suite 995, Ashleyberg, PR",14746,978-882-4068,13,11,11,18
79975034,William Martin,male,19,william.martin@gmail.com,"43058 Andrew Field Apt. 446, South Robin, MT",15364,951-228-7852,8,19,19,13
55365676,Charles Owens,female,20,charles.owens@hotmail.com,"795 Cole Heights, East Aaronview, SC",14611,430-183-5224,16,11,17,9
66106768,Joe White,male,19,joe.white@hotmail.com,"370 Edwards Views Suite 562, East Christina, WY",58045,871-628-9639,14,13,14,20
66911698,Michael Cabrera,female,19,michael.cabrera@gmail.com,"82054 Dennis Islands Apt. 266, Lake Francisco, AK",86353,075-713-7536,9,14,7,12
23056593,Robert Gomez,male,24,robert.gomez@gmail.com,"8093 Brenda Summit, West Elizabeth, KY",56610,903-051-3113,14,13,9,11
59841189,Melissa Ortiz,female,27,melissa.ortiz@hotmail.com,"81866 Robert View, Danaberg, PA",12275,857-754-9617,15,11,9,18
46519252,Amy Garcia,male,27,amy.garcia@hotmail.com,"716 Brown Throughway, Lake Monique, MI",45641,597-045-0811,16,17,10,16
50423394,Jonathan Castaneda,male,24,jonathan.castaneda@hotmail.com,"176 Carpenter Neck Apt. 609, New Cherylfurt, NY",53555,798-410-4385,16,15,12,15
48410135,Jake Figueroa,female,27,jake.figueroa@gmail.com,"51495 Brittany Courts, Adamview, UT",77030,597-598-9083,7,19,18,12
53471776,Marcus Smith,male,26,marcus.smith@gmail.com,"27181 Salas Keys Apt. 077, New Mckenzieport, NV",33288,128-906-8560,8,8,16,10
16488470,Amanda Fuller,female,22,amanda.fuller@gmail.com,"07881 James Stravenue, Chelseastad, AL",67759,583-739-5547,9,16,15,12
64974382,Catherine Kim,female,22,catherine.kim@hotmail.com,"68784 Kyle Lakes Apt. 895, Houstonmouth, HI",98063,440-026-3126,7,13,19,12
49963467,Travis Watson,male,21,travis.watson@gmail.com,"271 Meghan Shoal, Paulaburgh, AK",21217,467-779-3656,20,15,9,7
13920659,Austin Davis,male,26,austin.davis@gmail.com,"799 Rosario Village, Port Laura, KS",80769,031-250-7124,13,20,10,13
81229430,Brian Young,male,27,brian.young@hotmail.com,"200 Shawna Drive, Jeffersonside, VI",83944,827-001-6015,15,13,13,13
1601896,Gregory Vaughn,female,23,gregory.vaughn@hotmail.com,"99625 Karen Ridge, North Williamview, VI",67635,821-262-9679,13,20,13,17
27030033,Ricardo Lopez,female,27,ricardo.lopez@hotmail.com,"71536 Mcpherson Crossing Apt. 849, South Jill, MI",42950,157-679-7043,12,12,11,9
50249445,Carrie Caldwell,male,21,carrie.caldwell@hotmail.com,"813 Johnson Brooks Suite 766, New Mary, SC",18042,485-546-0359,7,13,10,9
76478246,Emily Booker,female,28,emily.booker@gmail.com,"39358 Thompson Springs Suite 690, South Samantha, ND",51476,785-526-5153,11,7,14,9
99050385,Suzanne Powell,male,19,suzanne.powell@hotmail.com,"231 Clark Avenue Suite 521, Holderfurt, ND",38264,598-821-6847,17,14,12,13
89462064,Todd Rodriguez,male,19,todd.rodriguez@gmail.com,"76639 Madison Mission, Jasonburgh, NE",72451,281-722-2426,12,8,15,10
23660348,Ebony Hanna,male,19,ebony.hanna@hotmail.com,"07118 Steven Alley, Thomasbury, CA",84966,189-309-9420,19,16,14,16
60268873,Warren Fritz,female,19,warren.fritz@hotmail.com,"3656 Evans Mountains Apt. 529, New Shannonville, SC",70931,817-426-1366,20,17,11,14
30634252,Amy Brown,female,25,amy.brown@hotmail.com,"257 Jared Road Apt. 783, Lake Bryanfurt, MI",51717,890-268-6709,16,16,15,14
77769982,Stephanie Velasquez,male,27,stephanie.velasquez@hotmail.com,"448 Wallace Roads Suite 046, Wattsfort, PA",33517,775-872-9487,20,18,18,12
14504062,Michael Stone,female,19,michael.stone@hotmail.com,"318 Raymond Mill, Lopezhaven, MI",18596,627-855-8227,13,16,16,20
56702115,Thomas Morgan,male,24,thomas.morgan@hotmail.com,"7645 Robert Stream Suite 274, Melissafort, NH",66091,965-376-5157,11,17,16,9
75544907,Shirley Brown,female,21,shirley.brown@gmail.com,"282 Williams Manors, West Ginastad, CT",37150,888-280-6208,20,18,19,13
65565783,Courtney Smith,female,25,courtney.smith@hotmail.com,"06417 Stone Fork, Gordonton, FM",2184,035-368-9579,14,14,19,20
68088523,Emily Johnson,female,20,emily.johnson@gmail.com,"45211 Long Underpass, New Lindsey, NV",42584,701-801-9033,7,7,18,16
3295209,Felicia Morgan,female,21,felicia.morgan@gmail.com,"140 Nicholas Skyway Suite 157, West Josephton, IN",38980,302-594-8747,16,19,20,8
64115565,Mark Fernandez,male,19,mark.fernandez@gmail.com,"8350 Anthony Shores, Port John, RI",11298,774-611-7190,12,12,13,9
31785169,John Nichols,male,21,john.nichols@gmail.com,"7900 Wilson Flat, New Kyle, KY",9939,132-453-1558,10,13,7,19
93554675,Cameron Scott,male,26,cameron.scott@hotmail.com,"280 Jennifer Unions Apt. 471, Washingtonborough, WI",3619,734-173-4916,16,11,12,14
34930258,Donna Small,male,28,donna.small@gmail.com,"601 Christina Heights, North Sherri, GA",40231,775-068-1951,14,15,12,15
6943990,Douglas Jennings,male,21,douglas.jennings@hotmail.com,"537 Nelson Stream Suite 391, Nathanielton, HI",7635,317-816-2339,20,17,8,16
53838223,Luis Johnson,female,21,luis.johnson@gmail.com,"716 Jacob Forks, South Belinda, IL",23236,688-529-5468,20,11,19,16
58510818,Brianna Perkins,male,23,brianna.perkins@gmail.com,"61382 Brandon Summit, Lake Alexismouth, MT",5764,193-927-7084,7,10,19,13
17537650,David Miller,male,27,david.miller@gmail.com,"740 Christopher Club Suite 543, Shawburgh, AZ",22311,349-922-2236,20,10,10,17
63867800,David Arnold,female,26,david.arnold@hotmail.com,"2266 Jennifer Radial, Lopezmouth, CT",83980,026-886-7865,18,11,12,7
11171252,Travis Stone,female,22,travis.stone@gmail.com,"53679 Jonathan Path Apt. 791, Matthewville, LA",53219,531-199-1387,19,17,18,19
17666544,Christina Hayes,female,20,christina.hayes@gmail.com,"400 Kayla Skyway, Lake Tiffanychester, AK",41073,150-268-2941,9,7,18,12
58140245,Daniel Walls,female,21,daniel.walls@hotmail.com,"7325 Parks Groves, North Morgan, NE",63368,389-351-1017,18,16,7,19
32763734,Ricky Thompson,female,26,ricky.thompson@gmail.com,"2627 Holly Grove, North Kelly, SD",22518,084-564-8048,20,19,7,12
3541570,Joel George,female,24,joel.george@gmail.com,"819 Martha Row, Saundersville, NC",28901,788-866-0095,8,16,14,18
27810935,Barbara Rodriguez,female,27,barbara.rodriguez@hotmail.com,"7742 Brittney Burg, Nicholasville, OH",79769,373-567-0033,14,20,12,20
94972745,Cesar Howard,female,20,cesar.howard@gmail.com,"7064 Wagner Bypass Suite 857, East Jillian, AZ",83031,754-195-9679,19,7,16,20
41911639,James Sanchez,female,24,james.sanchez@gmail.com,"772 Malone Pike Suite 919, Francisburgh, MH",7938,597-179-6426,13,10,10,19
97021732,Steven Miller,male,21,steven.miller@gmail.com,"66378 Cindy Wall Suite 944, Perezborough, WY",5731,000-765-3828,19,12,8,7
24573966,Tanner Chang,female,24,tanner.chang@hotmail.com,"25775 Schmidt Circle, North Melissachester, ME",45693,760-304-9162,17,12,17,7
65136793,Douglas Jones,female,28,douglas.jones@gmail.com,"5148 Catherine Burgs Suite 220, Castanedatown, VT",75774,769-261-5639,20,17,12,7
27174919,Donna Oconnor,male,22,donna.oconnor@hotmail.com,"50497 Scott Brook Apt. 025, New Bryanshire, WI",68318,935-177-8368,12,12,14,14
76982553,Katherine Riddle,male,25,katherine.riddle@gmail.com,"55829 Gonzalez Mountain, Smithstad, MN",30702,063-923-7836,8,15,13,11
25117787,Kelly Graham,male,28,kelly.graham@gmail.com,"1715 Contreras Crossing, Ronaldhaven, CT",43019,550-665-6652,10,18,20,10
95676658,Gregory Quinn,female,20,gregory.quinn@hotmail.com,"28177 Wright Point Apt. 762, Hayeshaven, PR",29213,906-540-3288,10,11,10,19
24623325,Curtis Morales,male,24,curtis.morales@hotmail.com,"747 Smith Villages Apt. 455, South Emilymouth, CT",80593,192-884-6470,7,11,14,11
44020945,Matthew Johnson,male,25,matthew.johnson@hotmail.com,"08342 Higgins Ramp Suite 513, Ellisstad, FL",26219,952-838-3376,8,8,14,14
17942665,Drew Aguilar,male,23,drew.aguilar@gmail.com,"064 John Mount, South Katie, VA",86558,401-325-2711,10,14,13,17
85248379,Sherry Bush,male,20,sherry.bush@hotmail.com,"96516 Fleming Bypass, East Laurenfort, AL",32798,243-112-4240,17,20,8,10
25848405,Carolyn Mccoy,female,26,carolyn.mccoy@hotmail.com,"9231 Robinson Glens Apt. 759, South Joebury, NY",48095,877-593-9668,8,13,8,19
57726330,Sabrina Clark,female,28,sabrina.clark@gmail.com,"960 Scott Oval, Port Catherinestad, ND",37389,705-220-5574,13,17,11,11
87355512,Seth Avery,male,20,seth.avery@gmail.com,"06270 Curtis Hills Suite 621, Petersonhaven, ME",46672,345-676-7675,8,11,16,7
45491350,Ronnie Friedman,female,26,ronnie.friedman@hotmail.com,"522 Mark Fall Suite 384, Aaronshire, RI",70050,216-493-1002,8,8,14,19
93718454,Jessica Howell,male,27,jessica.howell@gmail.com,"1047 Ray Flats, North Juan, KS",83427,893-769-6320,14,13,14,20
99872594,Jessica Ellis,male,22,jessica.ellis@gmail.com,"725 Richard Courts Apt. 915, West Anne, TX",87981,885-714-7150,16,9,10,20
92072502,Keith Jacobs,male,24,keith.jacobs@gmail.com,"6039 Daniel Village, Lake Raymondview, SC",19722,713-857-8257,9,12,20,7
47981881,Elizabeth Garcia,female,24,elizabeth.garcia@gmail.com,"1242 Yates Villages, North Stephenmouth, WI",69032,057-572-1736,20,18,8,12
11389235,Ryan David,female,22,ryan.david@gmail.com,"8521 Erik Hill Apt. 295, Elizabethbury, KS",43763,140-954-5678,13,11,18,15
18032417,Kimberly Salazar,female,20,kimberly.salazar@gmail.com,"05231 Key Common, North Vanessaborough, OR",63653,979-650-7561,13,19,7,9
1920279,Ashley Johnson,female,23,ashley.johnson@gmail.com,"682 Mitchell Turnpike Suite 733, Amberville, ND",77218,512-128-3148,18,20,12,11
98936777,Judith Kirby,female,23,judith.kirby@gmail.com,"8538 Martinez Squares, North Katie, MH",79243,440-607-6376,12,7,10,9
53319741,Alicia Oliver,male,22,alicia.oliver@gmail.com,"8538 Bradford Row Suite 415, West Bethanymouth, PR",89685,731-934-9670,11,11,16,18
76731737,Christopher Reynolds,female,21,christopher.reynolds@gmail.com,"853 Greer Ports, East Monica, MP",36597,201-620-2191,16,8,16,13
31050367,James Gutierrez,female,21,james.gutierrez@hotmail.com,"1892 Schroeder Trail, South Angela, NC",88948,498-189-8334,9,8,10,20
33360198,Elizabeth Love,female,27,elizabeth.love@gmail.com,"6331 Erika Tunnel, Barnetttown, KS",31737,555-795-8122,7,14,20,16
45108959,Craig Webster,female,24,craig.webster@gmail.com,"08087 Townsend Mission, Nicholashaven, NJ",29233,027-859-5981,19,11,15,18
63884963,Christina Payne,male,28,christina.payne@hotmail.com,"9340 Edward Islands Suite 141, Greenefurt, MS",14373,075-702-2494,16,13,7,12
42993086,Michael Brown,female,26,michael.brown@gmail.com,"631 Joseph Coves, Lake Sharonfurt, PR",99802,929-329-3445,12,12,16,16
62849236,Dan Cruz,female,26,dan.cruz@gmail.com,"585 Nguyen Forest, Tanyaland, OR",78827,127-854-2573,10,13,19,10
38335440,Joshua Jenkins,female,23,joshua.jenkins@hotmail.com,"31990 William Meadow Apt. 272, East Barry, PR",28414,671-282-8261,20,17,8,8
96525125,Jeffrey Carrillo,male,28,jeffrey.carrillo@gmail.com,"956 Anthony Extension, New Christyberg, TN",75741,823-732-7137,20,10,9,19
52419625,Lisa Olsen,female,24,lisa.olsen@gmail.com,"02980 Kathy Stream, Adamfort, VI",25124,397-049-0111,11,18,16,11
64373724,Colleen Archer,male,23,colleen.archer@gmail.com,"4531 Chase Garden Apt. 109, Mooreport, NH",16332,111-865-9723,10,8,14,7
12935718,Denise Mcgrath,female,22,denise.mcgrath@hotmail.com,"63388 Denise Mews Apt. 267, North Robert, SC",74971,005-314-9278,16,11,14,17
5652945,Olivia Myers,male,26,olivia.myers@gmail.com,"08464 James Throughway, Johnborough, NV",70698,211-640-0123,7,7,20,8
57060959,Lauren Rogers,male,25,lauren.rogers@hotmail.com,"3706 Smith Island, Timothyfurt, SC",62449,046-225-2220,11,15,18,9
97286195,Daniel Hall,male,20,daniel.hall@hotmail.com,"1374 Johnson Via, Davidmouth, NH",14931,531-798-7533,11,16,15,16
49777338,Jessica Hines,female,28,jessica.hines@gmail.com,"9928 Shaffer Inlet Suite 751, West Patriciaberg, NE",30676,358-249-2973,18,15,18,14
35476588,Christina Lindsey,female,21,christina.lindsey@gmail.com,"21804 Rachel Village, Briannabury, AS",31553,082-914-1439,9,8,13,9
68732270,Charles Harmon,female,27,charles.harmon@gmail.com,"829 Thompson Plains Apt. 278, Bergermouth, AL",70975,545-054-6436,12,15,11,12
27620236,Wendy Estrada,female,26,wendy.estrada@hotmail.com,"82272 Leslie Green Suite 053, Smithstad, CT",38667,861-128-1956,16,18,16,11
83946388,David Cox,female,28,david.cox@gmail.com,"97500 Rodriguez Hills, Martinezfort, OR",36109,745-140-6874,12,16,14,12
56054987,Michael Raymond,male,21,michael.raymond@gmail.com,"8377 Riley Estates Suite 882, Laurieshire, MS",58909,055-407-5378,19,8,15,14
14564627,Aimee Chang,male,22,aimee.chang@gmail.com,"12399 Flores Harbor Apt. 231, East Richardton, VA",75495,933-558-7159,9,16,8,19
53762010,Felicia Burnett,female,25,felicia.burnett@hotmail.com,"090 Denise Trace, Philipview, VI",99886,807-332-9238,16,11,9,19
32129776,Jessica Delgado,male,25,jessica.delgado@gmail.com,"749 Ashley Cliffs, Port Kimberly, HI",57273,031-940-6117,14,20,20,16
85958771,Ryan Harris,female,25,ryan.harris@gmail.com,"753 Wallace Road Apt. 753, North Colleenshire, KS",18097,501-359-3080,18,8,19,8
94146143,Stephanie Baird,female,22,stephanie.baird@gmail.com,"335 Donald Motorway Apt. 911, Lake Angelahaven, AL",35164,778-600-4131,17,10,9,14
80191360,Eric Cook,female,28,eric.cook@hotmail.com,"53222 Campbell Parkways, New Jeremyport, MA",72519,603-784-9776,13,20,12,15
12097606,Nicholas Carroll,female,27,nicholas.carroll@hotmail.com,"6640 Jackson Avenue, Lake Janechester, WI",33198,360-040-5965,9,13,20,7
10765842,John Clark,female,28,john.clark@gmail.com,"3136 Mendoza Vista, North Lindahaven, SD",15467,743-908-5038,7,7,7,19
20106972,Andrew Leon,male,28,andrew.leon@hotmail.com,"3815 Sherri Parkways Apt. 677, Lake Kevinland, VI",27477,181-680-5064,9,10,20,9
56906787,Adrian Nunez,male,19,adrian.nunez@hotmail.com,"73804 Sanders Street, North John, CA",3855,275-101-0395,18,11,18,15
89371411,Kathryn Walker,female,24,kathryn.walker@hotmail.com,"215 William Burg, Port Miranda, RI",30526,872-379-4285,13,18,14,10
39940426,Ryan Espinoza,female,26,ryan.espinoza@gmail.com,"48670 Rogers Walk, Lake Mary, CA",21668,849-803-0228,17,12,10,7
46416889,Alicia Livingston,male,20,alicia.livingston@gmail.com,"6463 Anthony Point, North Noah, IN",99940,052-299-9648,8,17,16,9
23553803,Timothy Mckenzie,male,27,timothy.mckenzie@hotmail.com,"2502 Simmons Trail Suite 370, South Shannon, ME",48682,950-893-6737,17,11,15,19
40475482,Amy Costa,female,20,amy.costa@gmail.com,"37042 Martinez Fall Suite 669, Watkinsmouth, IN",35783,514-017-4158,13,17,9,7
41093871,Heather Acosta,male,24,heather.acosta@hotmail.com,"7636 Jennifer Knoll, Johnsview, NH",47111,425-833-1028,18,13,16,16
74029326,Amber Richards,male,25,amber.richards@gmail.com,"98299 Benjamin Squares, Walkerhaven, AS",26582,943-133-7591,19,17,17,19
98801487,Roy Williams,male,21,roy.williams@gmail.com,"21781 Walker Ville, East Ashleyfurt, CO",57984,256-999-5833,9,9,11,8
41768334,Christopher Oconnor,male,19,christopher.oconnor@gmail.com,"0682 Lindsey Dale, South Melissafort, MT",67956,839-795-0205,19,7,18,18
36076101,Jennifer Lawson,male,21,jennifer.lawson@hotmail.com,"50735 Kim Highway Apt. 230, North Sarahhaven, MO",99516,631-049-5331,11,20,9,9
78292671,Heather Rollins,male,21,heather.rollins@gmail.com,"1704 Dickerson Walk Suite 498, Sarahchester, GA",32127,969-604-1835,20,11,16,11
73648547,Deanna Mosley,male,26,deanna.mosley@gmail.com,"9922 Flores Run Suite 040, Scotthaven, NV",16404,383-057-7034,12,9,11,20
8503479,Maria Patton,female,20,maria.patton@gmail.com,"519 Devon Run Suite 935, West Kaylee, AZ",26126,147-770-6808,19,13,18,11
41658177,Elizabeth Nolan,female,28,elizabeth.nolan@hotmail.com,"0679 Candice Corners Suite 071, Port Brianna, WV",98944,327-354-2104,9,14,13,20
62837567,Michael Casey,male,20,michael.casey@gmail.com,"489 Johnson Fords Suite 939, Hortonburgh, TX",54508,840-110-4465,11,12,20,9
21168641,Hunter Fleming,female,27,hunter.fleming@hotmail.com,"0000 Davis Road, South Sandratown, DC",43943,854-433-4062,10,11,20,11
64957334,Clifford Avery,female,19,clifford.avery@gmail.com,"4214 Wright Street, Lake Joelland, PR",90611,581-952-6978,12,19,17,15
99101605,Mark Martinez,male,27,mark.martinez@gmail.com,"6066 Kayla Freeway Apt. 952, North Amyton, AZ",39617,335-781-5843,18,11,19,18
68300390,Arthur Cross,female,25,arthur.cross@gmail.com,"585 Rhonda Fords, North Michaelville, NJ",67882,574-456-8912,7,7,9,9
508965,Gary Baker,male,25,gary.baker@hotmail.com,"4597 Stephanie Dale, Matthewtown, MD",59094,101-318-3135,18,20,12,11
67191579,Mary Strong,female,22,mary.strong@gmail.com,"31749 Martinez Lake, Amandaside, ND",29565,002-662-1828,20,15,9,13
4409192,Jerry Johnson,male,28,jerry.johnson@gmail.com,"354 Krystal Road, Andrewsview, WY",22364,616-777-1623,19,14,17,8
64995484,Jennifer Dunlap,male,25,jennifer.dunlap@hotmail.com,"1796 Penny Shores, Jamesshire, PR",85894,560-211-0880,19,15,15,15
78242885,Antonio Norton,female,25,antonio.norton@hotmail.com,"592 Cindy Hills Suite 785, Melissahaven, WI",17152,806-899-0600,8,12,10,12
30683655,Jennifer Morgan,female,21,jennifer.morgan@gmail.com,"31345 Cook Fall Apt. 101, West Scott, AL",37833,490-308-2924,8,10,15,18
3482153,Dana Woodward,female,27,dana.woodward@gmail.com,"1269 Jeffrey Creek, Harmonhaven, CO",10824,575-989-6102,11,10,11,12
5016883,Paul Miller,male,23,paul.miller@gmail.com,"011 Tammy Springs Apt. 655, Whitemouth, WY",68370,433-262-8355,15,16,9,19
64769541,Susan Harris,male,21,susan.harris@hotmail.com,"446 April Valleys, South David, PW",16470,655-032-9413,17,10,9,9
97275509,Erika Stuart,male,26,erika.stuart@gmail.com,"819 Campbell Freeway, Haneybury, PR",34243,680-612-2902,11,8,15,19
73322637,Ashley Walker,female,24,ashley.walker@gmail.com,"46589 Daniel Fields, Port Heather, NH",48099,816-126-6082,12,14,12,16
28423034,Ann Clark,female,22,ann.clark@gmail.com,"032 Barnes Trace Apt. 856, Port Isaac, NY",39792,836-787-1872,8,11,9,14
42306657,Sandra Farmer,male,24,sandra.farmer@gmail.com,"6110 Tracy Land, North Philipstad, MT",82790,208-985-6445,19,13,9,19
95837973,James Castro,male,21,james.castro@gmail.com,"62914 Dixon Prairie Apt. 010, South Kevinstad, DC",19178,935-076-9490,15,15,19,10
20325648,Donna Nunez,female,25,donna.nunez@hotmail.com,"52168 Mccarthy Flat, Stephanieland, AK",884,830-233-5228,12,15,20,12
63777731,Diana Greene,female,24,diana.greene@gmail.com,"25723 Trevor Center Suite 229, Andrewmouth, GA",30631,118-243-8155,14,18,16,10
42296315,Tammy Moore,female,22,tammy.moore@gmail.com,"7096 Johnson Turnpike, Nunezhaven, AR",26466,287-817-2592,14,16,20,18
224094,Sharon Buchanan,female,22,sharon.buchanan@hotmail.com,"24083 Brad Road Suite 200, Lake Donna, IL",69027,522-284-9465,10,15,17,19
32345820,Linda Barr,female,23,linda.barr@hotmail.com,"4044 Miranda Dam Apt. 809, Garyfurt, OK",35132,627-902-1156,15,17,12,15
48771944,Adriana Simpson,male,19,adriana.simpson@hotmail.com,"271 Peters Orchard, New Benjamin, MD",26137,837-111-2310,12,19,11,12
7496494,Frank Castaneda,male,22,frank.castaneda@hotmail.com,"5494 Courtney Tunnel, West Michaelhaven, MD",99083,466-930-0853,20,11,8,12
6127973,Carla Jennings,male,22,carla.jennings@hotmail.com,"57318 Rios Rapids Apt. 827, Thomasville, WV",44444,498-184-9290,20,13,20,13
81491745,Jason Cooke,female,26,jason.cooke@hotmail.com,"07447 Diana Pass Suite 259, Antonioville, OR",26872,836-761-9316,17,10,10,16
59308673,Isaac Kelley,male,26,isaac.kelley@hotmail.com,"612 Harrington Ports Suite 015, Ruizburgh, GA",24527,886-354-4244,16,10,13,18
97299901,Benjamin Bradley,female,22,benjamin.bradley@hotmail.com,"554 Richard Unions, Mcclainhaven, IL",1764,530-954-8818,12,17,18,13
37141090,Jeffrey Knight,male,23,jeffrey.knight@hotmail.com,"67124 Zhang Estate, New Jackland, SD",8363,138-050-0245,10,18,18,19
36201402,Kevin Smith,female,22,kevin.smith@gmail.com,"1128 Angela Coves Apt. 508, Torresland, SD",94602,411-990-8843,14,18,13,17
16333580,Philip Hartman,male,21,philip.hartman@hotmail.com,"923 Marks Forge, East Ana, FL",28401,772-623-6160,8,11,13,13
83228044,Daniel Santos,female,22,daniel.santos@hotmail.com,"8569 Alison Center Suite 934, Tracymouth, OH",79617,999-954-5476,11,14,14,16
54334626,Randy Hughes,male,24,randy.hughes@gmail.com,"360 Atkinson Drive Suite 614, New Brittany, KY",90234,100-667-5417,19,17,10,16
93450825,Michael Sims,female,20,michael.sims@hotmail.com,"1992 Baker Parkway, Alyssaburgh, NH",29154,483-455-2824,19,7,20,13
77372316,Victor Keller,female,24,victor.keller@hotmail.com,"434 Christina Points, East Robertport, MD",76847,688-140-1797,7,11,9,18
64631581,Lisa Le,male,22,lisa.le@hotmail.com,"6792 Griffith Station Suite 424, West Thomas, GA",62895,495-269-7203,7,8,8,20
11519749,Kurt Arroyo,male,22,kurt.arroyo@gmail.com,"9338 Michael Stream Apt. 361, Mckinneyport, MT",92212,639-533-6274,16,18,17,8
61183149,Jessica Bryant,male,21,jessica.bryant@hotmail.com,"033 Dylan Union Suite 193, Silvafurt, OK",41001,169-235-9974,19,17,14,11
347051,Tammy Donovan,male,28,tammy.donovan@hotmail.com,"21032 Dickson Ways Apt. 637, North Elizabeth, KY",12308,415-067-6906,8,17,8,8
70608746,Christopher Wallace,male,23,christopher.wallace@hotmail.com,"9633 Mike Dam, Port Curtis, DC",92616,116-089-5670,16,9,19,20
78137863,Marc Aguilar,female,24,marc.aguilar@gmail.com,"26572 Nathan Shoal Apt. 636, New Ericstad, TN",52495,760-644-7371,10,15,17,9
69685287,Julie Lester,female,28,julie.lester@hotmail.com,"52386 Herrera Court, Tonyside, NV",90075,778-656-3412,18,11,12,10
17515407,Tanya Washington,male,21,tanya.washington@gmail.com,"8706 Ramirez Highway, Kathrynhaven, IA",18215,730-251-4149,10,14,16,8
40713717,James Figueroa,male,19,james.figueroa@gmail.com,"25677 Morgan Glen Suite 237, Lake Dianetown, OH",34858,018-122-8268,16,8,19,11
8998980,Vanessa Garcia,female,20,vanessa.garcia@hotmail.com,"5295 Harrison Square Apt. 802, Kellyburgh, IL",35843,314-960-8788,7,12,8,8
80424252,Martin Jacobs,male,24,martin.jacobs@hotmail.com,"89259 Mendez Extensions Apt. 785, Rebeccatown, MA",58397,090-994-5641,12,18,10,10
5187337,Sandra Schneider,female,19,sandra.schneider@gmail.com,"200 Grant Fork, Camposberg, MD",7301,698-378-9927,17,17,10,19
18554865,Michael Boyle,female,22,michael.boyle@hotmail.com,"82660 Friedman Falls, New Nicolehaven, MT",58359,901-518-5959,14,18,7,17
8983222,Whitney Ferguson,male,24,whitney.ferguson@hotmail.com,"49928 Dennis Plains, Leeport, WY",64036,595-852-3599,19,8,12,12
98075397,Ashley Villanueva,female,24,ashley.villanueva@gmail.com,"744 Louis Crescent Suite 867, South Brianstad, IL",9854,851-931-8271,10,8,17,19
90591794,Javier Williams,female,27,javier.williams@hotmail.com,"6729 Butler Park Apt. 076, North Michaelberg, NM",26475,848-513-5320,18,20,19,9
23744643,Danielle Norman,male,21,danielle.norman@gmail.com,"6075 Rios Courts Apt. 691, Port Yeseniaberg, SD",98784,312-594-4991,10,17,15,14
29739693,Randy Ellis,male,26,randy.ellis@hotmail.com,"6254 Fox Tunnel Apt. 744, Joneschester, WV",35659,746-863-0088,11,13,11,9
32154865,Jonathan Johnson,female,23,jonathan.johnson@hotmail.com,"93578 Smith Island Apt. 902, Melissafort, MN",15783,223-799-5007,7,11,11,17
73495453,Linda Caldwell,male,20,linda.caldwell@gmail.com,"8059 Michael Center Suite 712, Keystad, MH",96787,905-141-3094,16,7,9,8
10609877,Shari Morrison,female,22,shari.morrison@hotmail.com,"288 Aaron Divide Apt. 389, North Anthonyburgh, HI",11300,152-005-6657,15,20,13,13
78750944,Tracy Bender,female,25,tracy.bender@gmail.com,"63562 Jared Alley Apt. 968, New Laceyport, MD",77479,712-563-4227,15,7,7,15
4791818,Elizabeth Martinez,male,27,elizabeth.martinez@hotmail.com,"734 Kelley Lakes Apt. 882, South Michaelport, DC",59806,436-151-1360,17,19,10,12
71232973,Claudia Lee,female,19,claudia.lee@hotmail.com,"162 Cody Ridge Apt. 185, South Loritown, MT",59553,803-481-0618,15,7,8,16
7249867,Jonathan Walker,male,28,jonathan.walker@hotmail.com,"39645 Samantha Springs, Alyssaville, SC",68847,806-917-4061,8,7,7,7
44963413,Charles Watson,female,20,charles.watson@gmail.com,"070 Brad Pike Suite 051, South Travisland, NV",55747,427-942-6998,20,15,10,13
85146395,Michael Jenkins,female,22,michael.jenkins@gmail.com,"2851 Duarte Forks, Meghantown, ME",34108,164-987-9963,10,18,13,10
79480245,Robert Smith,female,22,robert.smith@gmail.com,"92928 Ramsey Islands, Franklinland, CO",52246,524-129-6913,18,8,17,13
99614187,Devin Myers,female,25,devin.myers@hotmail.com,"923 Anderson Flats, South Marie, AR",98796,094-289-1990,9,14,8,14
6717844,Heather Summers,male,23,heather.summers@hotmail.com,"9707 James Ranch, Taylorbury, WV",45753,676-095-9154,12,17,7,14
25251269,Daniel Garza,female,24,daniel.garza@gmail.com,"88033 Melissa Port Apt. 540, Smallton, CO",49792,343-877-2054,8,14,18,8
24349729,Patricia Jackson,male,19,patricia.jackson@gmail.com,"138 Diaz Fields Apt. 216, East Francisco, VI",21764,164-283-1819,14,13,15,9
47636413,Mary Williams,male,22,mary.williams@hotmail.com,"157 William Isle Apt. 532, Sandovalburgh, ID",89661,040-881-8728,19,18,13,12
91157480,Joel Guerrero,female,20,joel.guerrero@hotmail.com,"82419 Hall Fort, Floresside, MO",91437,997-179-7518,17,16,15,10
55579058,Curtis Shields,female,20,curtis.shields@gmail.com,"63498 Wilson Motorway Suite 733, New Russellburgh, ME",24425,664-714-2162,8,20,14,19
84498878,Elizabeth Chandler,male,25,elizabeth.chandler@hotmail.com,"546 Armstrong Fall Suite 319, Port Gary, WY",31810,886-717-6435,18,15,14,16
46285565,Amber Jones,male,21,amber.jones@hotmail.com,"65532 Burton Underpass Suite 743, Port Rachel, WV",82411,493-409-6537,20,18,11,11
3159345,Sara Hughes,male,27,sara.hughes@gmail.com,"35000 Guzman Trace, Robertside, MI",92755,279-919-2409,11,16,18,10
12018884,Robert Morrison,male,19,robert.morrison@gmail.com,"53108 Caroline Fields, Marthaview, WA",56599,661-555-4143,11,16,10,12
64962949,James Sanchez,male,19,james.sanchez@hotmail.com,"92309 Wise Well, Ayalafort, MA",7524,216-066-2915,15,7,18,8
58107870,Natalie Myers,female,23,natalie.myers@gmail.com,"3901 Campbell Spur Apt. 024, Leetown, LA",67039,711-332-7261,9,20,18,17
90757472,Thomas Thomas,female,19,thomas.thomas@gmail.com,"21372 Shelia Divide Suite 811, Ryanborough, PR",78532,400-431-6557,17,13,17,17
99251015,Ryan Thompson,male,26,ryan.thompson@hotmail.com,"7141 Jimenez Cliff Suite 067, Lake Rebeccaberg, WI",51274,599-917-8198,13,16,17,19
89740059,Keith Kim,male,22,keith.kim@hotmail.com,"89834 Vincent Rest, Jonesburgh, WV",87149,604-805-7319,11,7,15,18
32752232,Amanda Harrell,male,23,amanda.harrell@hotmail.com,"900 Clark Light Suite 789, South Daniel, CT",57283,042-814-5411,12,11,10,19
80000197,Kimberly Palmer,female,19,kimberly.palmer@hotmail.com,"4424 Webster Mills, New Davidhaven, MT",13601,119-750-2307,11,18,10,13
86515144,Michael Ritter,female,26,michael.ritter@gmail.com,"509 Garcia Tunnel, Vanessaside, NY",8364,278-255-3702,9,15,18,7
50929252,Thomas Bailey,female,20,thomas.bailey@gmail.com,"0113 Jones Prairie, Lake Grantmouth, ID",2192,775-929-0937,14,7,10,14
84490094,Mitchell Willis,male,27,mitchell.willis@gmail.com,"11825 Kenneth Station, Mooreland, MO",12813,094-201-5669,19,7,14,18
6339907,Deborah Saunders,male,21,deborah.saunders@hotmail.com,"690 Berger Mills Apt. 019, South Nicole, PA",55961,461-210-9239,17,19,16,12
2425461,Deborah Garrett,male,21,deborah.garrett@hotmail.com,"404 Sullivan Coves Apt. 591, Hollystad, VT",13470,661-919-7022,10,7,13,12
43901554,April Ruiz,male,24,april.ruiz@hotmail.com,"559 Michael Crest, North Leslieborough, UT",15285,800-326-2352,12,17,17,20
55012124,Janet White,male,27,janet.white@hotmail.com,"4780 Melissa Trail Suite 112, Mcgrathstad, MS",88490,533-293-7675,10,19,17,16
36757896,Reginald Brown,female,25,reginald.brown@gmail.com,"485 Brewer Plaza Apt. 659, Kristenshire, AK",60396,235-736-3699,8,7,18,7
90924948,Destiny Williams,male,25,destiny.williams@gmail.com,"263 Gary Skyway, Davisport, AL",67469,462-173-2542,17,15,8,19
39263948,Holly Gutierrez,male,19,holly.gutierrez@hotmail.com,"5411 Peter Well, Port Pamelamouth, IN",57458,758-287-1630,17,17,14,18
11602303,Beverly Wilson,female,26,beverly.wilson@gmail.com,"525 Christopher Park Apt. 743, South Sharonton, VT",18985,897-421-2008,18,8,16,9
98370778,Jessica Ward,female,21,jessica.ward@gmail.com,"73520 David Motorway, East Davidfurt, MH",51729,072-333-5323,11,13,16,12
59751797,Jessica Henderson,male,28,jessica.henderson@hotmail.com,"48624 Cody Bypass, Lake Aaron, IA",36031,255-678-0440,16,17,10,17
58612129,Margaret Davis,female,19,margaret.davis@gmail.com,"3993 Hernandez Locks, Lake Mary, DE",62196,994-518-6038,11,11,12,14
25770791,Thomas Alexander,male,22,thomas.alexander@hotmail.com,"4213 Stewart Drive Suite 516, North Steven, MI",25947,663-129-2483,20,15,16,17
67518597,Patrick Long,male,23,patrick.long@hotmail.com,"26674 Carr Lights Apt. 062, Port Chad, NC",66610,578-538-2402,18,9,18,9
50915694,Jamie Hunter,male,25,jamie.hunter@hotmail.com,"26759 Diana Forges, Jameschester, VI",98426,866-674-5384,15,18,8,13
3484276,Jose Gutierrez,male,20,jose.gutierrez@gmail.com,"5839 Scott Shoals, South Stanleyville, NJ",15977,907-065-5556,12,8,12,11
51455502,Kathryn Parker,female,24,kathryn.parker@gmail.com,"317 Michelle Wells Apt. 048, Julieland, MN",32194,692-730-7921,7,15,17,11
16477619,Paul Newman,female,19,paul.newman@gmail.com,"44773 Byrd Gateway, Lake David, AZ",85690,050-698-8363,15,19,7,19
95956837,Jack Gilbert,male,21,jack.gilbert@gmail.com,"9445 Lambert Ramp Apt. 446, Lake Ianstad, NE",48897,238-179-4706,12,19,18,20
16679275,Paul Lee,male,24,paul.lee@hotmail.com,"1380 William Garden Apt. 328, North Christinestad, CT",63996,695-970-1081,7,10,20,9
6823161,Wendy Cox,female,23,wendy.cox@gmail.com,"4522 Thomas Valley Suite 319, South Tracitown, HI",86985,978-436-3259,15,20,20,15
47774218,Shane Villarreal,female,25,shane.villarreal@hotmail.com,"2474 Garrett Dale, Lake Christopherville, MA",54842,682-595-2470,16,17,11,15
12055801,Stephanie Tapia,male,19,stephanie.tapia@hotmail.com,"2443 Lee Mission Apt. 765, West Rachelchester, NV",27222,021-220-5667,20,18,10,18
39165538,Kristy Chang,male,25,kristy.chang@hotmail.com,"0326 Erik Crescent, West Scott, AZ",73359,291-310-9384,16,13,8,12
46468580,John Schwartz,female,23,john.schwartz@hotmail.com,"27662 Andrews Fall, South Matthew, DC",37237,686-875-4830,16,15,18,14
80603200,Larry Flores,female,25,larry.flores@hotmail.com,"8656 Paul Plain Apt. 175, West Brian, FL",59742,472-962-5649,15,19,8,9
53591717,Mark Wade,male,24,mark.wade@gmail.com,"5655 Hoffman Center Apt. 638, Hawkinsborough, ME",15667,785-818-5425,11,12,14,12
49879644,Melinda Lopez,male,26,melinda.lopez@gmail.com,"3251 Thompson Pass Apt. 224, North Ashleyport, TX",49628,355-347-5944,7,9,15,20
23419378,Derrick Garcia,female,19,derrick.garcia@hotmail.com,"278 William Plaza Suite 990, West Allisonstad, AR",19529,266-971-0668,13,7,9,14
80608676,Ryan Larson,male,20,ryan.larson@gmail.com,"0689 Vanessa Mill, Bennetthaven, MD",71479,325-373-9134,9,10,16,11
20126669,Doris Gray,female,23,doris.gray@hotmail.com,"344 Hunter Ridge Apt. 371, Ortizstad, RI",33371,100-398-0929,10,12,8,11
54042690,Veronica Bailey,male,19,veronica.bailey@gmail.com,"7211 Kelsey Pass, Port Nancyland, MA",7936,707-978-9883,17,17,13,13
88103862,Emma Cole,male,25,emma.cole@gmail.com,"2314 Brent Ports Suite 410, South Emma, LA",76984,381-956-6458,14,9,12,19
15717304,Christian Butler,female,23,christian.butler@hotmail.com,"12849 Robert Vista Apt. 539, New Samuelmouth, MS",74107,904-255-7433,11,15,19,19
19806947,Troy Brown,female,27,troy.brown@gmail.com,"2877 Peter Greens, Ginaville, DE",36693,256-119-0348,13,14,16,17
86854551,David Davidson,female,28,david.davidson@gmail.com,"298 Johnson Vista Apt. 599, Jonathonburgh, DC",73335,137-570-7782,10,7,16,19
31969597,Mary Moreno,male,24,mary.moreno@gmail.com,"8308 Cunningham Hill Suite 849, Amandaview, OK",71943,323-716-1024,8,11,20,7
65803033,Kimberly Miller,female,20,kimberly.miller@hotmail.com,"53132 Travis Grove, Port Kristy, KY",28531,712-184-7989,17,20,18,20
87681285,David Wagner,male,20,david.wagner@hotmail.com,"87495 Kelley Via, Kennedymouth, PW",97468,786-232-2373,17,8,16,7
70163497,Natalie Trujillo,female,20,natalie.trujillo@gmail.com,"49603 James Passage Apt. 947, Johnsonchester, FM",18460,520-869-7948,9,18,9,15
84891545,Christina Dillon,male,19,christina.dillon@hotmail.com,"563 Janet Harbors, East Karenview, ME",9030,852-322-9163,12,17,14,15
55935040,William Lara,male,19,william.lara@gmail.com,"1991 James Lake Apt. 020, Glennfurt, AK",28262,500-634-0677,11,17,20,8
80124051,Mark King,male,22,mark.king@gmail.com,"543 Mario Inlet, Petermouth, WV",40252,560-967-4863,8,10,14,9
11433037,Kim Tate,female,23,kim.tate@hotmail.com,"03235 Miller Loop, West Davidmouth, FL",47177,287-638-3348,9,17,8,20
29733439,Sean Jimenez,female,20,sean.jimenez@hotmail.com,"4733 Timothy Village, Karenmouth, OH",79325,476-839-4020,9,12,7,18
38602469,Katie Reeves,male,25,katie.reeves@gmail.com,"71663 Evans Drive, South Kristinaside, PW",82663,413-953-3552,12,13,16,17
68239190,Victor Gordon,male,19,victor.gordon@gmail.com,"99459 Amanda Cape, Brownfort, KS",22071,329-679-4359,12,11,18,15
37291784,Oscar Morrison,male,24,oscar.morrison@gmail.com,"1556 Moore Ford, South Christina, NE",54134,611-156-7787,19,13,10,15
90652939,Margaret Gardner,female,26,margaret.gardner@gmail.com,"3894 Jones Corner, West Jeffreybury, NH",82553,350-057-3973,12,7,8,8
60057465,James Nelson,female,25,james.nelson@hotmail.com,"968 James Port Apt. 624, West Gina, CO",99040,519-135-9665,20,8,18,10
43543104,Andrea Price,male,27,andrea.price@gmail.com,"8489 Christine Parkways Suite 216, East Susan, UT",71643,529-595-0152,10,18,11,12
71428907,Nancy Carroll,male,26,nancy.carroll@hotmail.com,"9436 Paula Field, Lake Pamelaberg, GU",44697,281-140-5441,14,20,11,7
47567420,Catherine Larson,male,25,catherine.larson@gmail.com,"642 Angela Dam, Singletonchester, WV",22778,331-103-9254,16,19,12,19
73183630,David Soto,male,23,david.soto@hotmail.com,"3065 Hayes Plain Suite 226, North Angelica, CT",85352,258-040-8503,17,15,17,16
36508564,Cynthia Levine,male,20,cynthia.levine@hotmail.com,"4980 Bass Extensions Suite 333, Shelleymouth, ND",54401,809-079-9923,19,17,18,12
20470933,Patricia Haynes,female,25,patricia.haynes@hotmail.com,"209 Roger Pines, West Amandaville, ND",5954,619-043-0842,17,9,12,19
11584171,Antonio Roberts,male,23,antonio.roberts@gmail.com,"23618 Rebecca Station, Andrewtown, ME",58265,769-778-6799,20,13,7,13
92474772,Christopher Smith,female,22,christopher.smith@hotmail.com,"83044 Palmer Stream, East Kimberlymouth, CO",52682,830-372-6932,9,18,13,20
4384385,Daniel Navarro,female,24,daniel.navarro@hotmail.com,"54691 Toni Pike Apt. 376, Marialand, NH",97033,400-496-5684,14,17,10,12
51893157,Robert Huffman,male,24,robert.huffman@hotmail.com,"93248 Rowe Knolls Suite 640, West Jennifermouth, FL",20117,492-519-8545,20,8,16,19
65308245,Debbie Henderson,female,20,debbie.henderson@gmail.com,"2114 Norton Stravenue, Port Julieton, IA",2139,713-342-1370,15,20,17,7
5615924,Jennifer Davis,male,26,jennifer.davis@hotmail.com,"0182 Tran Streets, Kevinside, MS",71326,954-643-4213,11,16,10,19
65239716,George Williams,male,28,george.williams@hotmail.com,"50616 Shaffer Burgs, Frankport, VT",33525,732-115-0105,13,20,15,9
78217960,Michael Jones,female,27,michael.jones@gmail.com,"683 Cesar Corners Apt. 368, Whiteton, IA",71400,514-641-7218,9,13,7,18
66139339,Jeffery Young,male,25,jeffery.young@hotmail.com,"907 Hawkins Hills Apt. 635, South Jeanchester, AR",52953,925-005-2862,16,13,17,8
55312134,April Williams,male,23,april.williams@hotmail.com,"146 Bennett Club Suite 802, Lake Jose, NJ",87313,901-314-9722,8,8,13,18
83134938,Kenneth Shields,female,23,kenneth.shields@gmail.com,"3526 Katrina Gateway Suite 797, Lambertland, OR",82254,523-222-0180,14,17,20,14
54251140,Jesus Jones,female,28,jesus.jones@hotmail.com,"2304 Rebecca Mall, Port Erikatown, WV",47809,257-800-3252,11,17,20,16
70090421,Kevin Bennett,female,20,kevin.bennett@gmail.com,"06133 Brewer Landing Suite 852, Johnsontown, CA",7750,382-490-7634,16,7,12,19
77372903,Jessica Ford,female,19,jessica.ford@hotmail.com,"71878 Brenda Circle, Lake Rachelstad, MT",39585,102-469-9626,18,18,9,15
58026251,Charles Nelson,female,23,charles.nelson@gmail.com,"6471 Hancock Highway, Santosmouth, CA",98926,673-526-6607,13,8,17,20
29208871,Rachel Bradley,male,27,rachel.bradley@hotmail.com,"563 Sanchez Manors Suite 455, South Whitney, AL",4568,121-874-2780,20,15,13,18
92693868,Amber Gordon,male,20,amber.gordon@gmail.com,"5375 Crawford Parkways, New Carmenmouth, NH",43881,794-034-4360,16,19,19,20
38910484,Patrick Bowen,male,19,patrick.bowen@gmail.com,"4136 Ramos Squares Suite 539, Lake Michelle, FL",9694,166-560-0839,14,8,14,14
2366869,Jason Evans,male,26,jason.evans@hotmail.com,"2927 George Dale, Jamesside, PA",80006,551-266-5944,7,7,18,20
40901771,Mario Smith,female,26,mario.smith@hotmail.com,"374 Jon Valleys, East Michellefort, HI",86329,056-994-2061,15,12,17,12
38608466,Tracy Davis,male,24,tracy.davis@gmail.com,"93771 Lester Islands Apt. 320, Schmidtland, TN",68494,985-969-4604,20,13,7,20
40029766,Diane Dunlap,female,24,diane.dunlap@gmail.com,"087 Edwards Walk, North Matthewfurt, MP",76583,542-521-5127,9,14,7,19
52591106,Anthony Coleman,male,27,anthony.coleman@hotmail.com,"159 Blackwell Cliff, Stephensonburgh, NH",46831,218-452-4143,20,10,13,16
15155008,Benjamin Rodriguez,female,23,benjamin.rodriguez@gmail.com,"4438 Moore Corner Apt. 908, Jeremyborough, PW",32060,703-712-4307,9,16,20,19
80948069,Brad Hudson,female,19,brad.hudson@hotmail.com,"97561 Andrew Forge, East Cody, MI",25881,687-711-9832,16,17,14,9
62425442,Melinda Baldwin,female,20,melinda.baldwin@hotmail.com,"881 Steele Drive, East Jose, CO",29877,964-688-7198,14,11,17,9
94281732,Sara Byrd,female,20,sara.byrd@hotmail.com,"554 Eric Springs Apt. 675, Wintersview, NY",11754,822-877-7762,12,10,13,17
13061928,Tiffany Johnson,female,24,tiffany.johnson@gmail.com,"348 Debra Manor, Leefurt, MH",26398,225-488-7616,20,9,15,11
68772960,Monica Thornton,male,24,monica.thornton@hotmail.com,"6473 John Branch, Lyonsburgh, PR",32930,767-440-1568,18,15,14,9
11176525,Pamela Mcgee,female,27,pamela.mcgee@hotmail.com,"5054 Hall Fords Apt. 208, Taylormouth, MI",61474,014-452-9299,10,13,14,7
94088973,Jeremy Alexander,male,19,jeremy.alexander@gmail.com,"3034 Troy Summit, Martinberg, CO",69255,255-311-6133,12,19,12,19
9247825,Heather Nicholson,female,28,heather.nicholson@gmail.com,"32876 Clark Meadows Suite 139, Timothyville, KS",33195,343-176-6717,14,7,18,9
48034296,Devin Scott,female,20,devin.scott@gmail.com,"13880 Hernandez Mill Apt. 088, Ortizville, FL",32167,264-868-9438,8,14,14,12
93814575,Steven Stewart,male,23,steven.stewart@hotmail.com,"594 Rebecca Cape, North Johnchester, SC",94947,728-866-2529,19,10,12,13
39459599,Brian Russell,male,21,brian.russell@gmail.com,"022 Carlson Keys Apt. 427, Patrickshire, ND",43970,661-089-3654,17,7,20,12
96456971,Andrew Sanders,male,19,andrew.sanders@gmail.com,"7391 Sara Ports Apt. 411, Atkinsonport, MD",58578,530-864-7767,11,19,8,10
93891542,Joseph Espinoza,male,24,joseph.espinoza@gmail.com,"15548 Jonathan Harbor Apt. 211, Tamifort, IN",88666,396-407-6108,10,20,20,19
66987185,Christian Barr,female,27,christian.barr@hotmail.com,"67807 Sandra Road Suite 942, Carlosfort, ME",55030,693-668-3677,19,17,19,16
64203867,Mallory Powers,female,26,mallory.powers@hotmail.com,"70797 Andrews Turnpike, Jordanchester, HI",46602,662-318-9812,18,12,8,8
73759372,Brandon Dixon,male,23,brandon.dixon@gmail.com,"27582 Kelsey Mews, South Joseph, LA",18664,701-696-9582,17,10,9,19
31605563,Kristen Erickson,female,21,kristen.erickson@gmail.com,"3396 Tonya Trafficway Apt. 430, Kennethfurt, VA",45158,688-180-0004,15,13,8,8
41912134,Jamie Henderson,female,28,jamie.henderson@hotmail.com,"03941 Ryan Views Apt. 075, North Angela, NC",20904,239-120-7414,19,17,17,19
43421434,Michelle Harrison,female,21,michelle.harrison@gmail.com,"62811 Torres Centers Suite 890, Lake Kimberly, TX",52862,251-785-9374,16,12,17,10
70914842,Andrew Duncan,male,21,andrew.duncan@hotmail.com,"944 Carey Locks, South Michellemouth, OR",3586,663-267-1048,13,19,8,13
60209526,Douglas Ramos,male,23,douglas.ramos@hotmail.com,"88411 Stewart Lock Apt. 082, Bergerbury, ID",90534,541-846-6482,17,16,15,14
9113103,Cheyenne Cox,female,27,cheyenne.cox@hotmail.com,"832 Matthew Isle Apt. 938, Hillbury, WA",28125,467-328-3834,12,16,16,18
8242566,Joshua Hansen,female,26,joshua.hansen@gmail.com,"209 Williamson Underpass, East Lauraside, VI",63270,717-685-0916,8,17,8,15
2235867,Jared Mendoza,male,26,jared.mendoza@gmail.com,"92944 Logan Lodge, Port Morgan, AL",17988,275-951-2447,10,8,12,20
66472940,Brittany Dickerson,male,23,brittany.dickerson@gmail.com,"45184 Clinton Gateway Apt. 004, North Ericafort, IA",46296,405-749-8224,15,14,9,11
41777157,Justin Farrell,female,24,justin.farrell@gmail.com,"060 Williams Stream Apt. 834, Keithville, PA",61824,785-545-8119,7,10,19,15
87251707,Victoria Holmes,male,20,victoria.holmes@hotmail.com,"587 Tracy Corners, Hillville, CT",69015,327-947-7736,18,8,14,8
96302793,Michael Martin,female,20,michael.martin@hotmail.com,"546 Mccann Stravenue, Barberchester, NV",2887,199-482-5349,18,10,13,13
9707117,Monica Weiss,female,20,monica.weiss@hotmail.com,"997 Adam Glen Apt. 660, Oneillborough, SD",84021,983-500-9016,11,16,13,20
679178,Karen Gonzales,female,25,karen.gonzales@gmail.com,"274 Henry Point Suite 950, Lake Monicachester, ID",51840,895-175-5503,19,9,20,10
38960149,Joseph House,male,27,joseph.house@gmail.com,"056 Price Point, East Edgar, UT",20676,856-492-0441,7,17,20,17
79307164,Christopher Robinson,male,25,christopher.robinson@gmail.com,"9891 Lindsey Bypass, New Williamfurt, GU",26691,334-204-0686,11,10,20,20
76986209,Dana Wong,male,26,dana.wong@hotmail.com,"617 Williams Courts Apt. 799, Stonetown, IA",49771,529-029-5469,12,8,11,17
26840375,Pamela Fowler,female,23,pamela.fowler@gmail.com,"466 Morgan Run Apt. 709, Cummingsfurt, AL",84330,605-966-3615,20,8,13,7
27658704,Christina Thompson,male,25,christina.thompson@hotmail.com,"519 Jackson Wall Suite 307, Timothyfort, OK",7873,930-083-5339,8,11,20,15
52564992,Dalton Dougherty,female,23,dalton.dougherty@hotmail.com,"1691 Tonya Extensions Apt. 379, Toddborough, NY",90593,186-520-7614,9,12,15,16
71630865,Victoria Baker,male,19,victoria.baker@hotmail.com,"5145 Kelly Stream, Riverastad, NE",553,032-578-6523,16,15,8,16
3969296,Brandon Shields,female,19,brandon.shields@gmail.com,"3219 Bryant Crossing Suite 389, Kevinfurt, VA",25170,194-211-1493,11,14,15,11
93170077,Rickey Lambert,male,26,rickey.lambert@gmail.com,"6181 Simpson Causeway, Lake Bradley, DE",6291,119-513-0691,17,9,18,20
62863839,Sean Vargas,female,25,sean.vargas@gmail.com,"41565 Rivera Canyon, Frankmouth, NH",75540,502-283-5020,20,8,13,13
68757332,Gerald Decker,male,26,gerald.decker@hotmail.com,"5365 Brenda Ville, New Hectorton, KS",62705,929-599-3565,12,17,15,9
91785963,Amanda Rhodes,male,27,amanda.rhodes@hotmail.com,"7125 Humphrey Alley Suite 152, Port Denisebury, AS",7676,872-179-0211,19,7,18,16
99262589,Angela Lopez,female,26,angela.lopez@gmail.com,"596 Conner Course, South Jamie, MN",1426,360-626-4600,16,17,11,15
93292325,Jodi Rivas,male,27,jodi.rivas@gmail.com,"0762 Schwartz Views, Lake Jenniferburgh, MT",91532,251-682-3059,19,7,12,10
67768095,Johnathan Wood,male,23,johnathan.wood@gmail.com,"1767 Denise Pines Suite 186, Chrisborough, SD",90645,743-426-6835,11,8,9,13
49198292,Jacob Alvarado,female,24,jacob.alvarado@gmail.com,"35569 James Club Suite 010, Nancybury, MT",4381,944-008-6689,7,13,13,7
55658177,Paul Williams,female,19,paul.williams@hotmail.com,"46197 Scott Glens Suite 039, Lake Frederick, CO",43919,705-742-4270,11,9,16,13
93441977,Chad Green,female,20,chad.green@gmail.com,"05106 Richard Neck Apt. 784, Stewartmouth, VA",17413,956-724-1482,20,8,17,15
39703665,Edward Mayo,male,28,edward.mayo@gmail.com,"58135 Tim Glens Apt. 034, South Alexisstad, OH",94176,911-091-0579,20,14,20,10
91214887,Michael Gallegos,female,28,michael.gallegos@gmail.com,"8801 Cox Village, New Kelly, CA",43753,380-876-8273,7,16,8,11
87910312,Katie Davis,female,22,katie.davis@gmail.com,"7113 Kylie Isle, North Daniel, WV",78444,404-338-2947,18,8,10,8
46962550,Jeffrey Clark,male,22,jeffrey.clark@gmail.com,"1759 Laura Bypass Apt. 081, South Vanessa, OK",19627,758-572-1385,8,7,12,19
70018902,Nancy Williams,male,24,nancy.williams@gmail.com,"168 Daniel Harbor Suite 604, New Patriciashire, GU",32153,058-164-3851,7,18,12,15
1358845,Ryan Burgess,male,24,ryan.burgess@gmail.com,"8136 Juarez Views Apt. 029, Mcphersonborough, WV",20204,609-134-0807,9,11,10,17
92418197,David Potter,male,24,david.potter@hotmail.com,"414 Rose Lake Suite 613, Karenfurt, NC",45516,074-986-2529,8,14,20,10
25782211,Karen Lopez,female,25,karen.lopez@gmail.com,"118 Harris Crest, Morrisontown, CO",64770,661-499-6924,11,7,10,18
52002697,William Jones,female,27,william.jones@gmail.com,"288 Simpson Mission, South Logan, MA",29938,152-511-7754,17,15,20,12
95284654,Cheryl Sloan,male,19,cheryl.sloan@hotmail.com,"379 Meyer Glens Apt. 170, Carlsonfurt, PR",58545,963-372-4753,8,14,11,20
14011313,Elizabeth Salas,male,19,elizabeth.salas@hotmail.com,"6964 Timothy Pass Suite 344, Port Gabrielleshire, NE",38216,814-659-2860,10,11,15,19
14446194,Nicole Hensley,female,27,nicole.hensley@gmail.com,"646 Steven Center, Port Alexmouth, SC",81226,141-403-3701,14,7,7,7
33763019,Rebecca Nguyen,female,26,rebecca.nguyen@hotmail.com,"544 Taylor Mission, Gloriamouth, MH",15216,171-459-8065,19,13,13,13
63812131,James Valenzuela,female,20,james.valenzuela@gmail.com,"2265 Brandon Drives, Port Eric, WA",10725,617-731-4450,20,18,8,14
19392318,Alisha Hayes,female,27,alisha.hayes@hotmail.com,"020 Jose Summit Apt. 115, Delgadomouth, NM",62749,190-590-7554,19,13,17,17
76923945,Tina Mccall,female,25,tina.mccall@gmail.com,"896 Alexander Coves, Hawkinsmouth, UT",47747,029-183-6824,14,19,10,14
34496170,Luke Cortez,male,27,luke.cortez@gmail.com,"180 Stephanie Via, Port Abigail, KS",7030,530-455-5059,15,10,7,18
79322288,Robert Golden,female,21,robert.golden@hotmail.com,"448 Lawrence Mews, Alvaradoview, NJ",56309,987-246-7604,14,11,17,12
21495556,Tina Beard,male,20,tina.beard@hotmail.com,"8286 Carroll Alley, Toddport, KS",58759,311-468-7458,16,17,17,18
75976757,Michelle Maynard,male,24,michelle.maynard@gmail.com,"03044 Barry Plaza, Port Danielfort, ID",14936,912-953-0781,18,13,18,18
70390980,Nicholas Hansen,female,25,nicholas.hansen@hotmail.com,"763 Allen Passage, Cervanteston, NC",63288,827-652-4489,17,15,8,10
34136769,James Roberts,female,24,james.roberts@gmail.com,"504 Brewer Loaf, Michaelside, GA",43717,716-177-9781,11,15,20,8
99751834,Robert Gordon,female,25,robert.gordon@gmail.com,"34841 Meyer River, Smithstad, IL",99804,839-785-2779,16,9,13,12
96021849,Paige Foster,female,22,paige.foster@gmail.com,"7296 Troy Crest Suite 658, New Jameshaven, FM",76057,326-448-7164,13,11,16,8
10602717,Shawn Pope,female,23,shawn.pope@hotmail.com,"53361 Carla Village Suite 556, East Nicoleside, NE",86922,761-548-3308,12,7,7,14
60101502,Monica Martinez,female,20,monica.martinez@gmail.com,"225 Troy Land, Port Lori, FL",48403,979-511-5073,18,19,14,17
72269207,John Garcia,male,28,john.garcia@gmail.com,"067 Pennington Circle, Christianside, KY",48048,456-265-1439,14,17,19,14
55149277,Derek Harris,female,25,derek.harris@hotmail.com,"730 King Falls Apt. 321, Amybury, FL",49099,761-014-9665,17,14,10,8
75415926,Daniel Wiggins,male,25,daniel.wiggins@gmail.com,"3102 Bird Gateway Suite 476, Carlatown, NY",22340,846-133-1436,7,12,13,20
69935360,Melissa Santos,female,21,melissa.santos@gmail.com,"064 Ashley Spurs Suite 974, Melissaton, WY",35093,237-111-1671,19,15,7,12
48661857,Courtney Dalton,female,20,courtney.dalton@gmail.com,"07978 Billy Mountains Apt. 887, Snowburgh, FM",53293,352-203-0191,17,8,8,8
7113291,Pamela Ware,male,25,pamela.ware@gmail.com,"878 Mary Motorway, North Sarahland, NV",31322,201-195-0327,8,20,19,8
50438400,Shannon Rogers,male,22,shannon.rogers@gmail.com,"62526 Catherine Field Apt. 492, North Michaelshire, DC",74668,585-118-8407,14,7,12,19
4732748,Brittany Choi,female,22,brittany.choi@gmail.com,"094 Bryan Hollow, East April, MH",2924,320-942-5472,13,15,7,16
71303131,Karen Martinez,female,27,karen.martinez@hotmail.com,"409 Dodson Squares, Kaitlinview, FL",15578,462-622-8547,8,20,14,20
20966540,Nancy Butler,female,24,nancy.butler@gmail.com,"1399 Ramirez Locks, Jessicashire, WA",78978,156-154-6032,17,11,20,19
66405751,Chase Parrish,female,24,chase.parrish@hotmail.com,"25692 Richardson Fords Apt. 938, New Katherine, FL",23617,816-611-6789,8,7,8,8
54788343,Leslie Gould,male,19,leslie.gould@gmail.com,"085 Donna Field Suite 258, East Elizabeth, ND",16279,401-049-1716,7,14,11,17
50543436,Daniel Johnson,male,26,daniel.johnson@hotmail.com,"0319 Jacob Mountain, Brandonside, HI",53190,210-305-8582,11,14,11,12
1747331,Tracy Mendoza,female,23,tracy.mendoza@gmail.com,"9548 Robert Parks, Montgomeryhaven, NY",11857,301-151-3007,20,11,11,20
49683485,Robert Kidd,male,24,robert.kidd@gmail.com,"38440 Emily Circles Apt. 509, South Jaimeland, NE",30290,567-848-7585,12,10,9,8
93098239,Alexander Barron,female,28,alexander.barron@hotmail.com,"49147 Clark Creek Apt. 071, Norrisfort, MS",55650,637-036-4796,8,8,18,13
61787847,Justin Smith,female,23,justin.smith@hotmail.com,"48680 Nguyen Ferry Apt. 695, Welchburgh, NJ",75145,551-008-6997,19,16,17,14
95706344,Megan Harvey,female,28,megan.harvey@hotmail.com,"79874 Lindsey Port Apt. 391, New Jasmine, MN",60053,113-902-1240,16,17,19,10
47711304,Julie Solomon,female,27,julie.solomon@hotmail.com,"0025 Lisa Underpass, Matthewhaven, RI",52195,890-967-4811,12,17,8,17
69062987,Mark Sanchez,female,26,mark.sanchez@gmail.com,"712 Joshua Hollow, Port Jennifer, TN",7386,242-872-8361,14,16,15,11
99497539,Morgan Taylor,female,26,morgan.taylor@hotmail.com,"0782 Beth Meadows, Port Sarah, NM",88551,086-689-1200,12,14,9,10
51477135,Robert Fleming,male,22,robert.fleming@hotmail.com,"977 Barr Extensions Suite 955, Lake Regina, RI",84523,528-036-2164,20,8,20,13
18601586,Connie Blanchard,male,28,connie.blanchard@hotmail.com,"8201 Jordan Branch, Helenberg, MO",58517,757-754-8603,9,15,9,14
67652463,Derek Gomez,female,28,derek.gomez@hotmail.com,"8402 Hill Summit Suite 859, New Jeanville, GA",69096,404-930-0567,19,9,7,10
16647053,Julia Barr,male,23,julia.barr@gmail.com,"452 Hall Wall Apt. 265, North Pamela, IA",72406,202-865-8211,18,14,7,7
55669785,Michelle Hayes,male,22,michelle.hayes@gmail.com,"98506 Moss Fork, West Sarahside, NJ",14232,472-256-2343,19,17,19,15
88060793,Brandon Fernandez,male,23,brandon.fernandez@gmail.com,"645 Sandra Grove Apt. 546, Jacobmouth, ME",69224,259-518-8473,11,10,15,9
84478070,Stephanie Warren,male,21,stephanie.warren@gmail.com,"79292 Kristina Alley, Wendyborough, HI",31645,545-441-4458,15,20,14,9
31328550,Joann Brown,female,24,joann.brown@hotmail.com,"267 Mcclure Harbor, North Amanda, MI",13877,718-506-1419,18,13,12,17
98740094,Lindsay Parsons,female,19,lindsay.parsons@hotmail.com,"086 Schaefer Canyon, Whiteview, IL",37720,902-856-4249,18,20,12,18
638623,Jose Brown,male,27,jose.brown@gmail.com,"822 Harmon Corners, Dawnland, MH",86362,717-303-1270,13,11,8,17
30527306,Timothy Clay,male,21,timothy.clay@hotmail.com,"2634 Amy Walk, Smithside, UT",21982,003-747-2649,17,13,15,17
51756026,Kelly Quinn,male,24,kelly.quinn@gmail.com,"9961 Julie Lake, New Suzannemouth, FM",62816,442-717-3755,17,9,18,16
90065420,Mary Adams,female,28,mary.adams@gmail.com,"8001 Laura Forges Apt. 947, East Amanda, SC",54287,311-453-9158,11,18,20,7
8814440,Mariah Johnson,female,20,mariah.johnson@gmail.com,"062 Woods Heights, Morrisberg, NV",25838,424-497-7621,8,19,12,17
43783173,Kyle Mcgee,male,19,kyle.mcgee@gmail.com,"922 Bernard Lane, New Taylor, PR",94683,721-471-8854,10,14,16,16
21533045,April Lutz,female,25,april.lutz@hotmail.com,"339 Davis Lakes Suite 598, East Christopher, VT",52817,251-227-4413,20,11,8,19
84074575,Timothy Robinson,female,20,timothy.robinson@gmail.com,"2379 Sydney Isle Apt. 831, Matthewberg, DE",29190,807-408-4227,18,14,19,11
27218603,Jennifer Murphy,female,27,jennifer.murphy@gmail.com,"49188 Santiago Corners, Lake Johnton, MO",62702,670-579-7180,20,11,11,8
10718764,Daniel Wilkinson,female,27,daniel.wilkinson@gmail.com,"88403 Hull Curve, Davishaven, VT",28056,085-542-0386,11,17,16,12
32624822,Thomas Obrien,female,27,thomas.obrien@gmail.com,"141 West Track Apt. 458, Robintown, MS",69477,588-149-0119,18,14,20,16
15088926,Monica Taylor,male,21,monica.taylor@gmail.com,"86225 Carrie Lodge Suite 636, New Latashaview, RI",22201,527-003-8838,12,9,17,18
967239,Robert Ramirez,female,20,robert.ramirez@gmail.com,"57598 Armstrong Island Apt. 704, Smithmouth, RI",1739,535-133-4274,12,19,9,20
36189105,Jennifer Copeland,male,27,jennifer.copeland@hotmail.com,"743 Clark Via, Lake Crystalhaven, ME",79009,105-478-9540,20,18,17,8
88363516,John Rodriguez,female,21,john.rodriguez@gmail.com,"6186 Lucas Mill Apt. 812, North Kiaraton, TN",38817,452-638-0379,20,13,7,16
26209246,Neil Hall,female,22,neil.hall@gmail.com,"811 Matthew Manors Suite 403, Maryburgh, MT",11663,979-137-1948,15,8,11,17
69076791,Matthew Hale,male,22,matthew.hale@gmail.com,"5737 Cheryl Shores Suite 218, North Nicole, IN",44061,739-032-9169,19,19,8,14
67204203,Sarah Curtis,female,24,sarah.curtis@gmail.com,"4172 Alexandria Port, Lake Robert, IA",587,427-500-1168,16,10,18,8
45844099,Derrick Olsen,male,25,derrick.olsen@gmail.com,"72440 Sanchez Stream Suite 632, New Carl, CA",86835,746-831-3475,15,8,20,11
4754840,Samantha Pace,male,20,samantha.pace@gmail.com,"0548 Carpenter Mountain Apt. 025, North Adam, MT",17297,659-119-1481,12,15,9,18
568613,Jose Jackson,female,21,jose.jackson@hotmail.com,"703 Joann Common, Phylliston, PW",98314,365-115-6731,9,9,10,13
95542482,Lisa Williams,female,28,lisa.williams@gmail.com,"723 Campbell Club Apt. 588, New Kathyshire, MN",65213,579-141-4646,13,17,19,13
36556277,Jenna Smith,male,23,jenna.smith@hotmail.com,"0036 Graham Hill Apt. 044, South Todd, MN",13120,749-676-5903,18,20,9,10
85928444,Heather Levy,male,19,heather.levy@gmail.com,"0481 Dunn Valley Apt. 483, East Jamesville, MO",20923,071-204-3249,10,14,12,9
94671387,Ashley Hawkins,male,27,ashley.hawkins@hotmail.com,"434 Ashley Path, North Seanton, OR",62820,690-440-5568,16,17,9,10
47701362,James Salazar,male,24,james.salazar@gmail.com,"617 Christopher Corner, Lake Andreamouth, MD",75323,184-711-8281,9,11,13,10
27623691,Gerald Barnes,male,19,gerald.barnes@hotmail.com,"8941 Foley Turnpike, Kyleville, VA",30496,470-438-9596,11,11,13,15
11914727,William Blankenship,female,19,william.blankenship@hotmail.com,"41143 Reeves Corners Apt. 410, Lake Davidtown, TX",81123,138-774-2394,14,9,12,20
1296478,Thomas Taylor,female,25,thomas.taylor@gmail.com,"5339 Roberts Street, Kaylafort, DE",2260,357-802-0183,8,15,15,11
54765666,Andres Tucker,male,22,andres.tucker@gmail.com,"521 Dawn River, Dianastad, IA",22601,945-288-0104,7,7,20,14
43534058,William Gregory,male,19,william.gregory@gmail.com,"5656 Samuel Center Suite 961, Amyberg, GA",47351,411-684-6970,14,18,12,17
76154092,Sarah Arnold,female,24,sarah.arnold@hotmail.com,"471 Michael Dam, Lake Jennifer, AZ",75249,253-839-4480,12,9,17,17
30090421,Anita Singleton,male,22,anita.singleton@gmail.com,"416 Thomas Forest Apt. 251, Williamsborough, IA",37091,266-896-5248,16,11,10,17
58043426,Emily Burke,male,27,emily.burke@hotmail.com,"10472 Thomas Stream Apt. 095, Karenside, DC",36477,171-740-4620,20,13,18,14
50422114,Michael Mullen,female,23,michael.mullen@gmail.com,"96578 Natalie Extension Suite 012, East Karenville, DC",43228,519-703-5548,14,15,13,15
46582470,Lauren Foster,female,28,lauren.foster@gmail.com,"47266 Samantha Burgs, Port Lisa, GU",41260,298-585-6991,18,13,19,20
65409655,Douglas Odom,male,20,douglas.odom@hotmail.com,"6175 Robert Circles Suite 177, Michaelton, PR",29210,628-781-6648,11,16,19,16
51595869,Jackie Jackson,male,20,jackie.jackson@gmail.com,"616 Rivera Shoals Suite 249, Allenshire, IL",46862,084-385-9486,18,8,10,14
33534686,Jordan Goodwin,female,19,jordan.goodwin@hotmail.com,"8967 James Mountains Apt. 523, South Tracyshire, KS",25318,739-974-2865,20,11,16,15
49799317,Beth Moody,male,22,beth.moody@hotmail.com,"8052 Floyd Shoals Suite 750, South Katie, NM",81277,483-890-5794,10,13,20,14
82144881,Kimberly Pratt,male,25,kimberly.pratt@gmail.com,"48398 Daniels Mountains Apt. 512, Gloriaborough, TX",30185,430-476-5242,13,19,7,7
17408888,Angela Barker,female,19,angela.barker@hotmail.com,"935 Ellison Knolls, Kennethland, WA",44453,304-893-6083,13,16,12,14
14391781,Michael Anderson,female,23,michael.anderson@gmail.com,"9707 Figueroa Wells Suite 289, Lake Kristiborough, MP",3283,664-532-8262,19,18,11,14
63730160,Anthony Bowen,male,21,anthony.bowen@gmail.com,"5896 Torres Cliff Suite 514, Reyesfurt, GA",50541,178-739-4721,16,12,11,14
