ID(Identifiant);Full Name;gender;Age;EMAIL;Address;ZIPCODE;TELEPHONE;S1;S2;S3;S4
be0110dd9481904fd1fe4093ed02d4d7;009b04706ac1a8b644419cbf429b809c;male;28;596507e3a1a2f6d32aa6e00471f4432f4082077a39baba9eefba5d55ba562d27;bd04661594e962e7dcb6a87299d77a893f71f3d27d236d5b7d9ccd2b4163a8812052df056448d4972852b843a69fd5c2;91952;425bab546152073f8baa15c1f155615f;9;20;18;15
0f4394c9b97d4160b74649a05919db3a;3c4221fc36a76c0a686ddf3caf09c1ad;male;19;01fbc7b5590b5b6316e0c96d67806e72fe9113de02bdb3ac2e39aaab3c048eab;eaef3c909298e456e708c2e5eac3c301d5ba91d72b85c1125d846b7e90fc6a10;97511;76f137dbc2977e0fda8926ec89753542;10;16;13;19
3063052ceab7bbe0a2e763af21d91d2e;0bcbf4c3600e398d3e2293da5e16e189;male;24;425b0614eeb9ac72478620607901351020b9fc43e8824f3443edc8646e0b99af;e742d46c6feed22203c3d0cdb42f8a5657d5efaced9b6ed343b9cd921adc627742afd60fe76fe5de712871feab9e68c8;65406;2f14add39a2ab298cce8207b60ee8987;11;13;11;19
843eb4223d775e2fdeb42ca8f3a3e27e;775aef02f096932ebdd3afdfc9e3664d;male;26;28a3143b2a7363f0cd5cc65dcf8982baea7a03e8d246b7f1393ff725a0066b21;05d401da810b77eef52e2d85a1815576d6888ccf675d3912c9a58961659e16be1cb1949df25dce0223778cede2ce9847;19343;7711dbff993eed99421d44a4b9832ba6;19;11;17;9
4defb04c57fbe092d2f35d1fe41f16da;dd1ee8dda9a3bebdb71803ecfb7b7cf9;male;20;c38a5834ce6a5d0642f248e53e43ee220ef162915e3d690c85dc1f3aeb169443;0f2d1420a2f498cf4536497b30e4b87a99f128f7c46ba79de002e7794553a13f9fa693815f868644a95cb078f15551f5;81436;8fbbf12ee55e2575075eafddf694b49a;17;13;10;12
1865f32452f7c8bf31b2729d9a0d6794;4508c4d3fbc5ec74a7d3c2bca3f76984;male;22;ffa22475fba6979bd800287718b56ad50384ccdb24227b9641e6cb0eda37bd68;503eddd40ad95f8a215a70c5aeb4d778ebe59c4f7fdcc9ed20142eb97023d6d04ff54c808f66c4a7a32ea4946143c2ff;95871;f85508ab47821e6029c114771f066886;17;9;20;7
8f1dbc92d790c4cfc0c71c716abaeddf;4b349aa7df779211a2af586ba57e8461;male;24;725748d901f043ed9cb407dca7088eae750e2a22b2b7b1857397dddc70630511;e8899690faffe90cde19dde0926aea99b0983941884b23251026c66ebbd2c53d08637aeae3a975ef9586125ae3c6816a;90765;8263257349cc6356be7abe705bd71afe;11;14;10;20
391de7b0f4f0d200d5de76ec9056077e;cdc39f76ff9031aab945f23b09d76ff7;female;24;134d5d8397d3c2e292d924fa8362028d93e3e65feef96156108f87a4b3ab17db;3d25a5affba2ea54f8d86a6ed667f76d61d567782a9d176b5a4daaefe552cc3e3d75a1c5213a3c0600a6c262365fd3a5;80976;6817061c1d0876348ac71d5e7786ea4d;10;12;9;14
0556b52cbc993fcd58ac38e9673206bb;2f8ad1829b227c0fddf565115ca6ee3e;male;23;f31d0b1631a71c4f15827a56e5e089dee2d3ffe54bd9f590d0993b5c9dac73ae;515c27fa2a5916fe9c4a23f3e7cc885e2983e4e5fe5e7071f2688af68b46831db0a6c81102fdc49c7c6e35405665dea8;17391;72e67fccca5ece85784d2f0d3ebdba89;13;12;10;17
2792b8d9b2d098111e56145c5d8cb4dd;e8ef2d9bf08462bdebc710e2981a6275;male;24;91638336223595dff29900817af726700c31a53d9e41ee8bedb5a5a96851a481;f0c641d20b31e1bc7463deec58ba2a727bd2276d94cc8a4cfdb5b8736216f78b289a251934c6061b331b87cac640e6c9;71556;3760b6c5673e413b851868067efc0474;13;15;14;7
0263e8b925d550ed9ddf7bdf02b722bd;26ca3d103f755a91e13e719832617354;female;25;dde543293fa81c6a66e4b69be45bf300ecc9525135f7418d2d14a32ea4a90cff;56fbdaf2b01f2837ee690a68bbe670d60493370c26be491ed87f204f69a2495a5e8a7893b407856e0f9549a7251a32a8;90642;0e52ade3340de320642f529289ab4caf;8;10;11;11
4def58778673caed5cf2646c9bb65e6a;a49da06fcc82cb049446bbd612687f6c;female;21;2b35516dfa5c44f1b5bced515210f23c08c53076f64331ada331ea3cbe43b416;030d489d7e030ab8354f6e7fd862e50ffef714dcb6a70ed1a15d89fa07f61ef2399f0d4d042fd3c4df6bd10630b11bc9;19857;7953f43b7b09726b47b982cd79dc37ed;16;7;20;7
4df8406ac0e1bd0ba56c851940244c57;5f4c5c37fc57cb080b539cb3ee942f5f;female;26;cee3b5ed5d835886aae4ce8e2b285fb6f95c4683728e4ecb3ba1c0fd15d8ef80;1d5967ce8913725ed31fca771abab88395c8e5b299e6b11ca657ccb9cc4a8b1c832d0d3c9ad3880b6fa4c60b2847647c;69983;caa48fce05bbad1516394d54af6bc295;17;20;15;19
96af85b2bb3d1c1079381f4ef057aa89;b1dd4b019ec2e6efa4a3008245a3ba9c;male;28;aa265ad53ea5598123a54c8e85e4e76f31f9200afc2b77763d3c1ba11c97ed30;34b2f4c72fbeb8da767f37a8adfcd6b4f08bc8876ba4bce6ee23e08519957c86b5411fd185906d9084492ed85d144054;97250;0ce075345c3505d8915f668baeb9d0c6;12;14;17;13
d821a90a71dda4fdaa7525dd1b160827;d433cbdbadb799fc88ec90dce3f2d4b4;male;26;f8ad0703fec2d16686ce4e98635694035b47973bd8091aa6a9bbb5d6f861a7e0;4667c80dc85de65ced6acc7e38c8667438998ce6a2425bb89eeab4f86df12fdfc5c34f782b8fc7e71245767a404ce3ff;11846;101b9c4e24ac321d5cce980e4abdadb3;7;9;11;13
9545b670011d274f25a4e0d5b8cb8cf7;6830c41d6d2f910061f35e3bfa12f8db;male;25;6584067a78b2ae1a371c8663eb049f9d3bb2bd00b798254a5b6d7792345cf87c;f1e7619634d63fe29f2cdb5bbeefbc68fc481dd69029619f9e0280c7eb9957790fd0fa26ec9ab440175d8981d77126b2;67891;632413771db46be35ecdcf7a470b7613;10;15;7;8
bf6c72fb27729e97d0b4cdcda07e4646;04fd13b49162d842aeaf5e6122ed6be3b789e9e5e847d016d828004a9cfe7f49;male;19;1c1eef541fbe51255fb5014cb786d1ad5ad71e7c6cc56625b9a575078c8316fd;617bb1a769b578a01876b6261f01caa31ad0f7666cd025385d2bbce5149b51389fab3acbc8add5f54c685bd2d5a2cca0;90090;403a2d0ccbdb72318ce9f5c284a0edc1;7;17;12;13
4c7808e420dbe8ffb4deb505901ab64e;5ab5610c2de102942e64b28db5c2d016;female;28;6f5f1e62512d0c498d4513eb6a75b6b6a626945be5d0c68f9ce0ceb866828562;2a5c21c6a87554bb4fced804fc6672c28a335bf37ac8037a7eb3734b7f73e489bdf106b3c38cee46a15969fc6732064b;14452;f5aea6651daaafd01c70c97ad5385cd3;16;17;8;13
eaaaa2950cc0dd9186499b4ac24f8714;675cbf7cd22f19597e4c7f3ae72189a0;male;24;6f0232cbff48ec3110f132f2766d6bb448ed8a15389df0e0579166d4bffa9f1b;316ed7ecbe03b9b8a6a525e52764d2fa936e75b7989b865cc0ad5768d2686f064ac06329ac86ce3b238cb9ad944a5220;94504;c7e3b99a396a69083c915f3a28061e81;14;12;17;8
635231cb85aa3593c29adc60be32d577;0bd01620f4b2435fa5a936eb9372a1bf;male;21;7b1aeb0433a0aec96665ffe6d8a0d745f08a7e693700852158b3b8d8770dd2a5;d5852b488b253c7378b3ad277f7d1f658e512a9cf5c8e746b8c2daa28d45b12a3683ee143dea7862df58c4a620ad11e8;19362;d95de3ebaee44917e34f002da9b70a17;8;18;15;11
880af0cf0a6762a64a5ab2c7f02e4b12;1be146ec25460af65e97b742a4f5126e;male;23;76ffe4a3c839d71c10ddadf9176d5bd6079f48b07b2502cf4dfcbf33ea393974;d49adfecc7ade0d0e9424a764b731b33469a4dc79c07a017f235276ae97b2ec7b353fca0e9998a9f7636d4f3e378ced37375b06bcd8104f83e20afc466a9affd;42781;a4d846a5d3fdd033449bad4e5f15b08a;18;15;7;12
ed19130f1d6d8646b43c69700c461c00;0ac9e317afd164c221950d9589f57eef;male;21;66b806d12abc1f2c3786119675a876123196923d0e8ca9353a65eaf4b9acd26d;52aca61d7cd7f308a22ae792fcf9ec2cebf1f714aaee77fef6acb48c0c848cc29da4c2ea259e03f0f60ea13b8989a24308f844aaa134509cb694e635bfbac9c8;88000;f2bcb5f528f568254efc596049c37f6d;12;17;19;12
8d0fe01ab75a9dc7e97282beac84a54c;9a49510a9b92ebf739ffd8778d6eb646;male;24;0c0ae91247a60d8692d2251ef3d0d4341c0c600d1bbfa78b277114b4f33d45e4;40cdccb11d15e587ce1b1b321e7866d89e935af96debde7508d437d6f525d578;24836;37543f218d4debc2c9980b527e70c711;20;15;10;14
8b036d78e462756021b3f83390daea28;df10e3663574525ff0a453347b8d61fb;female;21;ddac49d64c006f1843e37117226c9c92bc601fec2756af3e02b436df54684bc1;2afbf0d7b1e0bc6cfb9a7ce25016101e34a333422e355cfb367ea4752aac8087dc76a55a9fa7efcb17364ac199abed3f;47696;efd957a843c30e492c26324ebee25308;14;18;20;12
5336f09cd6df599bb6bdab4ba2015af9;4ae93111b12fe3a7b2271ecc80a0778a;male;27;80adc917bb469784b3c71efe760e49fafc933fe7722d910046bc7bbfc715d69c;234b928322b06ddcce7b696441cebddd015eebd59a5fd5049bc1ada3d6fe7cf60c80b9745a08c42e85bff6c80e867986;66607;2039d237e5debdb638d50fca44daaf35;15;19;7;17
5747eb5c3a2fa700338fc283d55b0eda;f8be3957c32b2043844a397999490eaa;female;19;d9fb494b9f6072644f8b02653c070feefd149f12ce01836176fa9827f877e2cd;eb9f1a80d198ea57117abf80af7fb1666aafe2a1235b2a533806e1e8391f101b1db1211dd2812f1104be85a279757264;4739;5e0029f5778a595401f280e227e7298c;19;14;7;19
d9f634fbe28b49df15e71af7fdbce215;5873d9189f9f7183ca1c1e1738328011;female;27;896678274ca654628d2c057c480b85514d85a1fccef48efcee7c6d58c7e38074;a9c7dad7439bccffc1f8d71893843fb6c48f588e89a7f8297b690bce0be77ab845b6a8ce11bbde2939c924343dcaac6c;53262;a232ab303d36efb736fedf518d15c28e;9;18;9;7
337850e6ca55d60262803dacb718be23;f38aa3267ee28f2e92d8084fc6593e64;female;23;b067397b8103922102d164e02f1c4f25814c9193fe89b842a45a0683522a4887;172101e0d814507041a4e54df8126a8c17b6764e43d5be29a3d1b0712450fedb9c08843799f248fc92247454e7c6737e0b86f97fdd4dfb87335630e083421561;99630;ddde56ac4ca0d738bfdd72891f67bfbb;12;10;12;18
92441721bece6ad58164691e1100b937;a930e6b14ef59098f78b73e7d052668f;male;19;9138ff46c2b090c933868e9164a317254395d128dcf015767506bf2749359f34;8dd3c08e1fc5ec54995bdc06b4c15fa9f7c24156be1c3b377b47ddb6df8d73f558a1a41539a4e37162d49caf10bafb96;64628;e37aaeb0ec3f986d420c80b7947cd196;11;10;18;9
8f1d434f13c1e47c1b801742087d31b9;631886ff87fc4d54b2960882ce73b1ee;female;22;c7955c005bce39e29b6105eee3a7b34f5fa764f224702b1260f7354dac7aee6e;201f7e99ac27e0a842475fe04ce27cdb47a73b1f3e73567da6605a23b9fe2dc8;11027;1e2c12e8284ada97f5799b06e4579f68;8;17;16;16
0012a42ee545ca9ebe4a45734e3bf33b;0217fcb638d59dc678b3f6967708c1f3;female;19;3e5c5a92347416c51ac92a9d56e0aaf7928d3fff52a7dba5b6be778a20347db5;408b8d8d6cfe48f56023715b510248a3f14276482b8a26f2cb1395508e3c7d534a55fd41a051c3a55ae81acaf511bf2b;2037;68df071abb5b92751bd164069911474b;16;11;13;11
74013cf4e3fdbe5f1ed5a3ab62e1e98e;f34e864d2e2a3e5144017a85092f6783;female;24;92d24fd43675687c0b962913f62c7ead6ec7e4698144efe923e642bb150ef51e;5468ed463889fd0113da62a3d6873edd4183ec7f737d978399f2ab565bf62f30;57286;7ba9354d1f07f435f07d5e62190a12a4;15;8;11;10
de92db6ace38645916427187795058a9;2ba52e4557711bd7bdb1b36f44e4e4c6;female;26;8939305841c76f447aa70c681959f0bce2e5021779729cea32e0a23403cfe887;d64418610f483ae033df4acedce4faceec07a47946d569b00382d13f845d000308445b37f70936293df4009096ffc574;19046;2071f97d81160c4df521020bf40f623b;9;7;10;10
2b18a6187de7ca137d913449fc2db6c7;34e1fced1285863c10f9dcd4e4e7a086;female;23;bc47dc659369048f6f3f582dde5b65ef32efb554d48c01ca1f9d4c7740e4ec57;ab5e08c7d8035bda148db2c0cedc763d8cb2cedd83a4cca5354345ddaa8099215f5d6b0f72af45626e03b9d897eb3a5b;12320;28fc952da35559f68e1b5d7483d619b8;7;19;18;19
a9ba8d61822ca60b67b98233d9e3b655;1212d07749aa91fae63f35abfb5668ae;female;20;208bcc00373ff230e3995da1e00e562144009e29c63e41f6366567e9e8857b71;ecfe09b3d77bf7dd7da5c642c24cdc679c7a7b9527229084a4de8cb34e2c3dcd26e70450bb547315be0fd4eee58d9273;40631;4cddbb478d509f5f5d2d58469ca90628;19;9;7;10
b31c89c5b86e01b5f6da2b3674bfd6a1;ff37f425ae47cfe29921ba3b963ad190;female;24;c6505ab9691f11b5fb94dc94e0d909cedff37942f60a02a8da312880328c3fd1;343ed2029487681d4d88237563c7ce728c50c9a694e1271687ec754c1568e3ecc8084e57ea232eb7647419b0f54ecaec;87019;8cd1620a6aef20fc32287d367f255bbe;7;18;15;15
d6467716e07698d9874b65f91bad98a3;955b0df001f3938f44af502974c1f68d;male;22;0298a50b675ef8713ba5999ab74c87c2d2e9e9a3314c4ab8e69db12119d52c17;b73f4587ea522a460b3a00939a0a175fef9cbb4873513864f8819b386107c4da2a3ea018d73fa29b05bf6f0b7392dc38;88022;f344c4b7266a5ee190d64a92077c2c86;15;7;13;11
e654bdaba63a56f10c8028fa550c99b1;56aa6db27c9ad13421e5410ef2e7c6ad;female;24;3ff45baace8fad58fff4d599f3d2d69d4625bf1bcdc49bcba63d8d37b1d5bc3b;4f86a2df681b4c8e7e6c46f713ba6eb2312730da8ac6167c28da29bdbbe6a817127e952b187f5304d3513d7764895833;4767;6a59b98c51262d4d9259cb81af944596;9;16;19;19
cb41f4ba9d00be9bd2ce1065de15a785;2aea48a6d034be6a59c42d404c4e2fe2;male;24;6fe3a1a3a9f6c98465e8aeb51d6f133b236d6307e0086f50b538a7d827f37854;d63d149b5702eda5c38cfad25fce1db945590c72e79be1a94d9bb22163b3d889a4b51e15e4955c832f7ea368f9695049;39446;e115f68486688738caafea5dd38d37bc;20;19;8;12
c7ec37ddea44195774f7b689861dbc27;69189643cb9ca71f1c2ca2597686e0e9;male;24;522e98a3f0481582c5ad69f9f4ddcc14c66217567cc78ca5901af13492e4f4e5;e80e26df7bfbc3c1f8bb832eb4e3a62fd03b7df621e546b52bafc55c4777a11d5c7a78c538c6d188ce53ac79d3d0eb3dbfc82e190edc55d92cefa37ae96631e5;66962;2d29d30a01cda3245b8b400bbf999558;8;9;8;11
50658c6f1002824db5fa09c4eb6c5a56;7623680ca25c8a2b098e7f03ec7a056e;male;22;20e576e6f65188ac531a78d03d5d19ac9c0253a8818e22069a62dd16ace5d7a0;7be567ce9004fcb1c8086c5544ac09675af0a76905c494fffc8ab427cd1158dc9a4b223d814bfcd130003072c7edd762;10485;7afe9e9f8f48250794cbae0a9d056415;16;19;14;13
c7313fe4bf966d12503cf0da8e45cccb;fa3aab4687b5f81d01f9e64ccd2086a4;female;21;3f50389e5504cf00f0209f66b91becfc85d00bc356322abde455436ddcb41926;46975971085e7fc517987fbfa4d8641686895ea5f35dd4916f21f3739aa4b60fb900916370ff525e99a07cb3d081cc7d;80473;50bdfc9b94b229203c3755f7dbd223f3;17;9;9;15
b0e16cd7f2a0e20e82379d92551ec7cf;289a12feb86b45ee2a50ceaa3e4b9c7e0c3f530fb588c07b633588a228f52b34;male;20;2ed108ef41d10875743cc6a49ce781a92fb9b48f3521a67e78f13059f0f83a79;d0b549e9148012e4af3c7c6224d1a6895ff3c51a3d2aefbd15bbb05014c7eb7d5a7b013bd454bc43ead2f427110c6598;60300;be96a20f9fed2528d4c85ff168f246b1;10;10;13;10
7e726b389f94e3e65b15b19ce398f309;2e1a38cbef03f8ff95ed3ce33493a482db0ac7ec910a00325c110d04465ff101;male;24;e3de2fabb5d7f2409fb0325c5755bfee21402dcdd3bab272b73b9b30a932c661;127332145dc460bdc372645cd3b4e1686778db8f1b010d9680c45131fc89e038;30135;91552253d556c104199f1945e20f2f17;20;19;19;16
37ef92b5bda93c892d57075c860ad270;cdb0067c4fc59b4eafa69e1e3f4f6260;female;27;ab6bbb7037d6b577d703573228d229dc1fbb8a0286783e171e965a21e7770fb1;7adfa426887f3fe566cfc9f643fe55c5414930ff46447a2e32a839f04497c8907c3de3cd0b81687c839a9de378f65383;85426;9e8ea6951ad5a6ff770a41546399d89a;16;7;14;13
f27a0a46176cf8421e6c320117b4eadc;27f5cd975a34aa5e7f7a792575a17be9;male;28;24804c111116f5c525c9b9ede0017aaf4fcd43d8ddef68d716db22f551bbc54c;b0df7675a8e9c165bac67eff3ecf4e832e656c27252210e79add6e4a20e0e969d6a60aa4d3cb141b4f37d19f9f349182;1043;eca7fd266604a331c137ec2cfbe71043;13;7;7;15
d3bb705a97fd5e0f3b81b1543b475b1f;a5eb104c6eebfeb98826b5b52a479877c658be89268f22a5368da22fef5fbfc4;male;20;002cae6ba8efeae27c5a339f817e872b99bb30ae0367bd4845acc731ce713069;67eff23367b7f1ac9baa92410e55a3a3d3d796cc48681237dd8c497e2d750a572046cc7cef6acfacc13813589e18be99;98106;49142307f0da51ff154518de6c78e885;14;9;9;12
cf6db8ad1ea1ddc72d57a833ba255e7e;551b33417b4cd2f92c093146e5131968;female;24;0f09aaf5838476d29ddbdf4661226dea0134af9e25e597a6dcda57f09645fe9a;6c19aab8c97359ebc32e2c3218f172813ec77f48471283794d35710813ad9fb50180285967e09996235d108db8828a47eda437f9dc5f0816ed4a01889257606d;75034;e9ade785b104306608aa5f85de3828d3;18;9;20;19
163b149b9c29b3f30e205733a8db466d;6c32ab38ba7cab09c7346dcab62ef5db66310e414d18872dccc3424033bb96f2;male;25;b6c56f4fc7c6f45ee0fb67d6aac9d77eac0ddf117f1af1d6f2a9a9a159b2c870;8d0e89c6cd4f9d365503740964133bc7742fc00f9340e920efc036cc958f5c29bf7a1dafb664cd12caa323556819ed74;90410;ae38454d09488723c9d1b142ed8f8e63;11;13;13;11
13ee27a8ac429caba509c1945ef334ab;d1f4729316ebdb72378f5a8b1708c569ea93b0518f9d567b628580e7b8805bb1;male;21;a450048358ded17b4e3632f303ac6f3a624a922b2e21bbb5bffa47eb1dbac3f2;1903f6fe2f2adcdd66b6cba8fbd3693a0fc2eb07b6f265c3f3f649d41fab0ac6266c4710e394d8805a88196cd9de6447;65582;d7e79025c3a04328f5c18b07809f6ff9;10;13;15;13
174c7253b8796491430450a253dd7a90;a0bfd381b21a8a8b055a9a5dbddaf93a;female;22;ece7b4106cd9d50db5240825785ee376481c15695fa2976fcea7c2f41376d8ef;233feb53d495e5269f9f869247e0cc39f893d63baac56e8dd2904cd8b54d01d765e79c34713fcc5800be0abb8c2234394cb4ce3ed5aac9be2a88d0162b07adb6;76557;e2b6c1c245e5dc8c87b692899877558d;13;8;20;8
eab3e59264090f6570c2ff4693421974;72e1d997d89f63fed15a3301d4bfaea297326b8d4e6157601434aed6b5342a84;female;23;e3ac0c60811b981ea7258c85f85a2dbdd6d2c88eabaab384fe6e52a6bbc31e0c;aa62a6169cf74008bbf0c2c612b7fe4f6345688b5aeff2e14bc885ac1a98209d37084bdbd13f347d503eeb30651328d7;13560;b0ab1a1d71852b86a6a0c078ac35a8e0;9;19;18;18
3ce81cb587882777f406bc8f551d5667;9099b776a3d679a49cc94298a13b7c6c;female;19;0e7553dbf8157cccc9c8b6969933e4994934c73010f1479b0c77c52dd6151d4d;0bfb0edbcfee804af155f9772add65c02f5c2a546b3a09e9130feb80af133ef3a90734c05d748c83cfd99eb1ad0e90001cb9b8d7d0507f2d7c79023e794dcd55;3157;47c3b62a54087831136a5003572c62ff;12;18;11;14
f93f7f8c48c0ba31918a731cff419e4f;070dcf76aaf07212c81036b6f06cea8d;male;27;57572c6e8f8f7d35848e008b53f54676d1ff2f27a7883fc99af6ef2bec58be90;6e2179e6fb5e8ef549fd6776ad7bbeb764b2ec1f6746f3fd0c81e8ac7705c5e301b707ae3e70ad5cb52e42603a2cc6b9e5a7d89356e5e710a5424b3ae855ba49;1173;a781d838d34a5ef19e3b43d5a230ff0f;17;9;16;16
c4d91cfb78e9ca7a0ec6191820370397;49962027720393e618b9c62168cc3913;female;21;a5a36d97b9547af2126279ee4f2e3bd5a91d10accf305425c7ee561b5340f307;5cf725c53b1aa188eafde60f6bae8f4e5624465193e6d764766caad0f7dbe6baa9e7e94f5082ffbd83b69ca06d65dbc4;17805;ebd7daa454e9f7be41bf8bce68099f48;10;16;17;8
d23b73cd60a4d13d2695550605918bea;e8148c5f9a0a5d69276e9ad21b4c6720;female;21;91bacd9af2bdba4b08d7c9fb30917b1567ba32d15753f97d92ccbf930bdcd120;684e898273d57b58e11cb41abababeea86cafb3c42d5326ae5b69f85230154e19d970ca4e1e396112ffb932e0dea1657;76527;dae02155c88a332af6bc3a8e656d27af;15;20;15;17
590eb9b7ade101c767bca8eee26394b2;d1b5787348caa9bfb570273802b08edf;female;19;c63366c4de4886c11ed1bf552cd3c72b726d7036b146c1551dd1fc60a1fa4bd5;344039ffb474a28e72d8cb2b94bf27d440e0d261e62db62352609167c4987e8e606b55477abce3b5599113223283bd0a;7666;7d0f7e1ee94892bf935173b4f0bd8a79;16;8;17;15
9967e5a4efede4236e74e12cf719481f;52fd245acee1d1025fcbe2b29cd9b581;female;28;e38522077edc6f39de8183611402beabc33c16004a3313005aa33e29fd789af3;b77bb2251118a6377ad93bde1c29812824c1421c2fb7263c432e57168165810ef9739309c7ebfc0c300935dcaf4f2b7e;12547;40aae80a003850da3fae5047811f56ad;8;19;16;17
f96865be7d66202942fc9835db879605;38f01d599fd87bea39c32450994dcf95ce2658bbe946e7f72f000c33d2d5e6e8;male;26;3e245934f175390cd5beea44f77fdd25117883223ec6114e2a2c0c66b1d86ce2;8e1f914837b12e757b59c8e04fbaf855bc4f8f270545de99c8e98a130f14d64d0fbece50e41b26a178078ba88e86ab47;55650;8f1c127e00cfd50f94ecb4f126071e45;18;14;20;12
fd701d61c7cec4d23aa305a0ee8952fa;32d9fc8d675e539b50e07cc3aaa7cfc4;male;27;f95a2b7b96c59f20db58334ee5dd10e480c615c3675f4b00a7b99849f6bdf12f;5971454ac7f7fd7bf0c0e3a6d4e8e5510ee8c89929c86cd4a1135791c8bdb30f7f9c2f3f2797470eaaf01d22773ba307;77116;fd1c6771e4f1b4a9cea972a8293bb924;9;8;7;20
8a070553057df1f79e5072a6c7a54e78;9dbbbbe4c3b94dace7d1d8b9ec3eff1a;male;27;71967b91b3652d604a43ef36bfa8bd0f58bce594cdeffd6da788704455498245;a53394b4580d3696bca16596e8a3cd6ff9d2438224e7c27e705ebaa0f83f8d966ced91fff19b37a6ced1fdb981cb1de4;2241;2ccd5c88d5f1b70433743d0a14d5496f;11;17;12;10
c3e599e6d6601cc307eccab89093eaba;9e81c5ea39cc44979d59a53427d2b6455a7d201e2009740f480affac9e197be5;female;22;a5680b53166eddeb095a92eb8da196e7564ace4da3d66a3bfa26da721dc9adb8;9f81974c4a36d3b23a13edab8e1ca7d405c32172c3ce83b898fd0cb6058b7499c719c12e985484e4f569b7bbd0787b87;93978;77a56e7e571318ea3ea0ad24c4300c8e;12;9;11;11
240a5b205fa2d5aa49ce567bd0028b9b;c708f47f7a500c6d13d66a272fcd38d8;female;19;8fecd801a5c3ef890480f619bbe2bb2a544cceae67374411dfad65674be739dc;28d2627ee72c8215015b5816050feb98f63515bcdabc0d91c293773ac8536c65c2113c54e6db22fee534725f1f165725;97390;cbfb7396fdeda62ebf2857598509d1ff;16;10;11;10
7481a862764e8c6fa8e7a60af84591cd;bb85828fda77febcb7d6a0d6c8b2cd60;male;23;6b4a403e4e72d95ae21555ac8a094c8ae427c6fe9903e2448dffad6b49eadcdf;f4ca600c9f9c096fd28c8313550cc03261c44485fd70187c7915462fab0ad1e57f1f58894bf0fdb3b6915eb094c25738;99761;9fb11c0c599f8872b47e7edac712d937;10;15;15;7
d5b3f14763bc037e546644053d51693c;14e9b14a90ee4b9de1dca393c30309f7;female;27;cdebeb6975227d86552aae5cb3f6fc82ef3087fd943e5dd551d1fd28dc6d788b;ea60fbd2445a9c233d7249bbed740f51f45a75c32bed098c743da8b49a093d6f3621c351fcecf667c829585391e3924e;94950;26fd2a92c102fd1b23a77d34eb53fa38;20;10;8;16
0c6fab62dd4de795a0b0e23c755ff2cb;6bab59db8595f2136153fd5e430da53f;female;28;f152ee0c703cd02c85e7ac6515b3a210bc3fc549cf6904deb6b9c98f3cf68e20;d65349279fb5b6c5a15cc1e71aa67de42fcf3547469384415ea2199a2ff0ae5f1aef0057b395801ddea445c42beaaff0;47237;333d17c1cd30fb5c61bce33579ccd033;11;8;9;12
87b3b64f367921655e7ca450be359eb3;f16eaf171875714b767224f4fe2ebee6;male;25;e213c823884f9cc2b5885bc7fdbb9aeb53b4425a8d5b7a66f1346d15ffbf1695;97e3e95188dc9d8cbaea5d55c7d82d728aab0f9205f5d70bfa0585ec2dd6e9bfe8b74d213c69d7e44a95ecc8af4e7fbb;52889;7e5c55870c27640802b20daab2665f8e;13;12;7;18
d41d1dbd6df9af5ff73e3cd79771bf04;6047eee2cf20c97a8fd816d86b3fd88c0d70ca8d27afb4a704d76eae5462c8ff;male;23;388e3700cae6aa71fe95928702d5d4ec88359bc566f21fe6bafc28cccff8bc03;f9763ceef5114d94cc9ad75d9eba22847e729726bd1968a41151c64531904ae7c44401454b88d8c6080979c3a2e7d1fc;15635;26724b3650d5abbfe5a1119df2dca23a;16;9;10;17
52f8b362510c2fcc4d5fe251a163096c;f380cdaa4474e8df4c47953fd59ff4d0;male;20;c9b6e2d33ad3bf72dce2312c33e7e6c41374e477a8cded0f786cdeebfff68ab3;2854184faa41e49b3b35082e1b0dfca4438e6614490702e80da5dfc75bb7d86f;6862;dfbfe65152fc194ba3e286187aa86b5e;7;12;13;15
f566e66839ab6f8e5e508ff27830221f;46005893b2ee88b8500cdf33054348fb;female;24;84377fdaaac476a22c0b02ccad77fe8138a518cece27f8456e16d05d3c268c30;909dde6d4252b2b73854ab9b6924524a9af6b545602c0adeaaff4611ec8438f831c0ca326f8a46ae15200e33d000b5575119bbe3327fd43d6fb78e51c3161169;18173;d7818f238c6c9a16dc8bd3c479f2c470;17;7;18;10
5315bed4a41deb3e434ee32ad355fcfa;24d85d69f16cba71de8a4594266ac9659ed3d22f9b2f6fff9eabeb83216d13c7;male;19;d52756d64a4bde627c18ba360a20bfe6321d55283db8aa069080f2cc1e8a9924;09916dfdea00016b6435ed72d53a8ace28fa99e2e958b9f0d95224a098229fe4;3163;ea0458123e8fade54b6158958a938232;20;9;16;18
98270f91a8f99454d6872e6db680c901;fd9e86eb639e6f940c3fc7283696138e;male;21;4c8e3b7fae4678985f5b3f52b751571ba453a35f99f63456ca03911052d0374e;877cba895356709d5891e5404a0efa54ee47e24ab3af716800f9acab1786a7d8dead078a36dfe33f0161fe3c91d2f2e52160d22812e59bcc94a03be7c78c1422;43956;0995d3596593ab66673fee5a242dad2a;16;7;7;7
befb50a14e979513e07129594274c578;bad7e2685c725c271c5f3f844cd531d9;female;24;08061716ae5c4317be85e860769b038cd06658e45a92d31e587c8ff0f22d919b;05f4f34a07df8a2e37574e1bc1e07a1bdc2ff704c11cc0e85807f2c907643fc812db6ca77cda042d336a81d09f3b6fed;62998;653c63df6e7dbb710fc8d13bdf9e7711;14;15;10;9
952130bed9c241f8792b6cfa4c7122a5;a5c1764d9f833bb4e9c4701f9e924616;male;19;a860bc19f1e90af18125e048794c17325b412a7e3aeb4066fcf9cb62beed8853;e55d5cf93086237ebf10510b7a96da99b3776855cefc6975e8db6c94473a40a6ed344ea7f25983a7e28cd23f88cf3f47;94617;036bf7ee0b231fd7a98c862282fcdffd;17;20;10;15
9c28a58c13967ea3c26b2fc7e22caaf6;848225250e8e0068bf5b0ccac2e26b94;male;21;86b84d1c66d512665f334e65c4f3cdadf5b4a219269bf04f6f9f28348fc45df1;1a98bdc8ee63edceef1cb227f3e8188182981711dfcb8a1bed104e6a788733a8c39c3e599a2fdbceb899ac82880d43ea93e7f0f14e924ea9a1bd4a191b7e4123;6045;3474037ed6c225b552522b87aac42cf9;13;18;13;18
1ae266168736256966f9ee82995116b7;e6b08fa8ca0f772127f40fcae51b1a14;female;22;71bb0429ce79d85ea1d7286de9929b0ccd5ca607818e8d44c8cc969b272ad180;8a564afe166cc9f7be276d40db9be62d26c15422247b6fb4199864b41125c6467522fc4085d77984726013792f8d7e32;21488;0b6c877c96b23793872345a162ac2a41;11;14;11;14
abb34153cc634effa910a339835c272c;da3785cd6f5999c76c07278ea01ec2de;female;21;20111ae925758d8f77617ad499bf1f70f377c2e32a828c5bf091b3d1659dfd23;610255d81ca7fe1097be4c6878927819a65dd9da554c8382dd8dfecc04a97de63d4869b087f53b03a9c59b281339ab64;64864;cefd064cb041017204d39f2b882778c7;13;17;18;7
e9f1e8645ee2ad93d27c3816ae7d3d79;a11d8dd03dfc16605db98505b7d0e1d6;male;25;870b9c8f711fa62f1ee1e4053763c5726a5d22cc753c1d09aab94fb46b64bc46;76ed0b26e58dbaaeeccd3cd8a78449af7d866eafad572551ff45e118bff176044d03229a97a7db8c06abc3c7424201d5;91040;7ff0d809e6ad450f1af126a10668bedf;16;19;8;17
51e59938db5476072c4f0fcfaaaa7e7a;6d0504d05b5f44ea3071f0f16aef33ee;male;25;346b08c0ed8a39806809cee51b80d23de8642902c6fccfb8be2c03597a03c36d;8521040e044ddfc5bcc9e28dac5c4545670abfa0c4ea55cccddeea03ecb4af9c12b69c75fd86191bb9cf7ffa14751a75;32100;c6e9e122a632c92af9a0570edbcc1252;11;14;9;7
5390a38ff48805ef1c02431d0dae0c26;0cee288015b87269485fa260682cfbdb;female;23;0c88d64c6306a328924c316447232cbb5b310bb6a4b59e96de16bbc61f5439bc;6fcce59c2c6ab4f08095b33beda5e90e8803cca422d16f4e1a6f9587c4a6fe61ebf09a4eb3a1c9cd30145e612951dd0b2141145c1ea7f3695c0a32d5a697f810;78825;af82683715abb7cdc720a744d63b605b;7;17;8;14
a5e9738233bf39bfc2efaea3d2a93282;3c6164173baea6979019789d03bc416e;female;25;fd240a151334fffe66c22652fbf566fc68880189a3c6923f81efe038c65f042e;7299733f2d32a27cf3452d346edbcf53479ec58692ce2cf6f9d9023b89effa6ab12b9703ebd7bd51bbe755b5817f8f61;82203;2019881bcfd215cada050bef90d3ba23;20;13;18;17
795bee8a27af4b0c3244a674c233fed1;d03e041651ad7abe8e07888e359cc9ba;male;23;80a60dceaf1c889f9cbba6fbbf89c5cd95f87fac3504d4f363ebd885811f5f91;367f4aff0088af0c510fcee2f2a45f9600eadd1e3e2c5410f433fa2d6dd4f7ebc1484f4c1a73502839fc79011ceb45d8;78637;aedd817b93a25d171ebe70b6ca20dd58;8;7;7;18
b6647ba1a226792750879f5eb8d281ba;be28c06bafc0ea6a8ff3c4822b86b7fa;male;20;9cdf360a449b7eef87f6ae5f0f0ac59cef2eabd9ebd98c3c616d29ebc5957206;eae24b00a1235ca3f1977fa34d451116f5e2b33d1b3d7e718df5acccaafd3e6712ce752bc50f715d024e8f107d1ebfbf;58912;80cf4bfceb84b6f9cba67e1b35a21f5c;19;8;14;8
1079fbc17dbf86100eda732a58b6bf60;7132f978428b462a56bc3b91b91b8c35;male;27;9022f83165b34863ac73b9a1560d9e153d5871f41cd350c0264f5ae0ef110eee;438911cbec855c85bf193dea264aca65604d6a772aaa702db64a2b0f70b460c50eb266592675d044903a524fccfb3461;27902;bc69ef3ddf6f5da3297dec82fad38e99;10;11;7;16
0229657cc2f18eb025e91b76c3af3778;fde6fcb887c2f82ad8d87a0edf5dab34;male;25;aed3986ec3375dcd9bf150e38aa4abcc56716330a11ffddd0bf295cf1c22f9a3;99a3d33115876046dadf1f3fb8bee530f3975a08f3f7b01f9dcde07863271614aaf3caa5f80b9653737f831040685837;62475;0b3635173eac0347834f32d79f15abae;10;13;11;18
a132937d00c50969dce9ccd7d665b645;3001479996bfbff10518dc5976b03b39;female;19;d4a91cfc89ae37a7c379cd3b438e08f2a880098f9a9f4bb67ccda1c18ee0dbd7;9ef70ea02fa854750ec5ecf09ac5ad45ded73a7d6f8c0f77e860fd4e67a5f6b94a55fa5231ac7794610dbec8459bb695;9387;9f22cd6036a9f795ded69d9ae58b0dec;8;16;18;20
b884aff364d119c1892ca92f5bb189e2;41645db4558a7980ba69a10889f810da5f8ca347102df3ac838ffcdd099924d1;male;19;9cdb3e70772b35f8ff591db0a6269ceeebcfaa7c26fe24c312a34b263528495b;af2c8b91ed1ae418f0bf116d39b1e575ef4110ec2e6d2a41b2fee86fbc1cdaaf;46946;6d7133a8cabc6b08ae2ad6a5c5d55212;9;12;19;11
c9063e05130ee2e4d2fd8b5643981a6a;bc86afa79d70bd0c3ea962ee44005067;female;26;e9c8dd20c77aabde09b79375b9ce7a512c6c00ce22ea64cfe389d4e0095af99e;aa21a990e19536d5ee989517e87f426c7cae82535f00bda65529aab3a0cb2a38f5eb133df3f303be6f6efae32cdd345a;55415;1f5d7dcdc3fe766f9f8e440c293829fb;13;18;15;15
5bffd085e90e9a9b0561547e850b65fa;f90d46882d58d3ebd02bbbb414f14160;female;26;667437465779c95fa251a0670f5419faaf319eb052ea95a9fa4545a82dc27d82;825cf8f912a1ebbe8d433208af72bb09592528760a8adef3e0d5cbadcf7f4684a1885284a54e844b550a9f6936cf135a;17656;4fa74a29a4a03adc7b4255f4893377f7;14;11;20;14
4f3501946bbfb4e9e02280f6ee60f383;1aa51479eba8095291613a371732bfc5;female;21;9a9d75133f9bd92e81d5702b6bcf9761362ff45085dd698693cd39b45313e52a;753b8b22b6bcfed17883fcc73e446c9f1ceaeec783b299177fff4d4ab20a38c8c11ff4b561a03c8f6150f0216aebb1e0;970;76123b13c61445afbe2af859f2ca64c0;15;9;7;17
09b198071da558d8d449a16ee9a00612;63be5af91250de7e6863980787ae34c5;male;25;0b1f98737a6185e91b373b22a6aa8bb15aa566e32ab65cd777fd33b626df58ee;18cf55ec76b47b3d77838ba23b4877ebd22f8cc9fe0c169ebc341e6e82bc11cb4022bd45f42e3e2b180fd50d4c4ef27a;17687;a84179fe29ed840feeafd29518bca7e5;9;8;14;13
4c71b28e217d56998b8538459cfd7806;ca826edaab73fa4640f2f9da318ea1dd;male;25;586ebd3777667bf0c2dda76f2f97ef632d9561794c6a9eb9433ea5f4eb8daf0b;996a4efe8e0667637a15bc53c548e2d9456ff5d1d75d14c30ad1ab3b1a1f6dc57a7fa58cf19edf8e0ff7b52a6405583a;53395;f41cc9111fc7548080636d112f5c7ae0;10;9;10;7
5ff71c06a098503694c1312330efe0d7;7ee2d38048a4c031493008d496492c3b;female;21;15a8899468566d6881228a542e72cbac5c41f983b0cff7710f774be0eacb3636;dcba4ab48e92a173037da87db35d920024f9de5977dbf9b71ea051402843f8027eff4e19ea2a53bf42a46bbbee83c4b9;89089;100a9c196f0a187243970c1386fa5813;16;8;11;8
390531fef5eeadeb05734098f544f576;93db7f62aa0153f956896bfe83b8c6a8;male;27;0d6b8230e614948cb9e32310643df626cb3425ae01bf4404af72210865613416;320287d90bb35650f42316441fdc51fc3f20c24e2ef0767b9e7004af4a24a89479a38b5b137d92abaf49a3ea077fe327;55154;af30f132e04b0628148a789201562460;16;19;16;7
d7d7e42482e7376c7e9ad6f92d6a29fb;fc059766d3ead61f050d78b82e9eade7;female;27;e730d1c9cd3a7909294aa4f688e97e59fa6274bbc995e2abbdf4b266ce321784;75b9f44ba16152a63af9eb1cbd75a10eea50219feb69c56bb5dd0434d2d42939e4e0ca2d7e53490db2ce31cc36b36258;60586;5a37c91db0638278771ff377a24c649e;11;15;14;15
7c31f6564ef7409ea0499d06de1a3862;f187e293c90ca052aef69ad784500982;female;28;e92231b74326ce7670d55ed48e9d338fb87c7100bb5029467453bd699f2f2ea4;75bf2f24eb5b57b0de03703be44cd66c923cc26aafb98a77cfae5494bcb44b8b2a62f84d38111183e982c86ef3785ddd;68703;43e9645d88d5f81893ff4fcdcf67d858;10;11;7;15
9c16c146bcfce7eb337619bc6dc30edc;37a8d727251e0fea589784b8972de1ac;female;27;77b838b1db73fc76731c42c32769dc8f31245095bad2bfd663796ba07c9b198e;17df1f28350d49b46e3dfa6d7028e694301040c5e34fd6568426da5df26965106a57df952b615399b15e4e9ec5dcc5cb;57890;0fbf798289951c75a56f24745b7e4964;19;20;8;18
2d99873258caaaff48957f9d24fa2f80;6153fe57f414f982d6f9885075d7a4b0;female;19;e5c7e670d3fb2db75cf16013c0801c30b78dbcdbb1a09948b1c719dcce04f250;03b4a9d64b90d3c13e04f124bca81044ed09fac50492223b406c34390026cd760a902be25d0f48479bc2dba2fabb3c72;93189;70c647a13c1afef7288644ae208a2bbb;7;14;13;18
bdf66d13abeff37063d5cff611e18c50;a1fb9cac15c6e437c26a274be4716008;female;28;900739da09cdd9c6e83ac2de3149ff06b74cb5fda282f4c73b0a62da69fd20d8;9c24d14ed07af2fdd3837c48ca9b21e58d15b884a94e1ffb421a2094f2a57ba641f1b0194e951206c0ed530ae731d7cf;42136;16099c6e14989ff8d32759743d5a63f4;8;18;8;16
3a82a86b4d5c53990084313d26a038f9;e45cd8168eefb0729b408867edbb6a01d281772e8851a92b396bf85951bac556;male;25;40b6c8f8a519cb420b515611d2fc29e7b85736832d584536664807b385b68ce2;0e1dd41f33b8592482b25627dcec44880ebe370d977dda529d7a5445e4832cde32e1bfc191bd3158dfc0d21d80af22ac;34053;10ae79ff48c1a546232a737d1ea5b586;16;11;17;12
cb0a6aa20b10c89be775d277c9b36ce0;6bcb7a463b4e99be422e9890df65ccfc;male;23;23b54578e15b2105535ede9101a679646da1d9dcd38ddce584b991fa88f5be12;760c7bed5ce95fdd50320c484654230c5e321ffacd64eb48dedef28563c566085be4d05de545979ee97f434f2a213bfe;84464;9c73b687597972884068d72f333e7749;11;14;14;17
cd4ceb29ab35d987bfb259a2e88f4b19;d58cec335fd4e9ce4e7af8a182e22bc8;male;21;5c21e54b56d191e1f903610e9163f8a826521e2c1b63302aeddcc1614e93dd59;c8461d3ad98e053b88d6d69f5d9ad84478e85dc57a353f15e7f76c32fa817be9541efc924f34163144dd63d29606cf49;59175;9deaca2873cfb165c85ab464d8b7fc40;16;17;16;16
d1ab97d6544509f6c5f0a7f1f264e756;5f9f6691ed32ad741f518231841f6d8f;female;21;7140df8618dd1fbcfc7f646125a056489e2c3e5cdda169ecbd12105f95a8549b;1a8b9dc13eaaa4ab4c927b99bf22ffaceb03db8819b9f869ea0774a38dd99bad683d5894727208ccb76e3b63800d3ed4;49269;7231bc619b17d59268761e3070ccd1b8;16;18;13;12
a000acee5aafeb84cebcbd6b92634f8e;cf24db78c98c22fd7cc41c219a72d4ee;female;20;c414a5347381cea4d3c8d4f16747ef843b8cab9645cc7f896f38aa7701a48e8d;9075a12eb83709e8881060df0961ba77d71660553124c934bd13e797c28ba5006762c87369ad9b6ce87657e13a0d78db;31415;1835c2f22864efe00ecccf9b62b661ed;11;15;17;14
b55e340de71e9b2c302359631637c31a;b89cece3b91d92f97386874986c70068;female;27;7631325ee78f1423aa8ad6d175aad3aa7d413dce22725a4083849ecf63f0bf50;db4a7e45391faef01cc146dc3df7f21f2132206217ded60ca69e3f7984884e0f9f11462ef48e67c0ac07ec1f702b970ffe8bbd9dfe8d38d10e7c2325a1aa9fb3;31521;e31aacaa89dcb19dd74953f0515e39ed;20;15;8;11
6fa43210b0dc6839094a4a508cc9b0aa;624ff06f9007e0d910f6bc32f6859a41;female;25;9d667539ff183dc490eeaf6120b82f2ab7b17d3e5b0f48aec3ad00f87aaee52f;6468ea553454e9222af44be40a05afa909f9f3795dc4c47017f2ea00a180649d146c745ac380a60c50b5875fdae750c5;95384;44165806b68adad736051c03d0cb417b;13;7;19;7
c206db00529a0a4c0d9da12e0e6f8641;44bc7bc429ac22a295d1db9ae6dbabd9;male;20;e2d2a0b145bd3b556757dc3c320caa33ecd0fec032f5bc862ca9fb483b65b15e;e124bb47fa959f3b93cfc9cf5212ef7966844b9f85a34b8e25c92ae57c8eef1a998df1bbc3b8b1dcff5fdcf294784ddc;36850;81ecc9021bf7f45478ef5dd2f2fcdb02;18;16;14;18
13faca5cead1dfd4a3d224f0b2fc6823;53198ae846bd67817b6ed01dfc0ceb6f;male;21;172fec8ec6535db010930dc1fb7c0a7867ba0eb225d5c95afa43994708d4a7ab;252ec8ca3df469a125fb04ecd7556bd5e62ae888fc28c59043220c7958a938eaf3de4729e54d000c2238566f70c60fbd;82943;6bccf5de942f99a3e200d035eeae8283;10;14;18;18
e57fa804a1db6a8f8715c4bdb8dde785;4b0110921c63a66382906a5482a6d682;male;24;6957c53548336e6f4445fed465d01de20453725dc5874724678dc0f2571606fa;a33dd55f3309a6187389dfd4b76a52a3c7773766229ea9e3bc43dc5eccf8b90db60c1761c4b750ca421c7d0139ba24ca;9584;986ee34cc78708951b5f1292c93460cb;9;17;16;18
a8c7142abde2edc21b458dbb1765c532;54e7730b03303d1af9a3969ee4c73dc5;male;21;4b11c0b5e39339eddc2d170730ad061bb5ee628cb79a5ab7b1c706c3c25596a7;f3da49f8359956dc19c7abaf2a6fcea4217e7d77659eaf81b03d4f207d43ca6030ad26d91d4c7d59f5baef86d2445047;9695;4ea776085154ed6e69963725ec4c5ebb;15;11;17;17
713393f051de8e8b09e96bea5dbb0c9d;8bed6262b47f3e11d5b197047f0a9ae0;female;23;2babd8a800327469f689bc44f5f9d30a9ffa31cefd18c1f821baac5bd4a7af8f;b3e0ffef152a7e98a790a76202b0d16c2ec50877f144679cc42ecadff3c1e0689254b358e6f2968f517b04b5804d605030fa4ec3a62b3ae47e211db3cf6dae82;31917;af95f575bc82664cc921187722e1d0bc;13;16;13;16
d4db92e21528be713e7b77b932fc7464;2d0ccdb689affcd449af9ee739a224eb;male;28;0f952cc68ecfbd9d4119082797463f276bf1a068052cbd758e5fa8815fd57dd9;4d303138ab099a296dc323d1f2e30ab19077132e5de2508b40ba1d0968711a7f88b71ecd244ae2534c877914e20b326d;43716;3f97ac793349874749638765b54ff833;12;19;11;20
262f8a286af8747515db28cbac60653a;0734c7ed5316b39f42a590222a6b175a;male;19;2b1717fc687f79ae754ae8ed85324d57764cb7c1922aea1d6dbaf885fb723fd6;0b0ecbf5e772c8ff64a1daae0cc4a8a1b724de2d0b0d68058cc6d48773e1d6e10f74c94c1dd08c64aee2dd86ed7fef9c;60317;4a6c06e691d18cafd4d2428b325e2316;15;18;13;13
0f83d08f0c811d14123d185f2e00bc08;61864e6ff713f2c75a8fbe04956b3569f9b030e1a5785634d5f88cad260fc138;female;21;2537819c3af236821818d3747f1d9b91ec3a4dd06f6ec04a2be1a6aa67a99e45;dc0bc870d1230d8343281a0b250ae9d0f6ccc9a94c5aea3bfa4e5df72b5844aa0fc88e14c61ad9a5e79243687d40f108;37020;5998d257b6bf39d9291ccc390913920a;12;9;13;12
78fb7ed3f48acd9bc3e290d33f65616b;9157a452b76290106edc2e0681e71703;male;27;5ed36f1214969962f22de7e6ba59872fd9aa1577427988b2fe38dcf33049258f;8ec3c6e4a39f450957f26d1f2222c1974705dd7cf660884b82b46941c0b493ad9e6a2cc94e778a1ade28c871b1910aa8;78179;843d7f101f4c33828a19b65ffdb5373b;15;17;11;11
42c689a4634b40044d02e2a12c6db1ea;646e9a75248564a8087719a6383510a8;female;22;bb02050c19e91defd7c9756a3c35bd112f5316910e37afc1148b79bda80f636d;405dc3a480edc01ac6e1cf345763c2828910449fcbd31037572129ac6709c84e3be2fd960cdd32daff0a6280d3cb151c;53735;cb0ae93ab5b48f4d022276858d4cd5d8;13;10;17;20
688ee96113f6f40277528777a58f7695;00e43a43be22c8d9b159796e35c7b8af;male;19;e19682469224e84c796367d83c6e4ce7b5e8379245be2337c2ce27c64de8907f;937f1c83a4e769f40c797c5e4046e5e023a14a11a633a67d130877200e6ba1f171f3bea8405ff5cf69eb3cab11cfdfd0d0fb876c1d61afd7de5862d1668ef85f;46113;a0f9c3229598102ab38474326d3d18ea;8;14;17;14
f59984850b22fbb3079dcb5830ae2bd1;28af0dad57965dfa7d3b58dd0ac21bb8;female;23;7b0171b722a573c419f08c6825140c236499cc7714339c4a25ff7edcfbf1ad42;7098fcd816f2192ce24f9c6388fb5d494018ea76085c4ea8fd4cc4daa63621449878adb046a30fa32d5709785c5f7e5f;59656;834f05616d70f1f18d56da487b92703f;10;19;20;9
14a9768fcd235a9696364f5450fb949d;f32e0ac4a23602f14b30270cf9c08255;female;20;ffc349af17e792e68750514ed7f7d3dd9f33f8de79068a510553c9d0142d0a4c;95257432224a8219e9cdc61e3c858591e33fe609c3d8f3fc29a791796b063694e47bac5569b5fa42a3c7013581d8e3ae;31828;13906796f585a73c177ea6569499a925;9;8;9;15
6b44d2f90f702416ac0a22490dda6f97;b065267a6c5e4640451a5c7ecec3b6ef;male;19;e5a6ee13eff3a560006326e3d8d2f178dd1135c61372c1326963897015fe61b0;12bbb0be7277b05d122a6e5f890b7dfecd19bc97f78827707252a43a6bb42be7780a915f76205199c607befc6b790955;46735;6d39b8b8beff7343e6c2b95651db3d5f;16;19;16;15
011aafa6dfe278cbe4515497b5d602d5;dca571017cd2e3b5ad586e3a71fc08bc;male;25;a1e544db4405fdeaef3b7b30d5997d2d891f7720faef0f49e19aba9419904ae0;10f812c27ab009fcf1040bdeb704f0523ee24be3c59a70326b718839a7ad7ce82a0295572c1e1b2ad7c2aeea8a40a84d;40123;e2a21d63764543ae58a1caaf2c5da9b5;20;12;15;13
a4e507d4886b62c37e21e1e6c91d7d3c;772c69683335c8a940e4f0f37ee3bc34;female;23;1fee94dd0d9f35dd9b8fd34737dff5673f4bf64b2b9b81585fb266b5ddd2e27b;f5cc2e0af15c432538b515fbc7bc6a06ee3017da09a2da3f630da77ac81726f17261f94754d643e61d64a049fab61914;46951;aac891a84ead401d63a36df2c07d5671;7;7;18;13
ca23da1c5eb519dd43d033c6ee55ca4c;d1db40df49f7d3b6573209ae17578dfe;male;23;0ea1d48edb53e3bf3129e608d1c8b2d5c30f9cc27d100c18bd3236082cab9c69;ba502b962ea6af30bd18cf56e86796fe69ab9b0665ce95b2f3d05dfcd6a9010b38050eda461baaf7f7d6edce4ab4522a;18993;b940402ad0abae8cb6885ad419401161;20;10;10;14
f83d7eb3c3dda282625bbd49e8150b0a;50dcb6de20c72efd7de7ffc2237ae301;female;25;cbe81b164272ed98918606d2fe8d15fd0a0dc42644cb67b3629204df904bc193;4bb0e35b7bf980787f2a628a36f2200fcc5437ce41c8460b7d09e3c032f314215b6f953cf8cfefbccbd94bbe8e0b7bd9;66715;dccc79d0f5bec83065a0f70404ddfc3d;20;16;13;9
a125515a7e1ce842f051a0e362e95cc3;4608318e106d7b5b8ce525719394bec9;male;21;ee5952c24282eef5c269568deda2e9cf9f691d15aa18b75a5b7bfef6a61432fb;cbdaaf59865d7a81276e4205aae6f207f4ed6897a3ac5c47b5420ade13615dbc3e24c39453c7b2df2c3e02ffd9850dc7;48384;806fd1d418d45f06e9230bcb64efc5f8;15;13;18;10
04efd1a399461b11f784f9c454b3da0c;23ac1bb6c2d1ddd5b9f1e2119dc99d4c;female;23;9ef0ab457562c35bc7ede671dd52afc629aec7995640a21fb09130b5923975af;6e9965593ca4711f600bd3eac56cf022897fcd5950efd53853986e93004211d613b492270eb7da019efd199817c634b3;18445;63334981c08aed300384d6ddd58b9761;13;10;17;16
843728d87f9ca9f5eb46d4bc8efd2782;955c481491831a789f69f2f605f19cd6;male;27;ff530ef2501fe6766243b7f34a7b4d7796b7eee1aa4c96bc89e549181776de44;e3647dd26d75dda837623b8b0673d33cf747897107a6af166f9b8811b3f5ef95b469319eae48b04cdc337dc1a5dee3f3a64787bd91b278bf5057ac39f83861ba;41653;d814adb65f48a17807bca04502c28b7d;16;12;9;8
4a6e2782be3982bda52e84c480e687dc;79867c6de9b45289012ba8cc67699711;male;27;1fb845d7e974953ecf940519f47b485eaa962197f60287c20f8583c65a2f8bc4;134af4c89f7e833d3dc92647fc703978ff9f9e29e07d1d3614ca79115e2e9285fb1c73efb3c4a89ae6dfd46bb09ac185;54458;066c94daf2e234c30c49897dd1be516c;9;16;16;14
edffe760ee754388d4f3738b1a54ee34;04b8592ed0899c254e85ea26d0c9e9f1;female;23;c6fee82193f2c75b28a31e33a848864de15a021eeb8edeb285825b79eb5074f8;e8eb631cc6c09fd06d88fc1942e2ac2ee87c361ae1f07b31e51c7dd3392e647ae90ca608ee1bf4a62db431fd79bea3f7;8171;a1da03ec28c2c3759b6e8ee8b3913260;16;12;11;18
4f39c8adb1a0237a7b366c5eb431a9d8;c9f30010ea0daeca343b1df36e621ef6;female;23;27d58c613f5574a3694c620aa0f7da697fb70dc0b56d132fcb9bd106edb6dc50;0122a3169dc565bf2b675b1969dc360563d4a7205f7e75d4179236ecf25f6ee3385c4045ff34a4029538469f12bc18c1;48949;558697a10c19d402c8ea174d0ea063c5;10;13;20;9
05ea47c6ef9a047046b523bd67badcf2;e147bae16ee222178ee47f4bfeb8857a;male;22;d01eab276fd1050da50c7e5131a6adbf25342999afdef512084f524ce660db88;d3a6d9d9ce90f17e13e87a9ea287afeb6ee5f25d2d709fe269bec5aad6599140798ee7c6cce522d84af43daceb049f58bffe24031b8a21b74d72f4ca69e46749;29948;035fb9a77541a751d7e8a8ba6f0b671e;9;9;12;10
b265ce952846b71ff06c9f1bcc0a2aa9;2bb36b227ae6f3c5d4f8cd5e7087c757;male;19;c857804c9df6ec7c3227a3a6d5124cf685d29295067daa7e35d37db7a2a76fed;d838968abf48987a1ebf4282763ab282dfbb04635b9415120d723e6ad1040a838d3e7711aeca259118bcfdb98dea5ab5;54655;8760dce20b1b7dda85f463ef015fb9cd;15;17;12;12
2d08192102e9c26d3ad41eab68679042;554c27781dcbafb2d858424d23ffa938;male;24;9e5531973751475f13c823e0a8dc918eaac9cd475a0499937b2b8945b264b75f;1a7becb9dc83d2dc7dbc674fd26b8fd55b088cd3ee190041e554b6f431a925b4e878a3dd20a88295a48d3a7fa46ceb49;74467;c23ad6edffafacc4fdc2a469a317f526;17;18;17;10
6b462f5d0274151d43ee4fa69ff381eb;548e87a5a4c2fab49f7db7170169a803;female;25;da8e966795e0dac52a173684d787eb04f69f5e7cfe114c4857937b49dfbe5684;7b306b234252d6fc0385b312f2603494b4b0d9d03ef1ba4c77af42bd95afcbfba08e52d9135dd42785547844ab0429fe;86213;9c73e25177d9489d0f5696fc6f54717b;9;17;14;14
5f038218965b4e929ed011fb3f31eba2;42557e79e98958d908de00779f1b148b825c6b30ec9d1de132507537b5b522e1;female;23;5a21ed8ba14faf0d0d6e52da94696ac3f89fe709d11ae9894feebb18ea89ed98;13c178fa363a2cbf003b4b2c49b019019125dfd0d15b17fb9e5e9b04cfa0af95fc0c1a311cddb28cce2c1d6e1e50585a;77883;9089334be0c2072ee9a56bcaa1723122;7;20;10;7
89d96fd9f72820de6d09644a39794e8b;1fc3dc88be388dcaf7be952e8bb6708b;male;19;f55840e3a0a596c4ef91322ebe458a3da0cf405e143dca3776d41c06237d6e7b;ee534048b4a35a53b75c0ba262731f7b8c8e21fb6762ee609aa386bd9078f0d561226076168879be99773633cde08702;96097;1080960ea18a0f556a6c115ca0d3b059;10;19;12;7
9782f761f37f902e240c9eaee3e9fd12;e37e2fc03034fb4d6f752de4731bd2d0;female;27;d65adda2a77bde643560ec24159b6498e0f09c7f42a21a1e5f090dda288f72bb;2bc739534f85732b17104c12eb9104b2d0351848ec0bd19185bd37ce27261026;50335;b90a871d3be94d09a41e3c3d25d5a909;7;13;9;18
23d8a1f27a7ed454f5a3f714c3fb596a;357b3f3632a4e333739abcaa387925d2;male;28;fdfe3883b5a0f31b11f6a64678e7d242c6daf04b983d95f3e0a764600baa767a;d428d12a50e67ded8e76d225496701819b6d7f0dfde3cc9627d1e520571e17ca65d5e461a2b3d5c349a2eab9cec6e69bdba18ed920908e8513f341f6dcb88ff1;46416;b0febc73e55a17a3ab9a129df21ef036;9;17;8;19
139c31537d4268d16f6cc71b43c328a8;ddf75a2bb95b291b43d885593e092aa3;female;26;7c6a32c368244d4ddbd0280b704d316835efd403617df68e834fa47152aba63e;bd97b438ac347f65bcb47f72bb2c4ee13338533598764b286c1e7c0f8773939a53eec2226e6f6bddf70f1dcefe630236a152e8af06e1a89df980d68a347b846a;17509;953222809c4ad1d3dd8b40a960ddc7a4;12;20;9;9
18aa1f31ad0a6badeb2fca5b78edb0bc;7939c77adf216f1608655903db901556;female;20;2bd4d2f2442df6c092d72ba18e64874cf3f3a14ac27328b019f1d4aa1868fc55;9d4c8a818dc3e52627361a6aa05da6e10fa2b9882b4b89be00f97d015c20dc7e71937586ac4aa946969fa702aba45ed4;21651;30e3747924af06334c105fa9d3f25359;18;19;13;11
6e0b85043af51fd2d270c735321c9374;0b31f6292227e610ae956a8cc485115e;male;20;c77f66ddd425215d555bdc5862bf25de90bfd71876d4cc98b2809928ced150c8;19bce797328e76111500062bb9c54f339063a76bcd09334287c3c141ac3c9b5d4f0006f179d1f0bf9676baafda47b508;17673;00625bb6b33a4175cedb03d25a393371;7;15;9;7
6bd25e63e8ec5f77c451f9fe11ada7fd;d22db0e45c2062de37a2c491f1977734;male;26;dd5b9a2b45bc6aefa8564bc148c669fa9ab70c004b91efd3052e219bb335dd46;b84badaaa806bd0eed3d9ff047a7216e1fa1acef746551fc76ff352b7ff42508ee3073b34f80f14ce8c8e51124bf5973;10782;f51003dbd37fd97080e1445ab22ec789;13;14;14;14
dae585de5c273190014b6f36f24a1955;60e6335b160d54c34b3711001a43f274;male;23;d9cfcc4ec65edd9d84bff0a91d06de31d71b5c276498c710bdd22e71f9d17398;932fe682677b6e54681e1be33f9da76b55465a7d4c860ff585dd92cee44e430dbdda1d33499045177fc90fe6c2a675ac;91486;2efe9d06283da0f1c8bb325129a58e6b;16;15;8;13
40e4fda23ae5d7b139ff1ae4ae162014;22d464bc72371905fcae9a9593fa1d03;male;21;535778f0b293d1f787a5d6a31460528b4e87491d71f06e27f1da7921cf9b7027;319adb7e38fb55740f7cae9985d01c4afd814a46cd08c06a49d6c2e8b95f7066ee9143ac463c2200290251d761792101;38953;281a2492af3700366b7a72ccdc62e57a;11;16;7;7
749dab4f8d14664e1ed897011859af90;f237641e863381444b4f167dd878e050;male;22;542cfef9feb70c887827808ed20ab0e1a1b9db481518925fbf0f7c2025fa941e;bc4b4ad464314a70286910ac1ea29e4dea06e5f60531032950cd813cfb286dd9ab12e73acf7d9f6279d9bc45b822ff1a45fd47b40cc9c9b11b3ea25ab37260ea;42942;951899d7c24f52988c8b4b0a78301dd6;9;20;12;15
584c7210861f10097b0345c8a5333b10;67ac6ac964484c503cbb6d740ad06f447b7b47b97f4de8dc579ae7479e0f6fd6;male;25;48368b927eed025227d42d1e532b308bb907f737717510939d6fe20305614c21;80d7e6a6eec7175e8e5d5113ab8421c8a6824166c31ee21ffda45d3ff4cc4d76c8d83e00527865f1161f6b4c90968807;70790;5a3f5c1db5a77419c0cd1826024c5205;19;17;12;18
a501279fad89239e7391605a33784588;d58c0ccd3c3851fd0048cefdec681e8f;male;23;5c9963e6a53af1bc15bbea67e952de66c7be91fdfb8d64305e873232adbb9b2e;a58c2e781de197a59742ea0b14b9af66179cf12998cbf799ee3004a9e146a49363c516f455974da3c51be802aeb0d089;25351;af8bcf707649bb16fea2bf71d46aab22;11;19;17;13
98a8d1e84dbe9b73ff3793a68fb61129;85a130c729fcae742c871808ef56cf8b;female;25;0dcfd2d91254d1c72f2031347e0d18de10ac7aba7cdbeed3da7eebf1a0443207;6b8ab3dee98e1091c7f241e5bf8e4c20516e90f561bfd69372a80b84cd75265b6d696f95ca33b605e565d3ed7aa527d8;26249;5a49680c7b657db5c458a0df03dcfb42;18;17;11;19
2b07f20ff9a70d6b5a16cc0156a12eab;9af6670e0f765260bd7d8e526165e0f6;female;27;0b4c9cfd3468af021d387ba3e328aa294d39af76faef049d6ee234579ec92247;59102fc6ecb7619254027e9a2677aabd525c1385fc26d6ff23fd17f1164ecebd51aa6bff1f7800ffbdf11fc39afd1792;40782;558d18cd90e8b852c5265ae19d97c2bb;19;18;12;10
d97dda499c763b05994375ccd3edf95a;9669f4a9d082a60d010b6ded3e5f5a5a;female;21;f9d28c3ce88ada18e870ca44d8831e7eb47d991dd49ae53c27b85312d4204d57;22557b7d3d29c95b2a275c2fb42dc0596c3ce6b5c99624435d00ecea90d0913cbbc0591fa9c2c46928a4c393065f42cb;22938;25ef9d311c0f362fba1bff0752b9a7b4;20;13;17;11
34c97529b047b1e79bf707a963181c57;931631b4b56295b48078e7342746e4fc;female;19;f0eb688dd59f3cb0e796f2eda0c66cb7b10b43381efca488f16f417ab224ed41;e1c18164151697728a6afd7de5ae9dd599b0ea0e53cac50a29ee46487cdaa63484ac2292631cccdf2b346c7b2590dfb9bb7254b8ec5c94402cc6be2300cfcd12;59951;2d659129ed5521495c286ca3990459f7;14;18;10;9
35e5078108a6b66edeefbba5350f2511;5e21b375857c417fc547bc03e22a837e;male;23;363e052b304fa775d869bfa964dec15dfe6b77049a03f99f5bd4010ac37ef602;2c82bc876feb7910c3039c13ea8919f46851ff99559f096cf5dbc97ae6eafa37968bdc0b5b361e851998a29654dd92289d4ee020530b82845c7e8272566696cc;49314;11d48fbc5b7e0dc176ff18f347d5bde3;8;12;16;10
1107816a2c81d674486cff1f1b100a51;d3efea5e11f4a3e38e134c9a142444c7;female;19;30bb81382a292a970913646b631c6815eb356cb2ab400eeb57d7a594ec2857fa;bdfc07dc3c14c90b8e7021cf907756321b0a6ab1329daffcd796001da5a75c82f10f6597a2acf74948f2439ee75e0c96;91424;541847c7136c7997d97a3d5be5befedf;13;15;19;8
bf8864d1b16fb546a096c86869eb25dd;f39a74b587539196c278639a8bac039d;female;20;0af6baa6686437de85631cf50fe03535aa17ec379526aabeec7e8d1e3b78d0bf;1459fac9b03cc3997fd8b927d6fa172676e965f370a066ac5a7452ac782c59312394c5af362003237bc98608bfa9f732;21605;48eb4e2681ba57e55fa6fbf5df8fbb71;20;15;15;14
b96ae5e6d01ca20c672b9a2f2f101ec0;59bf625b8d3e49487aadf4079d81b99e;female;19;4f109711df5904b68b8785c771ce4929465fc91ac9bf7af6760de6b91dc44663;ccb9feff43eb27344f9c5bd5bb291e24e4d4a00bc49d2d24da3ccf09032f1d906fab00991ae7d76bcfa5c31871962327;75635;ce2834c82700c8dbd48b5b3d5167bd2e;18;8;8;12
65d5b0b5351d974fa734c1403f28e6b3;48f6ea31afdde0e6d433c251af7e72f0;female;21;c8beddcd143e12e6b4005542221f101f815847df0a7756bdafa5b77c4cbd6f05;887e5d6b69de38fedffaa5f97ae22c460aa76e6cb2d1cbe717f2af69d837a7be;48849;8968ebead233ad4d779bc51b4d4e601e;9;11;8;8
93374b5276215d7c5f6a2c6cea14cb04;33a17aa36288a3364842d6740b4c346f;female;24;4ef3daba6253611a61daf3c75f7349f3f8d6f6855ec7111897569afabe9b8c1b;cd2070c7916a45d0fe6d9474dbc480e9a90c638f9bb4f3e3c9762dc2a3546d5fd5f3ed3a08bf7602cdf498cf79a21742;13220;0ed3fade2753b69ac5256e89b5ca0a6d;8;17;16;10
4f9a8a4b6590517dcc8dd2ec8223ddb4;ceff6fabca4e95f36a1e41f56d3cd631cadb5d4bfa0f02d1c26aa6cbfe612770;female;26;4931f0afc5702392027755baa2c27b78fc1074bdbb09a0be31fa5dfee2065e2d;24749c5331a659891efa41cbf174a4908accfd98421181c6dd39ea42577de38c2bde06e47b5b11cea95f907c9ceb0025;66474;546388d69eba1287ee40c5d119b0be2e;9;8;14;15
cd0678abecee1efe66759b6628b62d70;aa66149feabfd5eaae2eeb92209aff41081bdce14e9d802855c6eda3ccc78a8d;female;24;edd912ca6c63e9b220430e722984593188813a0faa4df2daeecb79c9aa955fee;820e5a54b3900f5934a4c9a957ce2e28fa81bea53e5187fcfa8e483b25838142;35396;060d078e30ceaea02c3b52c5398661d0;7;16;17;14
fe4ab2c47663926ba7b64773105ae2f1;25017b2768b7f3c79549c7a05f6c75d8;female;27;e0a00c694444644235ab207b78b5040facf82fa3ba8fee8000fcc4da181fd852;06050af1406c790dcd4e822e0bbb2adfa7b0ea14bb5e831b0be9d5ccfda250815a754e5586f91f8d3e03789e7767a97a;43657;62da5c75ee01e1260b5277b8cbec8407;19;9;11;17
0f8bb1d69e4d7ff06a635bd8c74e85f9;e08fd84a48860178a4c5970c9a1897ab;female;26;6605262d9d69e7238343846a625ee1d5094e4ac1fb4d44487c9e0e128c8be286;0ffdca02c580d192e8e5987e75f164b9914892dc2e9758ef77da4c01d4b5344f0c970c91e1e2356a4c5726e5b1541ce2;33250;779cc1aa2a1697053a7002ea4916fe73;12;18;10;9
5587f57a7f372c7e93cdc78541246be0;abf3c1878c5d296e4c14a8cd55597fed;male;23;af0cf507994ac502096f6b1832f126b53f4c44d6c3d5a4471aed9e10fd3ecbc3;342da0724fd58464017021f6f1ecce641ec1a2a3c3b790bb682a3e80baf2109e646dfb0067d3d956b253bf701f23f9e51b8f45dbf6c921e84a8c10712721ec46;76508;e890207407b204005ca4179e23475d2b;16;12;7;15
88bad62d097197f095d26c0f04fe6d9c;6108c38522518b8a736b6ccede6abcf3510baa698353321d040f0c890c92a644;female;28;e6c03ec49473f8e02bc50fd39c498083711567ac349936eed523a62573b22c2e;4fae87034f023c262df7e10c00fe4d9a28ac1b83bceb20126560eeb88bda5cd9686ca6332345bfd5ffe72608bd6d5374;16647;01acd37941259ea6280fad41cbbbb97f;12;9;16;8
f48a066d6b604994865b13f905614879;566af25a69c983fe69021f66eef5d9dab7e11801fcc90085a7f581485981a309;female;21;f00e9aea7376d581f67f17a18c2483169e92b35a7a897063da7c83dcab58a6ec;aed733b66e018750f40aebb5ae0d29e4f128973d3db8acf1e919993c718f652ec708cef6d0d48e36c8b8048ffe82c65a;77793;89832c82255604e044388bd9c9916aad;12;20;12;16
a879d82960d170057f6dabe4453a3414;d27a53b0528fb9992c5118028cbd9d18;male;25;3a363a01dfbab1eb71d4580759f8927890211c174fa7477483d7a99891cb08bf;a5017664a041b48c79e84380746abe23ec0813116f0d6202d080b0ca411925c55bc845fda96c30652f151632611190c0;59953;d1e4cf471eabf2a03a9a3a5f44a160ca;18;14;16;13
02beda1fb5c9e43c9d764e9258eab3e5;bb30f16649ec437d8c059b029e29b24c;male;24;34f298991dc80d4393c076d4cb75b6887f940b8e03e9660fb97e62a2be9cc32c;e0d1cf397a219608f7a2439c56a1554d6061beef6cb56a0abafa5c37e3f6b98ec5ed7a87d03863675423bb53dfb47654;22661;69f1e31ddd75855df64e4ab76e9d2901;13;20;10;10
a3c35283c6ff88e2de5520cdaf384690;f4382445066dd0bea6b6d01cce518276;female;24;1766e7337b2f1033ece915d45907f14c4f9a0812832b46ac19278ffeac5b4374;f8ae723b0666ca2a7b21c23ba4c9a188b7158142baeae10020f144a993341916657f6940e9e1d832803ae2da65cbc7f8;16075;146e622e9cfcb1c46165913a02373d84;16;18;20;14
f1fd505d6eafe0f2c24db8d58bbeb6b1;479e7ae5b42c7648f873ff5b6076b62c;male;19;a100d7d3853f41bc4d7fbb5e86d6b62494afd533e8d9ee468810ff19fd2db3be;898282cde80a2195c78b4d9a35e9c7d10c967f610a69e27403b3d8457b347ef332f62e710151135587ebbd2314de1947;64955;7ef41b171be11b8b7e9d4758385d8d5b;20;13;15;12
3739b6f0d4fd1fd906cc8893068c4d38;b40b583483e780e50af28681ac46988f7a796b27be7fa235153c0e05f3656852;female;25;ea7cebf5e64b5109beaee5d3dc05ecbd7dcbe1969909c8ea6dd8a579b6cc796d;231c074f3c893030e1a94f63e2eb1d30b55480d8949b3c6fbadf25dea4680fade0ce2d089f150ca410a026b15cf72ac6;24431;078cba27544448871338062e3e5d6147;10;10;19;7
c8c3114bd021dc1181f39d9448d5ec0d;eb28ec9f38d6965937a899da10204655;male;28;ac85ff4969a9edd785280cd5158bf9db03932042288a2d73b6745bfe1819df27;bb58a9d14c300816152387d07f834a4c00be6bf41a60d1c58e56368226bbf6665b4727f3d2ddbe8a6b8fe5e6631bf286;6375;078181b00ca51f751f5ae7f00d5c7cc1;13;16;19;7
59caf43a752c3a547ce85f074d6e561d;2d9421f0bb7ad6abde441c846bf1dd85;female;26;d8aa300342f026e3bc3dfa213726df539b27444894d1378755d9128b240fac89;69b478ad6a35a4694d30124f7d5c751a38661f7baef86d2abc3f50ebdf88192a13298aca4897c80488f736e023e03626;54260;c9a1f4e6a68ee37aa760bafb07e0c4e8;16;15;14;18
f187d31b0cf03d099e1469a2ea723167;494f468fda75675e31d51c8d4ce0b611;male;19;d4c39bbaad37124a090d2c81aa0cd6ccd8c7068d8ff37c2c749959f9b339033d;c73674eeba76badf3ce3b055b1b7dc568f4a63e42a54a8d399113b4aabd3fec96c49bf4261081580cfffd935269db74044f5281221ef2bb19fc7e7939954733c;3335;77ad40c2114b77f2db748660191af332;7;7;13;16
f1bfdf72fbf8aa151ee9e3e21da78e42;81cac00f200f5cbbf0ef093fdf9a175d;female;21;db1510dff53ac61f64582f6bfbef377d4e934ea21615d09c0e1f887a72034eaf;6e0e27459fa47d0f59fa1d6cfa06ac5942525da66c9d8010dba74fa1ab8087217c9f4d5951147ecd59e55962f89f3eb2ef0689263d045496eacef6e24236740e;90573;a90b400e2392cd32aeb4e0ab103313d1;16;19;13;17
39ae46f01e3b40e578b5b7d7d935f47e;420d2ebbd54b729ca7751bb5b48f8b59;male;24;74c3913ad5bc77e27dc4606b5865af39c08aaf54ed97851b573f1e318a947ad8;3f5442ff41298f62bf97f9fd0c50a9818a8239a59648db64d12a07a365aea2335aaa19c26068c86a4af4900d18683b02;42960;bcc7065b83775ef10977457a9df87bba;11;15;8;10
7b3051fe25f3ad415a58361e2d53c4a0;420c6f581b4317cc7d16e6a9e4ff4c14;female;24;9bd462052fc69faeb17294bf9fc1ba56d5c5a93cf53fe78eb922894b321a17e0;5c4fa685761b8b766abce9a3fe137612918d5e711c985d9edf629735b4585591b64e0d3f866247cd8c4662e4c9ad274f;71952;00cba75db86cf2ea181192e13423a742;12;9;8;7
40375325e8632c8e4f9dcc0f83204f79;0fb38a776766c1230f847f4ac8bc960b;female;21;f700739a8eff1d4620f06c395ed433482998a731493e33bf5ef37e3144f91996;02f5239e6ba9049f4e671fb2ad43e191eb534c7adc785dceff96c4788bee9cf36bca6da8a3b09f5ed85cddc763d770fe;80064;988753ecf25b4c8e37d9cfc0c7904bc1;10;19;7;17
711c312e25d55c6ae932eb3643e33099;007a0fb4e72e043f33b359311bf2dcf7;male;27;f5f6a1f6c037dcc53809c5b4627475810a7551fae273f2460b1e872b5d37905d;2f27ffaf14c8182540c7019f56d1aa93fc228aeb0b861672a4467d309256ec66e960d5146c199d917a4609c2b55a4e69;11916;b88199542eee864d2b1088c27bc3b027;17;13;20;20
5ed0649b4a9c2133db23c058cfb490b7;ed05ae07fd41bb90805d7ca59e4b2eb5;female;19;87f004b51e0be61e8f6c851e0220732888ee98ed55c756628c88c244de19f896;eb7a2b41c156c38b14b3426e2a2765f84e48b7215702aa79a40f2a647450a676f64a244a545e5b000fdd0339f22f9e7e;41083;4768be1f03fc8b00114b37a55c9b9b59;15;19;20;9
7c8a56e22c257c79a1e6916c76e67180;baafe92733c559535618278e925d2eba;male;26;a21df3543c170e3a49bfdcaa387d3ddd60c4acbc267d8f43b3d8f8b6b99d0127;06b81653aa9782c4a4451309f66c9287fa9525070ba610ab5029e8278cc2e69996672097f70bd451584fe1fa504277c9;3608;5d6c59c1bc69a2cd5428664c285d389c;14;18;16;10
e1b5e356f70f03888e894f0664b154c9;3a3ea2c183686cbf512671cc193a80bb;male;27;627188bf7c44c47787563f949a9d904da6e577efa518ade786c28a30807afa7b;fbba9ce86654b29e608a896e2b77f9614a45451676844b4c39de32dba5c93156749557da3ee64e43e75c5f9a8bd5f098;26739;f57f1b11c19a262368f88081b6ad45c3;14;19;17;9
bff5ccb5e9a8a3a93d4111ddc503fb67;901548a6e3d361666b72d87546c9abdf;male;25;e10252d81807191ea9f3739ce7b5526dcb5de93501d6d9498276bcd0d551e5bb;66da44487f684bcd5c7574ec9a73f1bf4359f29a2f046b5db986d95955da5df54450ff7e8d6d297c8dd6b0d866145a1c;95821;08193ba9d3787a8882a73b9375d5473b;13;11;8;7
153ea8cdbc3bdfbc0bdf6557b9c3e63e;b88297c3691f48cb11a0451c7a535687;female;24;1159d0829c0074c1a4c6ad7b360a45e32de86523bfdb0635cde755fb3dc80646;34522c7a45e7e1d42792bcdfa5dc8588bdc5895c47202f03ee94bf2b47b1bf0b998fb3ebdf368168605b08c2dfda2b6c;98060;66e67f482fe174ff962f53a2346118c0;14;19;12;12
011f20113d23ea636feb773d765f8c2f;08ae9c14c11b15bc68b00698bdfa5d20;female;24;dfd5b43674eb0fe524dce5e06fb4bb2343a2f836230d78524adf779ac3caabd7;e4456c6be6101e1262ffedee7c6bdef2e7c4053c5515df4eafec6b3f0f5d01ef17bd052d30abae8e15e593ee94ed21a909383bcb6469863e48303ae476e5f438;78028;fbb45d8371feaa0f81bd1b3d170a52c6;14;20;7;13
39c46f4a4852563e5e75b77dbb59b425;dbb42bf3e0b57564f5ae4cb5b40607c7;male;28;6831d075af12c719039a1260e04b4802cb6fa545498ea54d83b44d8fd9287271;ef43e38114b51115d6b2a3e097bfa1d77cb70714a506240e28b230038e8d50a17382683b7a362f1e315a2d3ce7616b22;19348;0c6f20ca874a0d16f9482fa91862b112;18;10;14;16
82ccf628b1034f67619c01af17561280;41aff82fa990a20f164a6f183517e338;male;22;cd239f8cd42c51450b438a276ec6f31e11273cd1fa069fe6ce3a3f8ad287db2d;740f33202d29a829ecad8c283249ee913d706a3d0eda98b0907e7b719d808956;62383;397720a5adbbc9c51f2692d8b42a98b5;14;20;17;11
a5a056ac2930a0c8122f6fd30dcc2656;3e2a5adccf90d5e0580f4fa9c8c0650ca4cba19da465a7a78c64787000a7f15a;male;27;5879763365697bc23f5b97efe9f9db2fd77a0ee6a42ae71622520e6f4d63a410;8971814a6dcb93ce6338b149dda906b102bd252893e62db8d4e7af9417084f904f2d40ed14eb62dff8402bd0d7a02c6f;31435;b48bec0fd070343027d6959e1203eefd;13;11;14;12
ec180cc4230345380233a6a7b9bc310d;be5e11b30965510b0e06960b2ad849674504ccc29f98812fdf28c0bf2af2041c;male;25;ff89a42628d7ac87c1323cb05b4c4c7b517f880d2532a5db758829a26807e8ab;cd5be2251bb6285e8822d4d4885c9a7f351234ed9efe90af4766a8e952d0406a226db0b273f9179503ee8c31bef9a8fa;10118;abf4c0b13e58b1a56340a9a260edbf1e;10;16;14;11
b1c7c592e10a2766792d7de29a998f6e;3941f3c9e9a55bef1d76700285e5254e;female;19;6d75b5ffdc5abd59d70913e397a794266d312a24aa1886845e933266aca4ca14;9be4d3bbe437b1833527ccd5f97e544202688165073e482ae4b4b021a54e412b235981cc514a281e755f379d895692fbba4f2414a73bd07d0040fd415ddd1501;10174;90cd994a8b52abf7040180cf031d33cc;19;17;19;10
adf6306c3c7e29c70b137e9edd4ea289;2e01d84be0d67ce94d9384d84ac1209d;female;26;fc4750556a75c20463105b372c52a7832c5cf70644506ffe7918e06ddf7752d3;5ff8bbcbe96f0c1c32e7fb651171940824e14d661d5cb147fb4d937fa8a269dd5029132690e9a018ca3d0b9c3d5a6816;84406;afcbb61f8c0a2258eb14fce068bf1630;18;14;8;20
3e040495be953a73c7eaec225e960235;e97f96e32a45e9516e02f531923be123e638405e0b96d5f78256eece170c32c7;female;19;681d5b776c395992d13ab554e7394b1f4428290f64389301777e4986f602d85d;6b6bdd82825b56032f0f4ba290254752d35bfa6833bbf6edd14bb5f8dbe61da25331c6359a9ed8cae5cf3999c74c3c55;84225;aa97591c88732e0d1463ed53622bd860;8;18;17;15
920e9d9292ff9ad39e86d1d6349fea18;8704718267f2a319c7e4768dde3f4ed6;male;25;c2e6818846aa707903559bab4f7527208cdd6c68b0f036a5aa811b7d11d91524;377f41da63c8f075affb422792f513306eb3d80de461f2f972d278ef3279a85ab599f1ff391a7a6ecb12e751d0a43a9d;11950;aae1e94f9b21fdb632350e4dd521fc19;9;12;10;15
396cd6459ae56dbcc4b413f9305bde80;caf7470cb38c2e7d4165d58387b68947;female;28;8484cec6725e19434c5dda1fd830f1e8f0d48b31ffe0c331bb1d3ada363c6c34;e11af02ac3cdd3a3b8bd7aaeab0a2e0ba6c52429d8773440b2692d9b8e5269ca6ec5b626478729b009c20ee64abb9c65;83281;da1d10bceb39eb74bd1467f8b3cc9caf;13;9;12;20
4178344be50a3c55eed593c505ceef56;554d0e459875858fd99d7a69df1ce21b921fbd8ec0ba92926b713bfc360fce5f;male;19;7cbc73c9f8444f9969d8c725ea572409a3eb09ebaa0378797d9203a666f9d274;4af64866eb4aad34eef42db7ec3f03d5946abe249176b121d70e66684dadfcfbd0f8abdd68cd5983803161745da8a887;97596;3d8dc53a0bff80d77418accdf6b68e98;11;9;9;12
38acbd5b5f33a7fa7ac7a1d171da52e9;9f5d29e94820ac7036ba3dd3b8cb57ae;male;19;583d8154b08572bdd844ea4a5c5a3830fe3b7bb5d8a85c408f8b71c2ac9620f9;a26908a8ee9395c9c74b33229e5b286e2db9cd782f1b59fba6b96ecaa3c3394313caa402da272dfca9b43e12455a16b3;61226;4f78884c66bf05f26407783643328d2a;12;17;16;16
797aa10aebeb590d4f4078072f3235d3;5d0fc571e27584887801759428e08f6c;female;23;9add86092a3ab0d622d4971a60163092ba436ea3963d97c1f209a0ffef089d0b;36430506a5014283a7c7280663ef395782244151d18dc3a10b54d69c0c18b2109bb76d1f6d4fc5377497c335c0c5b33b;68044;1487b55d9a1fb5909757c19fab2aa45a;7;10;12;12
ada55e519c01decb0a48ef6a678d0aa6;e0ae890cc6f4d2fe0c7cd74da1a699cd;male;28;0c08c3f5e4ac86c59c014858ee246375ce4de1fbb0a6a1d1f42c862e12bdacab;e79dd9b4161d8a012d7ee990787cd6d7140b99711a6d3d4e8abf657a4e732aa351c723aa9872caecad858a40df3d2f4e;85757;5d1a4e3b050a85685f615eec5fd74929;15;17;18;15
5aad9f0f5d7eae7bbe85935183856d0e;f01d5a4097c7ebe6ec94247ded04744d;female;19;78060b92d7038d97cc0ce3f60db5b94b7490be16f15e70317a4da5ad7c49ff3e;0d82ab1df8209ab938f6e565a3705098faef88314e684a34b1eb73325ca8422dbfa71ce8b37dd2af5f719ae9591faf0d;39008;90b35277f01408a8fc352bd0de8fb5b1;8;16;19;7
b5725bf9f4e0f822c58880c0d4be418f;b1f2fa45854f5c441e3a5564664446cb;female;19;a2f491369d0552d366c53ad2a74bd011277c6e0ec5bb84e4e69d522e9a84bd1f;86dc2e7495b6da40a1a4eff1b21ca032719ea6f14f6948b0dae2ca8da0647e33d9390753586ed30d1d14aa0d6fccbfc1c982c42d4711b3d35a13565e79f53128;35891;fb048440654ebb4c4787d38a8d136f7b;11;9;12;7
ab7523e5b84f06c536968020f220c24b;acaa19d84edd512e605aab30520d6619;female;21;58531cca2c28b920a5862201322e17578641b6ce8946fca96751f647b169ca94;27001ea0703d237f5d55a690112470993f662ee8edbcf4d6c63218cf9336f15b6a2a9de835e9586958275721ca2ec697;95355;4cb81f607e84c44d0591374f1c464334;12;11;20;7
8a71d77105dcd052aed5f672b0246b01;6a71670fa2838354a2758ed77e21833e;female;20;3f6c85437241c70bf60082157f9343fba3d313ee793a8310ad5913bf1d41c5a1;9b9eddef7c9b0111f14d55c142034da5af8cecfc22d346379a8d227c4310a72dd47ca2ca743d0736b72fa193433f7a8d;1580;c36ed4bb097590e5b3e6194d0fcc8ab7;7;19;13;19
d03a8ba040a14858b43cb9e43ce9bbd2;1b3abe7f4244eac62c22c109b652cb5f;male;25;33568e16778aff64b4bd81c4d3250922d0ff8f9bed6750de684b3bdb85fa4baf;36d4ca690b4c0001d7966aaeffafd57af7a252a4323482dfc6c81df3d67fae808257b8fdf55a7479cdf753eebc3663aa;32771;d96c3bcd04b05a3a5024602e3e5c5f01;18;10;13;20
d826dbc1c6ad07ac78777fffc4e07ec0;4ff49cfe88c04550b567786ecc39297e;female;24;12e79a6bf77e4de073895e425ddefea08ceee8e1597e7f63456c7d0c3c665183;aaaf830c22fea0c88a2b8ad805fcabd9a549f8c2204b2ff6aa50021a32562c2510bcc7374427790225b4399a260b008b;21599;c9cc0b0d0b83fa834c87971dd372d0ab;12;7;17;17
c0dd6a2f5117f6a1046fbfe237b8d60f;cb80ad62663cdf30dc0d3ee68cbda5c2;female;23;a8e456510478ca7062a1b3e8736f8a50581aed56d0fec5b9e63554d1c078ce9f;9227316bf6520fe4af18410d0439126030207ba07f55a2c9fafc5d14d9c8205e8ab6a9337b18e136ff6f6a2c8976cc77;18288;73657207059fc95713ed7431182c16e8;17;19;9;17
7d72f32199c35e2c3f838ec1002e0909;15a3bf6901d4ae55f8aef75551d433b9;female;23;61c7938b5271b7c25af7285f2e77824c21e59a68b523e60ee1555c2bc98a8a80;6e90737f36d7b4edb21701fa6ea3be6e3e0af96af0f26a5b5059570ba0954663883f5871c061e842104f4abb89f743ed;88585;e222fefa4b0e6ab94fc5dd0e6a941a56;10;17;15;12
0f7dceb723a6816f3387bc217bca85c0;ca600b1ba02f33ab77aa7e19345744ef;female;28;ff36c1da5fe6378df2b5fc5462efb6f72a67fcb315cf5e7452b0327dcf9c4b1d;3d1c0ca682fa1f77e7e0afcd498124c1a3a9970c9f88bd4350588358316a04a37d79b4bf6822ec32ce7346e07e2658c4;57115;f1286d1023a8745cea22b638c22fd0cb;16;13;9;14
58c71e6edea1a8e9d7fddfbb38fe8df3;bdbeda16712f4822f84a4e460cddeb7ffa53fb5ad2764de670063e944b85c02a;female;21;38dca0493c8b5ddc5c32d06b5a7375202a357d75a73839f6ec6543eb00fb93a5;e2d16b03da7574912228c3b5b560ad74b65628233ea428022df6c38fce33a250a1ff5055d419680f7abbd44e1f2bed89;21704;b06df9da6ac184ef6535d96ff32558cc;7;16;14;8
cffb527abab03a9ed8cc004515dbb96c;9dff834c7b8dac7468924696f7a675c3167d86d9246eb57dbe62fc99781858ba;male;23;c08357fc53cde804a84e9ca8c2f509841a3d639eaef2050bc53bf7a827163f3b;030947b5dcfbf91ad46b3ffaa4e225de7fc37133331ae1c394c9b0b8db42fae7390fb7623f2d270e65dca1567f2f57f2;43525;27b176229b6462f268ee7733d570b174;20;19;12;12
35ec457a578926a81769d6c7af21c1e4;b1679fe186363d9c9b78f4754a51b67e;male;19;ae62ae4001d824f1c0809bc01ba66d363cce5a787e02d409bd2cf37b5c92a6a6;45cdca59ce5cdfcf1fbc4f1fbadd8a780757f8d8f131c799489e94d1655f8b5e;29862;f2edf959926cc0a97de17d629dc5aae7;16;12;16;17
ea7e07dccd79bd5944ffe3bdaffcf041;171ed65a30d6b86e42a1dad51ae8cab1;male;21;fea7bb0925adcbdeaeccdd5ab08e2bdb7935f175825e111c3eee13b25435e603;7986c581d3cdf5a37fb17df0bffde62c35e811638c3b5592ab0de8e13988b78e7e17a2064255d410570a91a80c2bd6d0;78669;7a7d9bb08a7bc67087c4321357bba601;18;12;18;20
b9c56699c2ff1bb962ae5bcd20502040;b74e3aff2240de55106252d8a0274a30;male;26;684fa86b3a017fa86ab471f55ab4a71785efe959b47bdd36bf6eb54f1599629f;b73945b9b226fb77992596d0cc65bcf4a2f98c1a58e62e7fdb0cce6d9e4929d2cbd4af2f51685815aba0674f8bfd65b5;9421;fc5f319720674987b0354aa91d41aef1;16;12;12;19
4ed13a045005d6102428c8580268c4a5;8ad3486993b546e7660db2855fd9d576;female;27;921931908bddc69112079baaa272210d9405899909bf68f0e9884fd5ea939e6d;1b0a241c91d460dbf3a3ecc2f7add689ad47ca8baa30c833abe56b1e184e822292c033c50eccfed313aef9bb7b917301;84226;c6b5ea18eee542888bd0cf92c05c6cdc;9;16;20;16
5c10e8f0654f3b80ead148c62606230f;bd7695d901f179cd970fa22df05b05f9;female;25;e26be23f31f0d84d661bd950c188f1a9f22435c48e8a1a88deb14c72f2584d41;896b0aaf73ea522866a3f46ca478b6a38f99c65476da8fdef2315ba2d4fb5f37740f92c89cc2b44ad9368d34ec88101e;2944;d4cff6b3c63ac0f70c8f66b978f009af;19;18;12;20
b378f6cd421c9d97d171cc949e5ec635;cf02e7e21c13beb6f99e2fba1a425341;female;26;efea7f2c29f231d189d83930ae815f2acdfd550d727271f4f656797705a2b8ea;7423c8e061843ec150ca14853ee94a6b2b0244df4844976b08fd8b52cfc6d7856e3f778384fc2669e020477cd6f8e14b;20303;9a3c834767cd86c362aeb43438a5eecf;15;10;19;14
53538e6d4ecae5e90e86f6bd87686583;431c9fd3b711354f02d852dee512b589;female;22;b7ba1ece9a180aca55416f78265e933b94b164afeaa58bf143a6a80e266e3b7c;eea727ac322199031b4a5626d0f07d778443dd6e941c35fa7f1496dd5cab829937c05fcf69fc56aa684d9b90951ae997eb1ea8cc40371102aa352d34c1e82310;50511;de311b542d9c181b4aec2858ffd34015;14;8;14;7
1840de38b5c312e5ce6250eb53852a4c;39c91ea12f379b24be83c2e68b5c698e;female;22;556f92f246c73dbb8a7b3905cdb32d432bb4bb600a18cf7afd7baadfd846df01;d8c137d9182c48eeb01f2244dbdcca34b72dd23b6460c101b14f5cd19a9bf1e6311cd6f5b7ba97cf4d119b167e53b5f43c66ed2786ae47b85fc1d7957facbb6a;14930;8247ebb38f8bf5d162cf1dd6ac78d9a6;14;17;20;14
dd32fd3eef575d2c7d98a0f183f136a5;eae09066187d89f98f576502812d6ca1;male;19;192cc2f3238dad800a03513bff8d1d4fdb6c903d27637a433da1543cdee6cec1;b8e4cf8504331c8737b2d8cf1d83e232fa0700e4077cb60ed9566951cd04796c1c26fdc5742223e760ebdc86f28376b6;32019;77d9ce3b4e844f96fef2100a3eeee39a;16;12;14;18
55278047186ffacf38de2bec48de8773;d11b3d1174ee37b1c5b5b304781b844f;male;26;86997879c8cec1088c37eeaf2cf0ee19379b3eba63474b9897a5e76dcb299e53;3319ac447f59430678d8655b65f23559d5568f6e8a41f0615e67e3236a4a9f224dd36217664baa973427040a9503de4e;53432;ae4f4cca9f1bb4c99665b9cb041024b6;15;12;20;9
f455d1caf19293ae08195b764675250d;1ec7cc46c9604f93916fe14bae56b0a8;female;26;95b3f49440dc5e4a73d47bc888534c05dae30e17d7e0212d94935372758be249;625845e805949c6fcdb3a8e3eae14d4f730b7cfd637be329e0f964419a809ad5d69250c0f270c39125776dc8e09a911a;69510;d28d87b8dd19e2d3b8a764fa2c5ecbd7;7;8;18;16
4c6c7f568780dd553acf2b0cfcbf1d8b;1098c802418722317822902904fc2c0e;female;19;27e8144a0e822f339b24d699f8e73dca529e0936797b3821382c569c49e5aa3b;7cdc30f4cf41e635fd2fef0c77ddc14ed70459b4681b364b82395e08219bcc518c7a482de03d8b542b33957f1e7848a6;28305;4c183465bc3454bd31eccab998fe5e3f;13;17;9;14
9aee47ba0a3892cd8a554fe09efa0444;ea2022e3ccfdf791b3aea8a9df3c548d;male;19;09f26bc53fa385618a105aa9e9e1d1e582d2ceaba5de0fc1981ee06121321699;a6c4af238ffe7322f963d19541cd1cae548f462992dd4e1726a145017844ff0afef274d8571415b0d5771bae7be318a2;25218;b7816ccfec76ad15a5868c1095ac7687;13;7;10;9
3e7b688789c94e6f9ea4b3ac6a64a30b;4b4e18e45eadc5752158fc9d5256ecdc;female;26;da72fcffad7fbc8bbb8b4ac6d81d9dce6d683a445a8e1fe7c72387e50bbe7140;90ce048dd7e6bab67e6f769bd69f299529793385a27f9208c1e4894cb5e42c775ee2a1cdd846e03b736aa690bca15749;13021;0a43c7597a9f155915ab405fcdf89700;9;7;15;9
37c677c95d0d71eb02f36d3ebb048fb4;914e58d6a3ef3fee54839fe790b3d9cf;male;22;bd1cbaec12a3e89224b3b4e9f9cb3b3cd8cb399ce0ecb1e21df288e023540497;883320f1e4c644236657d0a5c295823b32e1fdf4be883957e768519d4497ff7ea47380d6e6097bb93c63d619bb8c1cc94134ffe31ad241c15912e6ee1b1f1564;60427;0a4ed79c9dbf6fcf6b69a27b9c3dcc4c;9;19;7;10
cc564084cc5661ee071bd2fb905d89e8;ae63924794151f2f296213fe101596689c60b1085943f2962704200ae886b07e;male;26;a86cdff97b497ae2db7f3ba8a43d270eafd37fab937a3cc7e309fa303872207e;5a5a26e7002d59e14dda467c3bc6df264d536c36eeee5b5c6268a7f38b5a3a333dbf42b41bf23e9a8412a5d3811c3621;22974;7128b9cb81a1c004a95cceaa9d7a737f;12;16;8;14
9c06e328cf942da1c227c685239d916c;5028aabc2954d26171c6d0fd2b12f511;male;27;0e835aee6e383736c6fe61d8f70b9ae295ae071d7c2baf81bb761c307f02bcb9;509d246095156f9dae423ac1bb55ca197f06d483258f97b57793b9b4ebd0204b8ab83215a38f88dd7bf893bc14139dab;68449;f325b2429476dbe52d329a4fec526805;9;17;16;10
3902c8e80c35b2c8cfbce15e7d913f4b;bdade6729f3240cbb8fde8c9bdd1ffcb;male;27;d217eeb5809492555ea5a0198b37ddc79a7c9b287c3ba39441754d335d2bceaa;9ceb4c47587a238547836fe12eb1cd4bc61ccd98b43a00ad98355ce2dadf62ce928511d44c8e4a648ecd09bb04814b44ccf97d0e7b4d6ec0f7702f7108ad7dc7;52335;9b3ab11c16e480105e367b9b23190dd4;8;11;7;17
035c8d8ca3ed2c47ca5e3021deb484c8;6ce52b21260165ec665f28c0deb65eed;female;19;93fd5154a3d622f2693f107ef70abe8d0fa9ebc76c448da5c8b4cecd4116435f;e94018c90be30eb1af73fe9faa97cef56472699ae3b9c90b6191ce1bed676f5a7b801bc15927d7514d12f33506d0ab53;10695;65c62eb3cfe159ec47ed40ce3e5d4e72;20;7;8;13
dbbd40b2a67c55a1e2850dfa52047ae9;c41d3199e116de87e4fff51fca3624bb;male;27;17b708a733bff474139a0c55a7b013db4f9c23f6c6de3e596ecef1c8b5c52f42;111b6bd95cdf27715f9b6772b440712a78990b11d59b5f21df40bc4129ef74e26a69ce0768b8038854785e908c7d284f;35439;03d6f05b886cf9a69be419d7896eb67d;16;12;15;12
682b399bed2d78472df943e213246259;77e7ad381767a38debc0bb30f83afa7f;male;19;02d383c12b495809b6e2f639e1ba652fb4b311a841770b54afd8de046ab74bac;00fa3fd5f229640285fb7a7da0f92e3ba69806c731f1296e4900bc9e53eaad99d2f05a92f40784aca27f8b332d565b69;1862;9affdf7c69c845d2e3ab0802fdb74bcc;10;19;14;8
830daa709749bfa8235fea843a9385b9;6a3a2564297811d14de3c121ce621155;male;25;b10ce3d3a7f2b04c619419451e73d1d9ce8cb987c86c87e62e5134af16b39917;517248976ba6dac71c1cddab05abbaf998f7f4d0a53e4c4848f5b8f16786dc1abf8a1cfd79ad0f2fdbdd70c705bf0a03;63984;63d3dd2ed390cbdc35750bf0cb6fa8e1;19;10;9;10
32795299dd506f19f2b6f532e41b07e7;74378723728a72a30bd3f5d858497637;male;26;11eaaeb477575d9d307040f14817c3b38dd8e40a792a6f1776209f9755ce9d36;217cca1e2022ab351c39e6d0dcb59411363c0a6a522b9ebbc735be79d0a207a31a61896b7c7fe80db6b311e25a1dd1116bde5e51aa1c81837612af7600368496;95114;76aca5db45cf99cf0461cfc7c573690f;9;9;16;16
1e80499ae35a8c7b94751264a02e08bf;bef4cea469fa67682069966c25f178b9;female;25;2203f3b9bbd95b10ce8f77824f930a151b9662ad7c5b67c36d2bf0e5c9304741;646e941a1d4be429b75b34974d3681dc1b068e06c0118e0baf740ce4a17ab8d4a9df3d1487e7ba3d550301ff82e6348e4a88759dabf3e3922c42256e4ec5ea3f;78796;38e0d2230f2fc4f8730180ec5774f9ee;17;19;9;20
10f72a10ee1021829bb1d298447a1ac2;d2c7eae6b9398dc461de3cbe870bf259;male;24;0d291a9feb68275655d558f22946ee3a741c7d66fb98d44ed2b2a3f56bbe80e6;10e534e867ba50a2cb33fd4e83fe204b27c77d2ddaf56e336c2118c98e8d414b434093bd33342659f8f68ae81f76aafaf5082cf8ec3a4358d3adfd343c4dfa48;79338;cc008ccd8147909bbe2f7ff3fa8d0626;19;14;13;20
b2cb2490cb5dada4a00c9d15be6ddc1c;33cb10485fc21b13113c8820058027ec;male;27;18defb4e98fa752a53d0f2624c7b3514c57aca3f3240f2f0db9c996291f2e107;6d8c11c61fe8b63f4475c5eaf622f987678eff18eeb7ffd7653bb0797d834fbf0389855fba21ace326c17bdbb27ebf1f;16644;83238c0896cf043d7c2306ff9111a824;19;12;12;17
9235298527e0d41770bc35005b8cd907;2609b90809c1457be24fdb8d2d15a430;male;19;298b49b2c638a9774f21dd0405e29305655de23b94b287dc784f6bc98006f40b;4eaa1a3868559920e0aa32394e18cbb7b48820560797440a5ee6ba906039fc6b354cfbad7d5966787ca93f5ef054b1aef7e02fc070f09289cc832b9ef936b448;95406;1ce49e57b77745941092803badb72a0f;17;11;19;20
e9833b316bd468be43939c91032efe95;ada89df56e848447d12d8a62d2be17fc;male;25;1b05b23137af2280d3010c0e5137b1e109439d8893dea5abc1c9ebc48f70d0b7;088845bbd1a791d577fe293d70dfc32844a5ef84f13b5767eaa5bde8e88831eaaefd728f46b9916988d48b6847049be5;18830;f9982da42585a65f6ed441432dc7e0bc;10;11;11;9
14e5c5d68a83ad71f439b42b140de7b3;27e33e857abedfbbf3bf524ae7fcc41e;male;25;30f4ca0b3247c7534e4e8a2bf36e8f62a81eb133f5dcc2a2a1db2c79a8e868a7;573a43ba9a28967937e1ccd15363c2114b86f7f2921f204ec4438e11d2c951f54fc7111726f99a6195046c28d724dfef;15212;f93c2e0b3874557c86d6d89035646483;18;7;14;12
277060697122b9a48aea567129c356b4;35f522a8d16559e2aae6fc7180ce4e20;male;23;248d238cd70df01e13ebea098a0f91789bb66b4b94f160803d02cfeee058ff5b;6a12c0ff4d89de1ee5ce8316be11b5e14e4a5f26af4356dd6fdd6e280ec062f991c2653ac3460f8c97a8b298385a1cc70b128183e0db975421373775ddd7772e;90365;93066fc12f329c1ef865cd06c62f5c80;11;10;12;12
b91950de5643bcd79febb10f1c6922d7;23a9760b439a84f643f5bd40fade5c69;male;28;96fa6cff04382e180b2b8713adbf96b9e8a55811c481ec247563434588e6373d;d44091c3d6e89f9eeb8cea38d1398fab32d24663a565323558b9cb8f7cf11910f3e1354c8e6b4ec6c848d2c5f28887b9;48988;23bf927a7a2aef4a7bed936ae6162335;20;13;14;14
76ac781166fc8415a65c08c5c3b41480;d172cbd0204a40c2d409e631bfd5411e;female;25;9af4e294d718416d9f2a52117381b63dcaf82f2430ebb3368135987f232c757c;9bf87da6af0a1be96ce3eee0b6d7eb83c31b121278c9ec0a82c5efc2cdaa63ffa0e5cbf6a6dd6787de9e4396fa6f3e42;81264;083e9aa0911d3b97a653e6e91c2890e9;11;14;13;7
47b6c97b07c38d9e3b5b3c3d34e90236;1d88d55a3f0d3aa0a8ce8bde36e9af87;female;26;db2270001cc0585d426e1e1367ae3e3c83067aec40bb238eb171d615663960d8;6c7bb5cc90bd561ba26d1364628a21beafc56458b0533ba0cc56a6b550fa8db50ed354e155eefdf87da44bd03cf300b9;98243;103e19e6998540895243ce17f955552a;13;11;12;20
f85640f59820d41e82a1bfb031ff9a61;e667f1bc7cdd6e922f089dc3acf5cc1c860f05fd0700ca00c97634728d2c1522;male;25;13cb828c51d71f31e66871255a449c8b98d6320df91bf9ed5ee7d3b97ceaeb31;4d303db5e4f1704942f52501b3099b9ca19db6a4b292b5dabbb9bcd6a5d860ad1ebc016a5440daac860eaf29d1397d5c;40629;53e323ef701dc15f04372026cde7ac72;9;18;13;9
82248e503b3b5b54ed7c74204e3aa4b2;d670238f4dbc99e15d15f6ac232b84f1;female;28;c69834003c0e900ac31336075f7cb50a7a7de810f3bce9fcb108cd61d471c06d;f22de354c0dbb69b6fbded8e1aed78824dc3b201646913607533acb9f2ed6eca;13435;ea498d8b70e14ae7742dcfbf77ff55ed;9;12;13;8
0b82c5ac5b237ea12bc6165fbb82b805;9017d6e8ca65527f997853d0cb21f407;female;22;a1322c5006a33e7afaa581cafa19fc4944b7f1c42a0fd0f074a8ee26ad33e0e3;a8def1c5f37d88db7121c7f9d523026f9fa27672062b35c9f3070d54521d4687c2901ad46b82011f143c4836b0f19751;92845;b4f1c33e39931194c267d4074aca8a1e;15;11;10;13
f494ff5ef2a8d4920f61cec1080ebf7a;e2cddf7ecb28e6710b626f941ad39854fd7759185cecbe979db76d9cb61c567e;female;20;70a25335e9886777f3aeb7b19f493cddb6962eca2e9a869abd1658ba1003bfb6;4f4bfd435f8d5aea44480cde1627948246bfb858fd115d4682a32f6b0f8138dd07f67069ef08b28cc568859aaccaca47;65125;83c7f8c330e7cd743f03d2ba7022c0ae;10;13;7;13
2834c2b4dcd4ea8ae437fedf9a37f537;2f6f2e8a93b10bc6ed4847293052f1e2;male;20;b003ce0607e02c0b313bee771b6e732707d3f043f5a3702d1df750ed835e47b9;144a3cc5e2f94f3c48cd44ddbf99ac7eae8c0787e5ed666189c5e3121689d613dc8876d816e208426e6e425c81bef520;86952;62d3b039d8191407ec20c34946de8ea3;12;9;10;8
fe540011e83592687259e24662d47e71;1c1d44964d75632392de975bac669e44;female;24;422fb883b43edd4540c7f70e49a57149760cf1437695efc7534bc39d341b4e62;84c453a58e281b6bc5d452f42e5b76a2a844bfb121440a74d3195977493e200a1f1a9ec95269a8156911d9dfd561ddbc;86387;7663a7d03242efc2c57983336c2265bd;9;11;8;11
194a4f1938c4293c7b351aea69519a1f;420874e13edc959b094abb9f2133ce67;male;27;9bbf3bb30dd41db40a975000e4a0e4709879e84c037755fdbbbf2ed0f851afff;345fc18d10eb0a01132ccb8d4dd50ffb5a8c61fd1e94fc999c120b5c952d63f67ac3423eba6a0c6a85dcedf44a659eb912cec8482360643a5b418c037795cc15;29494;ce97fa99eb44ad778508a9eaa74a6bb4;11;17;7;15
6ab564bfa7580fd04778a01ac2112cb5;06cbf5fffb21419b21496c3e1e096be5;male;21;8e083006b2d2f949397829ef34ff93ab721e930d8b7a78ea63088d2d187daa1d;d99255afd48228dbbe23efc96e230ab82def97aaeca6cf0b689c5e963b70182af9fab94a76305daa097cddee78bc4674;41662;699d96e6c4b022bee6a6a6a40089b59d;17;14;13;15
2249f97e2675836be32ed4c812127887;9443cc6eb778e8df977ab8f569e02b65;female;25;6e938ee17c170d4a6b1b79cbe521cb66aff17851cf9e76452eecec852cdcf003;2e4d62bf252f625f5d001d0abfa6ead89fd4d4110038cf1fc4b1b7038e3e5928f68887134c4e1d08b85cac4b1becf87f;17105;360f46d765cc3774197b553957bf781d;13;11;12;11
17a46b82a2666f2cacab74b85f48990d;77670b59cbe2c9b7d51bd82a6a945b01;female;19;d8261c6175dc5542f593f022fcedc550dcf5e18adc67d2f80d53313db0d17384;323f5e187c2b146fdaec833486366ed94833f29c27f0edb3cf574322828e553ef848b77b1e790f6dec5d13b76c2d9caf;92046;2bf5115c61af195ea01a143fcc9e5724;12;9;16;9
e807c1f8376364ef45e12c5b44100f1d;01cd446f6230f260967695f0f8378992;female;21;13df21e22e78acb8a7b11fd05865062ae1af2ac575ba1719b2e27b6c4305771d;9ddc29b4db33943a3d7394ba2c03990c9cf952a7a2ed27870ff3e5962cc100bb6b8e6ec92742accfcb971b9d218dca47;35688;b6beeecf8986d6294954ea380f1266c3;16;15;19;16
91d5a6e832861e6bf97c50c585fa00fa;2677549e089a501bd61889bfc78f4782;female;20;fea7f6a473c36f122b1e72b88688fccebb6e1f8c0d52aa9a68d8d0fc1042adf6;c21159162189490252cd821d331ad712b5c55068ed6a7f80ecebd0ca8d7075273484cd87baa95c18de6a9dd5350bd124;86245;44ab6a2a4ca98a993758b6eb7e432d52;14;13;12;17
34311135f34c6e9b0e86611451ce94c3;1e281720ec46aff9a3a4c586a680bb2a;male;21;ecb247db75eafebd2783a0f2b2f8ae76ba60d433549ad1a6e2e33242a04f20f1;d56118b9633db9bf683d2a564fbee6ce1b5ff29dbe93a7139dca8b295b4eaaaa2b8702aad7d47c066d4d9b156c3dd2e3;46322;253713d7046be8f9a7afbabba503ffb8;15;19;14;11
53c381529512e4aa8ba7099459cf7b2a;6a3c742445672aa3cae6d972d430bfdc;female;22;b40e61bfbdf370c45403dcb2c4c9ca19add3f65c0030b4d21274e13a106cd146;37b9ae001702ce3122366383353b1c025a36adf757cf3bb26ea0e4c6da3ddfeef871ba6826f80a3e6826b95ee687a33f;23704;12e1f68f0d0d218aea595ae82048a31c;14;12;12;16
ace0a1fc09147e986a0196b21a93faa0;fb903f0f399a22144f08e22a4e1c184d;female;28;dd5f2c3c93fbe8c1871b2815bb288f27372f61562b93223735a58dd6a5d5ccf9;7593284a8cb43e98a5c91c1e5be33b987c05d87f42cbcad8104a89ed18ff51013c1aec2191abfce863d53370a73ff757;42954;1853693a0c9e2d33c7435c8e609f336e;7;8;18;13
30e27835aa5f8f9364aa0414271cdd8f;1bc4bf3d81357da6b1cd9b6a8b449c70;male;22;a54f5d2d23335b759db8eaedccb44ebbac4c31cfa9743e6993b58cabc7f85518;5066283d5cb11b0b3d77407be5b6e508c88e2219f27bb6fee1f921c331124c7a50a907615bf2744400592b377fb73094;40662;5135e7eedca859c2abc7bbce63c65235;19;12;13;19
d60575e1b2219c4bc8f05fca8fc83b37;29626d1d7bd3d3360ebd234d333b13fe;male;21;e050a9eec1d08154dda02727087959325585d1f0557b5cdf568dc49c58806ccb;94e16954d7ea18b6b6c546a154447d9c9ef55a082758a35ae54791d51f4f4de5ee63d04974a80d03481ae70c7499c01c;55174;a1ed1264538fd05fae1fcce9109ccd39;17;18;10;12
b7b037f5d92f1426b85ac0c055bf841d;786f6183b5de9c6ca6d422510844b9b6;male;23;c27e3045af2b01fe5548c793082f25ff5886f4842c674e5e467c9fd6c3c3a4cf;88d4eec654e5f462754b8d6cb1fe164b3d0e42271f714f9d28d468aea215ea3c8d2163f2fbd03a1fc23cadc60640cbf3;9988;200e8daba45929739cd8ae5ea9e0f7c2;14;13;15;13
15763e5f79ff85604ec69213a1014c9d;220285d15521a55daf060c4e21f89d21;male;27;5e932298510899cac65de9ecc9f4875119cfe5cdeb72f6189943f20b15931161;a9cd7cc87e65c09b9f17daeab1706a68881fa1e714224e46658e704bb24bcde1ae977592f1ac923945d907a78b0e025c;49160;c25e4a4b5101746d4653c7d70d8c5fbc;10;7;10;14
7366de9ebd151f376f45a2a3914193b2;2d6449a175097b58c31985b2e9482a8b;female;20;972951e4e90e66d2bc8fb5ab816542aed0c7f5800713b4e55503365145c3e761;8c5693a0430dc2e386abf30137381fd34f7dceb2fe2d67b5184189644a4139b235a3f579b7dee8ad006894654a05a30a3f5f12c9d7e301749d65735e0d295630;95150;c51e0eac22282daf67aec04f826085e8;7;12;19;20
e741399568509991ef20589df9109f6e;8e6c0122b864cf27d627dd5e22b6d8d6;male;28;70baff5ba2a05130d5967e4d615fdfdb2368e7d049f2f068c63b143a720abb58;3270c592e64663bb19b386f31f9c49939a2921b75cc0bc524e2956870ecdf1e9bb0b88c612d30edbf47be3f294e8379e;81215;786b8e15528a6b42dacc321cb88e4010;19;10;7;11
24842b2171c3880560e499fb344d311c;d4665405a02248c617e2aa2eb9006a66;male;21;99df221434f5a23eea6bcf909da1797852d0c0c449a144faf06b306eeb9ee55c;fd783b262fa72a424ca7962b0402630803a1a04edf5bf63178c138665e52a42c4c8bc03fd9fe0e74d75b273c1ab1d344;25538;7aa8999f59273bde52a303b9af6552f8;12;16;18;8
77e41d1ae299b8df1b5192b05e6824ef;7526d0b50bb55e92c8cb342be1939150d8f214983554ce046129f244d1e9c007;male;22;2cdccd98051145a62853826a5c6ac20d2e9ac45cfadcde000bd082d5da693cd2;fe138992f0fb8cb7a0d3d36df9e2d8a034fe1317f508632c7cff5387cbe85f4ef2f38d542b936e5c2b897103792a79a6;89336;491314f527c2ed97e14b467942ef74aa;14;16;20;11
1f1be96a403fa492f12a9708ac9441a2;14856e196b75a95b01bfc69f0812bb14;female;19;de804d9b13837fea78f13e8d350d0605539d535fad8bee1cea81177d05112bd7;69504620a6795bee9c01a1eb6d7a994330dcde2b7256d9332b4e59f3720a6ed42b9196d60d9fe68e953d0a50e0a84671;18637;c6f2f210c3dbdb830b51827daa02024e;12;16;19;10
4ddc5ef3001ea6b1757f4a7b53b3b4f4;1917c4eb8e7fca0de48d222584790444;male;25;d38eb6b0f9484323251fbea64a6ca3838672ca4128f3a8042fc15e35c13f79f0;a19a8736df0c90048cfe228eac5eac625a41e8c335037e1811867a7b942d48296e3c5049f87227f76152e480cb0b6ce5bf186ed6921cd7118da860b6861ba81a;63774;a6b41866598e0d3eea3db40da89890bf;15;18;9;10
4e29491f2884cc8eff6dea1c5dbc5a6e;46d5a6bdb4abccd6ce8a13dcd30140a0;male;22;fb888f6017113dc825d4779d0c2e0312acd08ace2466b7b7b1061df5502b1bdc;2e5783951c28248edf8762bcb531fea288afdc37244ccef002e1ecf282899f3a3edeba1af2793c440bb7b1a962cbc6a5;75568;0ec2481b96ed17580f1dcca585824e61;7;7;17;17
ea09251b5af40d1395fc1e0ed57e2c90;6a761e0ecb35434845e8bb7272da88db;female;21;89beedb17344cfd05e91109311120b0d86dbc648e78fa525d950f4baaf0a5cdc;393ac9e3d40175c47ec042eb496e4c3c9c9d8d397f7abe43892e9e4b104c0baabe7689753ac97aa339c657795c058960;54652;3bf36b4a7d15c670fc1c0ff7eb1025e7;11;13;7;15
961cad86367c3bdc24270fcaa9e0391e;45baedc975c9bf6b3fb51b0a6edb480e1d8bdbdbdda0de74073de3d8bfeccaef;female;19;e53ebe7040b479f6fabf2973ad1cfeccf656f240f408bf1dbde133049d8ac721;c791ad67fca989a5fd592c072f50f4860ec956b96fbd9829a1d12a9e65fa2e8b9125fb19903b149673659acaffc62abebb9baacdc1a630a2f2d90fbb714e1d11;51886;b21bd7ea6b4fd04c296436c3b960bf08;12;13;18;8
571048404e72f1d79bf61a41910a5d45;7fdb49d723927bb2d9d7df6f09ff12e7;male;25;bba59b971f3f04208a0aac430ad0506474e8d0214acb0b19eb6d58760e32956f;86db2b3cde8609782f742f9553cad3f89803757c18d0bca01e163fb0e1fae1ae8b29ab014adf292cb002e991cb416c30bf515e98eb2514f0a39804e4674a9956;43316;8d18222f61b64e208ab4e5d14dd0c779;7;17;19;15
48776ad442dbb4b611018971f7a4f8c1;b9b89582ab2f0b4c40af4ab70cab4fd5;female;25;ef71542c97b61a5efc7ab57e42abf78b8674f3b2ebca6544fdc81f53522e3093;6cfa6d874ca86486e796dc0197ca1f0d9b54599ef8ecd5a0a106ccd3c28d67c1664652191dbfc368df014f4d4a1f9532;30364;cd25513b0d6b28d4d9671201e8de8b6a;19;20;11;13
190095878b8f5e7ff54fb4fd283b4979;c73e563ba0dedc34ef0cb953c25d3dc3;female;27;2c0a113138229bef2e5ba42497b3f4f81a6f85d12651b0d130a3b1595d15aecd;cce5a43b53f76733176b56ec457b5c43e2407b68eda933ebe9616e11797315184b1d676eaf39ed2c6bef679ac89f1582;88162;f9e854049ff5f7a176de25bad6e6822c;16;9;18;12
091e230fa5b17b0b3b49a0da1107b7e7;435a569456de6914fd3b4331c88132152626f2de8e3f38c3ff9c5cd10bd1d596;male;20;fed97be2e2a1d0932218279fd11c170ab91c4f2c2fbc32d08d1fa099af3e6fd3;d81e0191f0d852f11be51a46f1d605a94290c57b47407397e1840de361400c962cbd87958a2ac5c34576c94aeec888161840378be896f2635af1f3b166b8d18d;57581;b485d77ff220f2b060384cd13f9a00b3;8;13;12;11
978fc38eab8fa388238859798ef74c1e;6910e10318838dba46736a3f471d2d5b;female;23;ad625b6c976eb2d7d5aeded050afa9721ca89dd2d13194c107436f8fbf86337f;8ba6759e81162f15f36c7f97184a92590b11c5a5ef1f63b771c1fe0f6e154982e587aa5febdb57cbb574dc17616df13e;48644;586faca82d00d56d5c49c117fafae45a;18;16;19;10
90ebc9d6e1453299a6fee3fc3ed5c9e1;cfc7feccfc8ff576861a2fae62454132;female;27;f2060108bc551b2f204b2e723c69411f8292950a520d01d709bf78e8be294f2b;a9d1c960efd67d8a18b7404e57dbb8391af1909b1db3139bd82cabd0d544c2fb4588787e34778bd4a7d4e38a9f829943;5484;9cc62c1b5eee067d6d769304693f326d;13;15;18;10
157bb25926595292233f7e62cec2b308;8a6dd9b162f27966cc66aab1b88c3932;male;26;48eefdb455511ebc95ffb6fcb35250a09ef5e84d5c7b1b29f32e7160a349bd97;a487b8c76f9afdf41676e3cb99ff4e0c44a7c94510a5f8552652a6db61029e26;10509;a9c9e479dc5b016f74c30cd8e0e15e65;7;19;20;11
534076293bdcb0eb32d69b7c012773db;688794859c4f850ca4dee50f987461a6;male;25;1b339294664dc109686a237ff3b7c7b4abedc2db7d3c8bec6c5d990dd996e567;41a31aaa887ddf550b14a33ac77ccc7e2ab93bc649bfdb272a7d987b9f080ba15f2f15cb00db2687131e71755f2fbeee;74225;dd446059e6d0745e9e1158a4bbe7bd44;10;19;15;19
f4d7c825e1cbfe52aa961e1587be160d;3020fa49ead353a4e3c6e89fb80ed8d8;female;26;1e15a78fbd0646a12193bd5f30115067dc94baa3d1e6c50c78c086d29f45c87a;cfe14486597acc9fd7f2be5294fde1278abe587ff1e4bfff2ad63b64fb02ccfbbbe4e28f1ef0c2b4a125bbe6fe73cdf1;38381;9d33cd2dada142851e98174673dce628;10;7;19;9
00cd3c8531514b3355dc8674dc7a2692;841cead5c464ea57218267895f9b799f;male;21;1545844ba206a7900f6ed51c3f334173af8397265e1fae821966ded17fe7a3db;567c89f798ddb92ac418258f0c17499c04c70434c09c35af39285289bd198aa51d5473bfab81547dfb4a28ffa0eba364;3120;dd53d75b79c0942b57bf6ba2d6ff324d;19;12;20;10
b9b01f0699c7e5fd8831239dcd0d5a5b;f4b06f0b35d7d4cb1d5483dd5825f640;female;28;07c52512aeca613b2dfb610a8fdec0b8f8fa69d9c3ddcedf3eecada74e7f681f;a74690c79e795a41ff63ed6f5acff01a214b63d3ead108bc2eea924ef96ca99fd5532071586933cf4bbf43a4740c3a6c0d594393d2be73cc63ea2fa9adbe0ac9;69915;ed8fbeb86e03c3cb97999c5cb6b76201;19;7;15;11
2b4a829c69ec7fcac8c22ea5e12d2004;62aacf322683ef439488ca87398d6c43;female;23;8021f2bfac79cf51f3d78ab00e619161f8e4be7d21217bf1b9de141b3af8e5bb;0c9d97f1f2af71d8cca4330000a18d3cbbd5a944bd9b8787642e0149d48a34bf634a4b77f39e8f0712def056f1289fcc;83847;83c1e1c527ec34fad5e673f3aa865b59;11;7;15;9
f6915c06a3a709ffcb19ce2325ee186d;83c08de869d4b82d0f6005db430d8e7d5acea8201d0e649fb330f7208ba9ad8c;male;21;265f02d4132269e3edd6662d4b942301aac847ca01f8d03962e5cf8830def7ff;60145aae4092d663d1bbb2d4929a5e831fc759958ec9d028e443051331b7c428b9ddd9dd7b49e393c65072cd729478ff;93624;afdf93ba70de8807b9fbe9fea86833e2;7;8;17;18
6e225e3ce80ac17437a573c4be39f074;b31dbd432c8077de9546a0a39ddc418b;female;26;d517ca155a36e9e82739e309b31cce4092367633ea4c8d756ac786bdadbec78b;c3512315440ed1f062435a932f707d3cec296995ce93eeea8b490dbb618004314eaf2dbafd9a8f55668955752b8218a2;20554;769ef61690a6db207aaa234890efc51c;17;8;19;17
a2ee6b3da6c45052db4c5ad2b6a2fc52;60d055a34030d8be9e02ac0f36db227e;female;19;c2f258cb63c7f61c3c5221cf129e56ca49c444e69893cb9fef4ac3dd262852e7;51faf66efde4ca92ad09d91707508230e5c032d6ce96a4dbc32207f03c6012428afcf93e39a3cb7d4a8eef75e31f5ccc;90981;041e24dba8e79a4eead16c6bfca67ebc;14;17;8;11
e94deb89fa506259095c9cbc8aaa8016;a5f34cc26a7b2920ec8f8dd03acde5c7;male;27;3a7d8e8a788f8c936cbbeac72c3a2a25f5a2c4836d6e623714b4388ee3ab703a;287cbd967b11f37f00366e5c5ab78f515959d6409eb0332c4af0de112c3068509bdb2a4bc2cee3545415f95503831b37;42678;32a0b4f0c5b023e5b33934a2e24fa1ee;14;12;11;12
abee5e9d69b06c205980cba0fd02d46f;a9bc25a51906183c4a2d974a0aa35a77;female;25;4bef301cd9583a30ae8ecaf62aec3b3db29031a78e4d4498cb8fe7585f4f7677;c23f0f9b90fc955768ef3e207b48426af6b0f18be3066b408810c0a44f7a5f85c09ef5c6e7bd49f8ec8d4fcbe1a9b686;34141;542673394cc3ed35c407944c94a612c8;18;11;20;8
17ace600b916c0561734e5c0fc8c7b23;cf13a219af9be8031f6b11ddcdd4bdb8;male;28;61d192ea3bf284137e39753a9b4f1d8b7c3446000e9915bf8c8c43425b37392d;dd04f71d0b18e92fc667787fca3b4593a4ad81b1d16c708b24dde7d7f18feb12;58291;a4c178318928fce935f4d75a155831e5;13;14;16;7
0e9dc8e974a2649ad16652106970d553;d5e594b471278ddf0b65eeda423b2a4a;male;27;79b0133c68201017a2ebe2aa4f4b74843d5a385160f933d26e5b25323c1c03dd;cbeb086480d9e0d281483ccbe8fa22297bae2a6b3dcb4447764704679cf826426695b3e9f338f210795f1cec93fb7d2d7f59859b2edfa7f495fbba1fcdc098ba;64235;4381b849da1b4956921060138faed155;20;18;7;8
2b4ca2fd1e4569662afbd7a404426e63;b139da39a784a45bae3f36f7c407efd9;female;28;030170550ede4400d9868b155184889ba7760800a75a42695bfc9a8144c0d7b0;dea48402d133ea5643511071075a5c11563f96c351a9f3f0678a5713f2eeeffb48ac62992f600e0be2e7e6a005de1fc6;75477;6e3676752c5a2f8d7dbfeb5917aec929;10;9;10;19
1aa8bb12272cb8dbf9915cb9b5b4df68;74c59669160c2cd0717ffd385ebfa533;male;27;3d79ee992010e9214d762daf2d03e7c56028af53409467ad2053c59d369d14de;2133f449bb877e16f66849117bc23dc9b996c407c28d115db5c20cc88f5f7a6c92338699a72a3108a96a71ad91790da2;37052;b2676e05b16eea04459370913d3513ed;17;12;12;11
8feabd724552aac595d8db37fe323351;96d90a272621ee73703ff334bf068f6a;female;19;29a82465f2f497249f25b53270a659c219f14225105d9ccf5747a65feded7436;b57ec8a3de28822cc2b3e821a74439e1d9408fb8521b4bd943ac41b604768161e2fddfeae392d83472645e2d27f27b51;74064;8f9f7f9d21c555ffeea772b638669cac;8;9;10;7
6726a49a7a282b8345b7fd88afbacb1b;bbf67f63bbd7be07a6a813fb5c061a2a;male;21;917f50503c4319bcba3d5a6f6246471b99dbcb1f86c03b3ddb234b5eba5c24e5;12cce6f4f8aa2b1b004e934de007c54704a301ae229b6f501bed06446d17832f15cbdf16403a53915506baadb1532402;35099;9055dafca960c764ce45d325dc3041ec;20;7;7;12
a0afba7f3d800cb56df15eb13563c214;5cdc9a99eb09734ee260a827f4925db5;female;24;a4762edb08e1adec5fdef6b7b947404289076b1a77f79dde37f6620a2967d289;d28944af9143cf9388a4621338a084733b92a7e704ae0b8a46bb9445ecc480ba3653bd4fe793155d2fb9d9c8359f2b6e;97318;3f806dd70010d7079464deab70280902;9;8;12;7
fe645e48fb0c5fb554b565fcfa432c3c;e0f8a35e2373d9effbd5b619353b185a;female;21;96236cb1fe812a96e0b9e5b3e3fe82b597e7df484981e5227f22a77c31b846d6;1f896261358109da304dc0cc4294be2dde3d2a1652ed25cf922ac59269198d0d44577a671e4b9006c3978a91d125e71d;76009;882aa1e07018420711e21a54ca3d22d4;11;7;10;11
1da90b5ccc83d567d34718cd2f358179;ce1af4c4a19cab1ded2f565cf256319e;female;25;51ac3814d83b3c39f204ff8e92b1d7e3dd7de038c61906a6b2bbe7170868ce8f;ec40d0d4a765b897cef2c69dc6593019a94b18a466f7999119a952f60c5c560fcf059622da46872e9110934431e316b5;84961;48209b9c5f64549b78162f65e00c5df0;10;20;9;20
3ae3c3c510f917431189feaa5c4c7cb5;cffe3ecdb951e4189b20f1e9b2ef45fa;male;21;e86213f2b6cc61372694e1188643fd115a9f13888f43e8bf3d788d670eb86e1c;15e80cb96fce86d6660b398b1de1a4c37aa7b2014cfa6630e5413bd1c1cf0871d31009482758c6a642cadd01a091b536;43999;1b4c263d3d3e15b2436ca9a41adf59f2;10;17;17;20
da16ef1c8eab0db48f2a4434bad32bc4;61bc40a1c94f1f6f041e46b517b6bcba;female;22;0b44385860f775b2c5ce41b9bba59dedfea72c705e60ed6a863d598b0f8d5cc6;bc121c296adcdb27bb3334e6cffd8b6e8c69e4926ba9d9fe744148f1c9aff2d20f78e216bb6fd7ca7130de1417637fc6;97260;1a15986d772bcfdeb95b707dc66ce400;13;13;11;12
22e7200882098068086048ae9dbf0ac9;8480348fde22545e0860518a68df4309;female;25;3875d9793d6b5431c61f9cbb52d9062f5316192de5433feb61debd515352d92d;5068e283100ee1c248d4431f4f2683b17e441320b983a971333544af582ecffd;97113;0a1e00d5102b930d1a881e173df1ad48;9;15;9;9
a5142a8d2773fcadff77b9b52cc48cec;191506c2151766d57d0fcf71f3afdae0;male;25;1b64761f5ad5313961a33d116138864d5654bdf69bd024f65e7c91d9c4b8b7ac;985bf236bd912920833d70b7fda3f3da215fca2c50a65ea0390b5f1f24fcaaa3ad781d1253703bb1a751ce9c4ff30cbd;42850;a3a0d964dda65c6dce1234651f299528;13;18;12;14
210a40aa19ce44a9d5d1a4c33eee71e2;07fa2bee15eae056c2db6398773d0709;female;19;71bd0ccfff72fb99fead06b784ffff0a53ac75679b907fb80954cb08502fc45f;18cdf24c0f8c03ba102067719d297a23fd0d741391d4c56b993051600513d9a3e5ad7a61038875a5e893fc931665289b;32164;c1884bd8c7f9c68dd473d79277e3a666;17;11;14;12
3f00f41c9912d808b84a173b3c4dfa00;31a8b3f3352b10aa6e3bcb8d1fc6ac24;male;25;60b96a0527f7d3acb8bd4152c38fa75f3728b91252ed47f43425b19355553842;70ae8f92fc31fb01297fb741acab091fa9edd2ef0a502a5cbb3d95dbd7eef26127f8085e3e47e4474d6a6143c8c7b7881c0ec662262616eb7575f77dab67979d;47291;b6f8f8b87a908a3e52fdbf9a30369b1d;7;9;7;11
55a6123e473e665c27d1a2715c2c1604;a0664d70b810777cad4db39733bc9d8e70cb1f103694c5c2a5850b9e1fe4dc46;female;22;3e0b835fcfee791df8210ec7748d75f8521135deaba66fc61cbdbe9f54977180;54160fa474d2f8338269ff2e87c66f6202e0c80c6f07e1b1e355180cbb730d179791a3a28a8193505961dd9d64e109fe329796d079a559cc5a97fe4bf0fcc37e;11050;0aca3d464e772ff7e6c44e0ee83f941b;11;14;7;19
ce64854bf6e08c1877bf813500e4fef3;05514ecd7def8767d030675274d50e0b;male;25;871dc0428e017eb2f31d80b79c1e341fd661dc5c17fdabaa9e05aa08cddd5b4e;b80b267515d4fe808ba30c69d68e099c860fce6c6c789a55b85528a24632003b39339882048e32772fdf25976ad9211a;12722;4949e4b52ee017bad773f79519cde4ad;18;12;16;20
36ce59d7395c8e054cc7cd8017620191;eee268f9c22d0470649515a0191cd32a;male;22;89c2844aa9142a8378ae76ddacdbcf7d0980dd57c115202bfe4b1565a3f7e890;87cad5a60f2833e5e2e73a0ff1defe10374a81446f7784c06b86cc9107de1198d6cd639b325cffc8056172693e561c14e9141eb8e295a3115877895c3bad75a6;33861;db8cd9d1abe147b20cacceb25a7bcb9c;14;20;19;19
7ee0f2ecf68f909c91f589be2aeb44d3;305f5cd895482fd4d8805280a1bd501b;male;26;8d6cb40fa36b6ded9a097bae456be7d70af506651be595e9227a75090c6e4f24;309adf69a49369f3fdc8838e17c28abb1e827f3c557df276606e575740e10501cc9d0a93036a676c1b9183b09d9b9bab;81480;d8c41964aa111cafe5b9b0fd702657a3;10;19;9;16
298e09c44774fadef101c747aa415108;70b5ac5964f3a8f10490b1e440f26ecf;female;26;01e0c5d2cefc05697a2d35a63063a7fe976bcc44c6b3807052c0910bb5e834c6;6c9abbf49cb3df321647b65619070ac9c55aab9be0246949ae79547f196f8f3385430921aa8963f09526a3ced2912006;5957;360f30f4d23455cab41a7d2b6dfe0f4b;8;8;20;8
3c8cd5b5bdcf8950220994dc0fd01321;f3877fa6eece2d76c17878613ad64bf6;male;22;263249e57d8be027f135ef07a73ebea3873ce3b4e41e3f9a0155490f34d8870b;aa9657897f1fca676c6fb91a96d5713bf9d1b3046d20868beebf1a3b43e3dbec366bb7586ffc5ff952dcea1313bbb518;25515;6dd738ceae1c8e8cf036d269b2bec89d;10;20;10;9
1ba6de16c255ed7fafe28039451dcdd3;c3a481bc37db14275b8a674db9a28e94;female;23;880f774a608b8d065ed514ff95f7a0569742e6683c84cb0c45d7f0a1d0923683;1ecd005156264461bc70e42b65a15c5f0d8bac9e647c48e9bf84c13091ef1bdf899dc74061b58e40cf3260af2823b5ce;41484;aeb2ee0c9a41a832319dcf04ec4ba77f;7;11;20;20
376f4665a62a7666c96cf28643cdf753;14c203587f680c97190b4ce1eb31fe335e37939e81e34eb924d088d98b0a21b9;female;26;9e411e03d1799d29ec9853caaf319269bd2ebabfec435b60d4b33e6eaf756b86;988a7812842e1dc34107fa4556223140015bf27af5561ed42c07284cb3cc04cb727a8a297292bddd0d42bd3b181ff39b;43580;81b964f40ad23db00ebfede3cffd5a00;7;17;7;14
ffeac26378b8101527ef926499260502;1d8d29044f37c8541f8bfd2a32919999453caeff3c75bc4f66146f87267d9466;female;26;7d2b77a9f77f3290fc0fbd4468188bca677ba3eec5d9148d11b5c8f9f27e5637;6ef7c61dae9323355a09c48fd4e56002fee88f3ccacac5ee875e83f6b93d13831631519942cba893dd8edb50e37be2c6;17235;4c95d2ebff762fb4817803555dbd8048;17;15;13;10
500f2a41f331e4b32a7773bc607d31b2;e1b8c8ffad1da8e81ce1f7a1d7139d4cd85fa125bb58dfe85e8cd446b137a140;male;27;1e17fe8cda09fd74a7071fbfe63793c61bd56df3f5e006649e5a5787ef3ae431;01e5edb7edf843fb57f9f12ee3125ad061cdeabea2f1d4cb0d993af720ce9ae8ee462ca5494c0a3c1023b4f9b3ccb5b3;4288;9ae6df880bd2d6fdc420c57858348487;8;8;16;20
b4a8e5b0d33a5772e654208c6f5576ef;4714d95400af4d323dd948b18e61b01e;female;19;3819e55b4a203fa5512df5d6626dbf62d4e7290920dcc5a01e7005c1d1751ad8;61b6a6b2a0a7462fa4b7036740b752bf2d8794b5f7a986c083ae491be33ab61f9823467fdf2a47d5eb55ce4287c320ca;51476;c198389b7c8357c7a7ba2109ede5abd1;18;19;7;8
c7f0f75699bc4f8b8d5582615e9eb43c;2d870641df8a652770ca860a396df62e;female;26;079e4ff459b2fe96b621d70a22b38c3f673fbce9f216228c16a0de9b68b28e25;1d3e2d0354839cf9a9c1cbceada80e73e4686f7894e2b9bf589da64e05b5c869873e656a3eeb4de19e353401ed775d84;21744;cf7566167229edd03a0a07d31e185f5d;20;19;18;12
c581db40ac835d7e952a8ea063560469;be7b08bdfe1c181965c2315f30ddec10;female;21;ee60a7b68a1fe9b223c7cafc10d9aaf14d8ed8ca3c1ad16bc07bea329f3fb019;e69d17b7defc28cab042be283ec1420134b034a903d1d17386696f809353076c;89109;45b0a4e7002960df5a4182814c996dce;15;10;17;20
088ab132847b52560e580eaa9d5293bc;48236d16e65c520ed841291de4054bd2;female;21;5aa828989ee465c57984a2150ae1da9dcb7ef6afaf7b8ab2daeca4e19487e41c;cd873125a922250e86f9df2fa87494d4398d3892a2146b2418ba986fbf7c491c2c7ea8c0712b558dc68cb89cf05bfbecaad5643e15b4be7b1d3be913d56b11f3;65010;d89e712cea5a619c8b09e2f66ff27001;12;9;20;15
fead598d86a3959229d899cfc6b44a70;5051d25e5f57e0c74ff4fa7da819bd52;female;27;838790063f4c883c93bb0f36b63c9e214e7cbba081fa0023b39229061902c18e;537d61e1d7a9d3b8c3951b23c3bce4acb28b3ea58043285676437cacebcdfeefcda86eac59b50e223632bd1533ed8827;76679;6a080f05380fd969aa0c5edab52b9fa2;20;14;8;15
b7db45a10dd79676fee59163411dad6a;02eda20647b5d78a02a1c9b02667f149;female;27;5c2d91c07a4fb7ed4475f9e53f6608573899e8f156b7081d20718c4abecab31e;0e4262d9d318a52102d0093a6a38d39041854f2441b6062eda7063f3d13ff4a544126fc3180d324cc6e9c5b1ec3d0980;97835;2e61e1d3107721b33d4678e164a77647;17;12;10;7
dc25ccc615ab1a37899fc29615ff9159;7c7b4917b1a28553b568f53c422c79b1;male;27;972609a758e11f75abb9ee906dfc4130f8339d902744d39b27eb634547272a93;ceb20c5f1bda6d9a4b13f7dec76a9ff1f2f363ade39b6bdf42e6476c4a76fab2c06b90b6d23af165209a891d02b1d7c83c99eb461ddfffc40aaaa07f5ecd12b8;25610;b253f5f859a5935d0a0b4e65e9a76819;13;9;9;18
0825ae5fdbbd40ccfdab89132d3b400d;37ecdab78d0e4c1544f797d5a62d438d;female;26;c8887c6393763d1ee91902882574cc3e8a820f6fdeb2ebdd6441a476c9e91906;6711d11c8c5e5a29cb3722d6f2f6217a15ad7db874ff4c822ca8f7c167ad9de46cb758a2a43a342a6a5a34c16c69068fcdde3d544bf2d71df7f9b7880f4178b1;90674;c6aecb2387b14b7081d7d2bbd8d77758;18;18;14;13
348b6ab6b8df1d4d7f78dde10a8064cc;a83d09385df48588136b5136abf7ffdc;male;23;ef71db170e33db273261b4d2afc26a5bd3b4cbc1af6ca9da75f9946568d37da0;0e1b9c114d1f37caf5c580540b9a4d61713af44af921c8edb2936798f722ad5e22d92019c2ba1f801b65f89a8ccf348f;82516;17864a5379653451f7a12623cea84bc5;15;12;14;10
1a56ee9d2c9b3f40fb1ae568fd703ef9;f7dd02261fa0385793bb47bc5c2432f7;male;26;646f2437b923309fa93dd6ba58a1b589e2d35f5a5aeb2e73edbba38f57e616cd;d95aa977f83ae2983821d6c2db2bde8b2f8f1440bb0a36e22934f6fb099d8206551089e7d2cd6e3c988bf079ce9be188;70147;93a0bfbcc382e24587318099627086dc;9;12;19;14
c8305fe810495a3def8aeb4bdb294a7e;b951b0dade8cebf5339106151fabecc2;female;23;ef348ebe358558513a1eabd829aa8797b49f69697615ca3d4fe4b9f11c4e7785;d487c9fd6bbe630a3d7464e9b3f5785e842c68c92b4cb095a050e151b5ac3f9a86af6e1fb3a9b60f63490fedb795590e;46951;95df4398deeb6568cc23ba2f0122d87b;19;17;7;12
678f320e7719e11cc485f3e557ebcb60;43bf36bdabfa3face4ad026bc7f2d3b7;male;23;2b3fa4a2f6d28211f4e456741d96cf2ae8c04904c4437b361c2f80e674663b38;86eabd9831117f0e84af76aa8bee9af9ddc20f8bb8c9cd029cf92a371b01f9ad8cf46bf3d0e8d51148b0571cc33b8f58;87534;8d9cbcfd3c6d068e8b5d0883de0e213f;13;9;12;20
6387e1abe2b41a1bbf5885c8245fe729;bee14b14fe80303aa7b0bec9f2b8d474;female;21;f3a3129e0f4012dafff999748e1d66a44c7b460f418235f195c6e15b613c2451;4825eea9b04ccb4b2be5bb842c4256258f2a527f9d9f9a69fc4c7c546e13b13eac5f2a8abd8e13db7c7540032fef6c60;61374;cf35e8d02eb4c2f69bd3e290f6cf0826;9;11;14;10
98b2a759fc662efe18186487a71c680b;88a2b896b5bf5fc94d00a70c123fa39f;male;25;9135321159c1255bca98179c4458ffda259c673ba0da2636183625459fd46a82;aa840aaedcea222764834b5175e279e430b7331e1c6bf9acf08df21c553c33218fbc01e388f7a0485f054571736f96bd;35142;541220b13c9e8494037fcead4fbaa3c0;7;10;9;20
d90e5af52b9608e9035275f104a3685c;d9f433b8a41c7a458e5dbf1b6c50bfbd;female;21;567c7c124c21de26b56aa45264655baf3684ca5c0235135197903954d28ec952;6d1e30805be1a438c50d390f5b72b69bdc680ae0c4b5625a66a3a61665347c788f31325cfa63a13a32a9758f8ce1eb02;18745;68a912241769c5eef0afac2d50e7ad2e;9;16;10;14
4b3f9976916533249169831e39d9ea14;596836aac5e5ff74fc8711befdbb9c91;male;25;71516f92351f3885fa6306b2843d6471b2c915a11c3a52c5f34758ba9219235f;77edb90aa3bfb088c905c97b77505b6d271995eb66c21289c9482d69ef82bf5b4509461d2e934bd686bc79ad4cd26000c2e0743ac371c323215c73aea0200a54;30537;bb8a6bb935d5a11d14dee5863691ba46;12;7;14;8
f17c13c3a5cd3d33ee112c9168e059c1;d97dc3d1486b2448d078862dca4c14c6;male;23;342829bc54a99eecee80ccac1e21e41403458a7f118526cce4ddc1ad1bca2375;069a9bef632ef7ff373ab4c4b4b667dd77c74b9fd14d859597315bfd765fdb5da9e269494f0371f06a3c8dce83843118;36310;7d4111e02d2d1a55e886b36dc97b0a7e;10;9;9;18
4697aa554cfb0f032ca9754fe93dadb3;231b54b0a7a82c0df4d4efa3cd401a37;male;22;35dd4d46f30e96a3bc41e8cd0890f1df073606ac6269ad180f5a54f06f8f080e;588cd3051fe05188857821859f8da0e4e3cefbf61e951c04b3606fd423788f773bc6c524a6ac369d4c2a3f9bc417c414;12438;0b9e1aa1a712c127be70411d543c0420;15;10;19;12
689abac768dca173621266d599727c3d;4b0a134c5b4bb3177ef785ed9ef019c8;male;24;bf7ad4b32ad66184c6ae0380bee4700d0fc69169d59b694aba1ffd5e89660311;4fcff88274264a25674198f725c58d18142faa4b50a98db15ae741dfc11ba43c6f7096f89ca80cf02fc7bb1073024fc5;24069;4b0d7dc34656a6191b66d929c511b97f;15;20;13;13
f805de9489eb2250726463d21a0d0027;34ca25e8cb72ec878ece7a5ee9b56988;male;25;f9f4bfdd39ff2b22625a7caea8d23ccc31f5300fd1c262ab8dff4c08a4bcd1e4;ddc06a6e11788d6bf46a5f3e7db53e5c17404d658fd737b786649b78c76ee1a3ca5e51539e3e15736965002ed04bf491;19600;307686c330879c8849462b05efbc80eb;15;18;8;10
8c87edc67f49125214e4650938283385;39bc2a29fde490d496e8775001751eaa;male;21;bb55639e162b87211e806aaae5f91c990182cf493d94934310d953081992ce96;db42ee87a8949ac24f0eea974852cf9fe8853735bfe2143f43e2e7b818cab227a5c63faeb4adc76b0b40f8d6cedc147e;84215;b6eb758d55feacc2ec96550bc8d9ec0b;19;19;7;13
fb0c5cca49133c6ce4e0f69f189412f3;10e45767d5276d708df8edf899cb3b13;male;19;26cb0b7688ef75ce90a491d154e81234308e40b2a15aa5dcd808ac37109a1e39;9262fe337e2a348ccb2d502513e02b1a28f4a36144355ffc34d7ba3a2ca6eb5f4f6303f4dd71a64756ff44d01c0f896f;41460;a7d0eca8918c484e0ceb064c91ab6248;14;8;19;10
49d4a2844da6844724f1a33b361b26e2;62b34a344d102e2ca053727e94f1c087;female;27;99f4df40db398302129832ebf326e59c5f4e8287b4628fd3f36dd3eb03363425;9c32d5b46f04fbb079f603c2d0d241817ab285bf12371395d8b65cbf44010624b546b979b917661d876197bbc2088d2811be8d2be2562dbed6a9930a70b6c768;95301;37bc918d3e08d503f65458a774292d4b;7;9;7;15
c683ae9763ae75510664514d669c1fdc;50b3637b77f2a503296af1e75e48fd2c4fdcc316ba96f31c32e7d11ff4608d64;female;28;efbd50200be7439f186b8c8accba4b325a84cd20358c9ee743a3a777493f0848;3a6104a92828c5a9174fb182c05d54e1ce3784f470c2b38f184d74a34005abaf2d656100dd29bb046ae7dd5fe5e7b909;68940;6a2b5d7e0661a18f1a1965c7edfeeb68;8;8;7;17
06e0d2b0ab180a89b4475fa00e76acfd;bb0f81045cb0cf8c80b644930dfb80a8;female;19;549bd6659fd2b8c120455229e3a58cc4b6d909271bf4558999ea74f7b1faa9c9;104efa2b9761ee9c058a42a0386626541f56fc5605943f8760a1f8bb97a5dbe0d7ae61a8f111b35d0d784f89fec0d0fe;98408;400f5b7122efa073a93c340157e1ec9f;10;16;10;20
5412090db0e928e04bd4e2ba61a84c04;3cd3731946605d9d7790511552a745c6ec96803f77e81afaf5a5b5d4f55ed042;male;19;113e5ec9f3e009704fdca5dc73e523250743c7b0b721fe94ee19e0128d8303b2;b1dab3bbba783ea06ea5f975911e5e731398462ad418a671247a9ba2c43d0534d9b01e9e95ec5a7e7ae52b1787bb8592;51363;0e838a026c9e4930fc851a7d861864d6;19;20;15;15
6a691fcc317a3951a761fd3262f10c3e;8c8f73419dd4bd249b49be71b17b1943;male;19;c5cb8f821368343087b05cf79ff6af2098489ddcbc931cadf8d6db8fd5bafc79;cc62bbb0231aca7c5c316e9da785cc668a456ed7b9c67cf9faf06c62e0aa8dccac917cc7807cc0f9ab58d20c999156df;91931;b6f969cb4eef5e9d404631585309edda;20;18;10;17
306259715b4b1719115e0e29a11110b0;e0fd0649ccb594a1f91a0aa399240a48;female;21;c92bc62ce6456b0c2123faa31c86c516de1ecb5781c892a26e1f10cd47f90906;f27e4fdf15816f5870dda6eb6764d9abae111e6556bf7debf041823af95455254287e7c1ae1a273deb4d7c4163b01666;54898;72c046c4f0ebe4e97890c3bc91513217;12;18;10;19
7da7ee95eef3e49791c451ee9531a0e2;a93d95ee04aa7f4aba02fb75e52ea8c5;male;19;0c8b41c89934f70b85c04b941e4258593699f2cd7f9e480a38d269fef7e5c383;498559035a8825d5ad83d6f9d086053e863ad8f7eb859aa652b02a36ca7c2530215536bcb1c434650cdf70d9894ce1f6;33699;355815a73581c04d56fef45b07473856;16;19;8;18
77e95388afdb27c4c4feedf37b70e43f;843fc874cc3986cdd062d9802b6155949c2e4028e5d1695d50d1d11fc3b097cc;female;28;d958e006669db6a03e51b4bcee1b70d93ba638401d67663893f9919d65f570fb;1ef21bafc3718a72836f51c9669d06477433fb9ce6b5a7d35e3f71038e59fbac444e521c2910c7980a5d7c2e1fbad53d;46437;c874bf7bc9d2fbe6c7749191624cbaf8;18;12;14;13
24b57cd5ed361a62b5580ed60db7f3c9;ce9a8fb2a84fd9d271862743f386cfa1;female;20;d815e17cb39740c72a1a6fb94f374561a9f0db10548b6fdaacfe63a57fc7a38e;f13034f75f989cfe8e6091561575e3459c8ba8bc48841cc40f12bce5257ef0a7f453c0ebd3999bff0663f4f52164382d;39596;f50af891b9a5083a27e9457063b8dafc;15;8;7;19
ea4c52a2285e91662a0409c05433e274;2b78ae4321a06a190edc14a2d69cc547;male;21;d3ac51464fe74f35569f9162b826bd451d84f0d11e5fd09378009a314c28065b;5251c5f810285dd8f71c8f40e7ebc1d79133371c44dbf3c030d3cab0e93b962cc97b858b2bcec2339b7c6fce3c1aae0c1fdf0ff6df5f9600a99c22be5e660d54;97663;e732cdc8b754529620b22034a3d76404;16;16;8;10
a4682462d21cd87eb85f6aaae6007c16;3d227c8bea85f419a6af0bd4d221fe76;male;24;eef29abf0b6db64fa042a1e40785d42e9f3ab41ebbcf29013a1213a63ddb2d21;3f9bddaa56010b76084cef528c3ad7b558269c019b6471ca01d9a2e1d56562ebba2e0c1dad773f9bd4db93d67fa37f02;87356;1e1d76e98d022cac50ae4a3ab4ee9d1e;16;17;7;20
d3dc44abac1c56fe3a14dbfba5a18825;1f3abc74e389d5c6d71667136ac68153;female;28;65e2cbf515d2d8ea99e343874215e069a77d2a72e152c6211d15fc60de917c8e;ea4c3d811b252e48aa15da35f4a62b1c6ab22e18f6a7a1409e98fb9fe82ab5455fa9d1027c2e5f70815a40daf980cee4;59258;e7782cf53ff41fdb7572bdc6ed2800e9;12;8;18;16
95b36ae49fe0798971642bd740642204;f8348eb0f0fbce401ee5bcb7c22bfd24;male;27;a8acf8fbcd709af0c541830e9ca6e2758bce2d779935fad283bb97fa3c95afcd;9626cc0fae63e4edaf6a121ee3a5035966a14f269a30e7fe6ababa60df4a7dd3eccbeb9e843f15f6751592d483f3e86706c724b539d176e087b18ec2eb750ecb;46191;1cc50deb2e0bf25d631faf3200852114;12;14;15;16
792fbd8702c377f167050485b1a42395;00bd37f7f274ab4b9aca6916e90560ed285b67e45c148a538d3bb5cce568a697;female;21;67fb1c818d79b2dd42055f6941fae58ca8bcc791863fc3fbfa7c87fa49792d35;40252e7c4b634567394b28ff7b0d8ec999bf47daf189987e593d84f34ef8cec26f3d6cf4e22bea8da52a2b5ccf4cf37e;68412;df23c4d76f054fd51d6339f2bb8d1764;17;17;16;19
aa4027898c33d92adaf912ae9bba869f;1d863c57fe5d91fb94ab4f1d5c68dc05d29ed919fbd6290af8fdd9382ade9089;male;28;354dea02e02f6e6c57095b0889baba848c9ca9123e03c4ab958c10151d37610d;1ffa3ca5946b800a28426291a4e4e4db6d17d96db0c83fa6509d98b6742dff5b681693e70d17288d337a156ed2f8128b;92875;12c29acc0f24e765812408771bae8de9;17;18;16;19
1b761b604565edffb3eb785d8265323b;3194501ad86eefc8c93cf61ac6bf4dfd;male;27;886f90c57cdd04416bfcca7d2fb880793de81c29fd51425aae1a3ef4675bdd5f;eccb984444053f2bfe5c27ac0ef147c84c8f88315208c5ad6cdefa08912df718ab8bbc355eda259065e8d7146681c582;61504;afcd39c65c55048722cd87e2d440f00b;11;8;17;13
70faa8af779038777d9e6a163a4ce654;5001a045c52013385f2560c447b20167;female;27;ab53f24792893fe37ce8af00969a1787efa0fe6291bfae962d1acda7b7ee0071;6fa9f694437336fc2be4f1f55de2380028bfb41e74b73b4a3fa9ea0e51e6c8228a93e3041120a83dbad77a395feaeb3b;41130;574b6d8627d7a66310c58075bb39bc7a;8;19;18;12
5293f27ad6c90426399970cde24d232b;200af3f27057786c79cae4b681140afe;male;22;3e2e7fe3700fce4a17cf283eb3fe48664f9f90170eb53a653bdf1bd7e974e206;30042221187cbaa75619ad286312cc2ebd2506dbd04dd68363e82dbe99b8e520c042b62dcf06945b307ec69fc93fd146d6579c96c6a68897dd3b03296b6139f3;38513;af51a67234d2ac56eaa6bb90c337cd60;12;18;7;12
c9890826ffa3475cf44445dcce0a974a;4d866a17c26ffed944e1d33370dba9e4afbe2af501911535dd2b3a4a54b4a5c7;female;24;f3a9fcd2a0716b651134e6a6d06abf1df006853f0cdc238a65fd2dee34d41ba804eb4dcf9cbcc16a2200be54422e8fee;810b2c817c2dbf1249768942c8826f04959f119900bee49c3d0831e98bbd431b8c091d5d02d7e891c69c0cad027580a5;37482;b0649b88f6e23fb3a9eaf8c342c64ec7;9;11;9;14
fa335b70f11958e023aa12753d3e266d;f0c206b3be49dd62737ea81a622a41de;female;25;c351f42290e98b12bb09bc7dfa544b9a0bb675694f87ca8d471e82c9ecb79383;c4bd0afc6fc9909df15dd271a588c5fd9d350652cb3a1240ad970737742b601fb438138bf5d7446072dd23c3d58bf3a4;1526;695d39966711f978062eb9f1c4cce70e;17;11;14;18
d00eea891cb06e6bb58bc6feb95c71a4;5153d57b865187acd7ff7f4781321dab;female;22;a5960233a14a16024cd6a6e9d3e950c0130f206779f18d242f5da11ad5a2a0a2;3ceff31035937609a00f0f5d161e0a32dc9f5ab68ad2481f22a715a2bbea880a0434e7e3a2b6d529a64ef771c52f90de;34254;2d0e4e7da0914992fe7a69c351cfbc05;20;11;8;11
ac31db831142be8d39e35b8fcd916e24;39b01f8562cebfc3ec69be0a0e03a8a4;male;20;ad22834c02e517ddf847d3e307fd7f7343986724be35f02d0429ab6f5d0f6059;7ee52962473b7aa89da42614bfe4e2ba962870f5423ff5ff8c8646268363d59b5d76090295975f92f95ef5686d1554ff2224d600b7a525d37cab824b2d19b741;23465;85d3889a15dcc51d689706134e68e267;18;12;11;20
f301d7a71f2657c84543c2168bf1622f;af6b62ef4e29d2aa9dc9fbc7f67dbb0a;female;27;e6aa1cc8389637986366dcdf18dc99311e765f6dacc03f0c055b5e0e0e7b2da1;2b5b1638b02952edf902188beb843002a6abfa71497cba47b87a726d964781d015704c20f3d58bcaff6b3718867da9412f153bb71008bcb50f924b9fa8a5cbf0;80585;eb631f0f3bfb8d8bf89202f3a1858da7;14;12;11;9
fefc8937fa3550c2aa2ebfbf7ad244c9;58ff706c491750d8d735ef2075c9da58;female;22;1a8349f92a519c2cdc8878667e73abef44333cd64f48e89589a7551fb4b0e337;1bf8efc7825b232f9264a6e18b3098a36f34b98849994c8ac9d3b1744c26f90ac2d6af48dc0d7fda7aab1fd8b6ca5e322e045b88bbf9b0b22c99f0e1db5dde6b;81423;736bf91a5b003c20233c1739f002f423;19;18;20;20
2827f98e8890925b025da135ea56302a;d2920774ed6500b0b95eabf365d8f8af;female;19;f54e2e14ac8357ab4d1695ab57ed090aed4c2ad48b6160910212b5de55ff290b;3bd32b5ceee13f1e1d4b82cc72b535194ca7407dcd8f5c55e790aceb2f196ee235739105d354709b29a7f92b81c525ab;69352;f66f1ca1009975f74f5b8bf04d362c12;7;18;16;19
ce299e8da5732789022dd5a6a320e8b7;687ffdfeb68cb3244ce8e24a7819eb36;female;21;b994629a70e60b7765984aa08e211f676d22273827787806d828dd4fdfae8bea;484ceb34abed3e0f8b7ba56978590f8b234b3114661f16aee589cee291a466cd99c0a02b50ba5e27f9d88a7015352c99;63496;0d7d67b5739ad747086cae07cbeb1a8d;19;18;13;9
625126e0485ee4c37dc5dcd68962d882;b44be4cfa236e91507d2f80a5eb588bc;male;22;b0b1f890c3ed659a8209104a4162b4eb0726354576ed1ec58da71139bba66abf;14307a0bc1e19349197f33972b4a8466b7499ae2085f7c65068c2a222f350ec28076ec856157f2f9052240c19037c44e;9597;17eb7875cd444b38d0bb58c4420c5d90;20;17;10;18
0a3b96f766bed26de4ab4efa13c6f930;2a83382269e5f665fc74df8dbe9e8b12;male;20;4db5c0824d208ad11708c1bde5efa0e26c41462c63bfc74cff8ac1107cc312dd;851f46e329b59b3b4f1aa8f9d98fa71147abed1571c31edcafe4e41fdc1250c5ab65dc3f460602c78b2c8e247d578bca;20299;747f6815280569c92aa80fad14c1723e;16;19;13;18
0be37c9a3462b7593502a2fede0fc912;87b846da1b29251fe86fcef4da1f751b;male;19;51d51ef98c56c1738e412d9711b01b177c3524df476ec8d47a77359d0cf56613;56e28cf986066bd60ed34a293178bd59cb098867cbd19d93eb2ec6833de256c1f082ffe695de947ec45e13a5647d7d1b12ea1c1f67e0f74d6cecd72d9536092c;3746;807c68edc817f4c6de008250ffd1b837;12;15;10;16
8440e01ed5beed90ab02076fc9236bc9;00de4de0a865c13123d3030d6faab75d;male;26;d0fa069a9fbb7c451b2c312882634c050193c3a0db1ddda89495a9eecf5f66e0;b1335029959b70152ef571f9121afafe18856c09d2807ee479f5ff3f98d8f8231adbc3d9178479eaaa2b587f84e39d87;97528;6e4bf35d530cc499cabff5cc4478a65f;9;11;15;14
dc76dea4c63ba48ea898e9b80ddf81d4;65f0d41377c15782cf7c8a82312b7ef5;female;26;bbcea9d2bd52a307f3f889bb616beaa0debf36d3d566bcd304ef454a8f4d5127;3883dec53f151b3825da4786cbb439c12da5bab39009179d5c0823cf861730aff70bc471d1860592dde0ac31ef22c2d6;93320;2f2578d6895d3a47f2ad88fe62fcd5a9;12;8;19;18
4d47f437a709b9b159413e68166846a0;1055010fde8caefa28541a1b91fcb969;female;25;7ca6c748ea43a5b696ecbba75a7e8fe62b204e54ca653033ff9a688ba2c8dbd9;c559bcbe0cca1f471cdad1ca321a31a43b9d1eae4de738487534483f15bb66a7c7a291bd25586cbf56af7a06b2886e36;96059;f1a04dc8e20316ed511aee1b7ba78cf5;9;17;15;15
cda2e28a38f1d430fbcbe85022f97b0f;8aba3023ba08f1a832c640f1f4553ec1;male;20;ce67b6dd19941085135753fed805cf1cf263853080d504d591551a3f7316c11a;721f8cdc516f6f2bc65a2d862f1939a91bd424d8afcfcbf0dd7a0d1bf096c7f8556f4a9c93400ca23199a0fbd695a067;15582;dbbc684e93424a21e0b4a313fc6e365b;15;19;17;19
5fb33213b007920cf7435a20b2782569;028747990a6df60c38cac1c38b94c231;female;26;4e9bdab8a232a9b0ad20631b38e63449661da85b1b7ed0c48184a5c2e613a25f;46a90a2cc3463b547aac5fa1b20984c5ae7ae7efae4b5d07e985ef9ad6247e2e96b7bde89221a17dc0f6f445fa5b730e;77159;dc85d4ac149254bd46ec24ba3ee6e46b;17;14;19;13
f3bc28a300a52dd5b9b22df13884805c;63a6d567bd9549fe42adc756d25f98d3;male;23;0b9943bba2bc91c549adcd63389244ba153d14b9f7fccff8a54797929935831e;a2c98f01daaf6b484ff927480579d50ce09987ea8d5215f2dc7800d0721bc447aaaef9b7e783475730e8f8251a24f28a;12452;8414bcb3151e43867c810bd2da981dfc;13;17;17;11
ab1e519699ba5d4d93c67e26387a8987;a54b47aa01d42409bf02ca58021b22071a206ae360eb799fd0517b138a4a1d61;female;27;211bc44345bf8e3cf545c5dac27066c2fac7ad187adeb355779a97ff6d051957;eac6556a4249d9bc2c44f5d27b959a38c9c0ebe9cab8d323e6b89248e994ae43a0fc9d1845ba3553612432aa16ae9ca8;66680;e48691bfb0334b354151832b1dc583c0;11;19;10;15
855b5a5fa6a466bcf5fb177802545b66;1d83875099bbc311bd431ce06324dcd2;male;27;a56477f34162be3e1517b960ddbbcf375266a18a764d9ae3782cc31e3315cd6b;6dd591656d99e2a5690799513b701de699b0fad18bcbcab562d6c530be46000ca63b50637ed534abc2b2b59df5d44d6b;17413;af27b1c34be32de987a0d82a75353312;7;7;17;16
e7bd5420ec9f6669275f7d120a3287c3;b655dea04382e7974efa411999baa297;female;27;80c92f001fca11e3ce4cbfb2e7818e56153ef8c5bb2183e8071941bd3e849347;612f314584e20a7c93b728c5467188ac097ff7e563a3bf623d10bc235463c5357d0b1ff158d4443efb99ab7ef4fd56b2;50091;a96c9fb18c47821d72e29ca158411db8;17;8;17;19
e9c2eaedf902301230dd453d978a7572;81f85119804b70d434bef8c96a2d3d05baed4899e9e7e3c4c3120116f9defcfd;female;20;109035cf7a06af79fd5b9059fff12ff8b675f42e7e26e67ae73dc9bbae0fffee;2a1e58fe67e79baf2f7a9ba76328ca1a6b82ec75ed8647f4abb7b959b68ce3aa64c69376c406576d471d05858968fc09;12326;bd4496a2609cbf8a116645e67c7dff53;18;8;9;12
9a820caba24709165287bd5cfcde4a0e;82c7feed1f5eb8f87971eb9adf5886cad0ad3878394541a2f46765f4a9e2d05e;female;23;4fd4e1d0548d03e64cde751e0b922d8f7ef456b1ea582c6342ab7ead5526e991;e9f9f516fa19c943fbe50dc8bd40cf8d8f39151c52939db28c271a624627898880f6aea8fbbc5ad13f2e52a34ef734c8;84815;015dc103c8a6bd1457e55ca7fe68aa87;9;18;10;7
ccaa14713d213b4a95c94e59c5b63725;7f2bf99eb9a69df6f75c0d421f070c0a;male;28;569c999b73790724a305a6de2b00745467ad78bebf42d13cda0a774f87280f30;b44508aa74a23130669cf97dd65975ad94403db0383223342666327dd9d7481193226c38906a9186c3cf0a4d57839117;13453;0a8ca54d856495db93e1d7d25521fb2a;18;11;12;11
3ace285e0d9a6fad4ec202c21cc53469;bfc350af5410ba617e66e2969457d9c8;male;22;22f278f0c483e4c6d772eb9fc33eabbb7b0c2f59652ca908c2d291ad28914ad6;1053e69ec1646b6a11c217288d2714efab86f42ce2f3146229b7136fa775c9196b985ad7c8aeb109743b889468a36e1c;62701;aafedb2705bf33f6c0d385921633c755;12;8;10;10
297ebb112dadd31d85af8fae1733141d;deb9078179ba7a199344f21b3adeed8b;male;24;07dee2e142f4204dc25f29d89f06d49b9178c6139ed068efc6d83c7253d88f3e;5682854f1178dbe19d7c20bd4f15bcd2a14a73ef4daf0036759f14ee01093850839f13d82bc36d771b6b2d4e131f23a0;23409;61498643ab42de29634c48b69ae4a4ea;15;7;14;11
f9a361271e47d66a6d23a3911e509d84;061f1092497ec5a656ced6d80dbe693e;male;28;0986f99237ff8b03a4a0a2e9628240dea4cda22a7b8aeed26a8d666101d166d2;3e13b6705f432f7b667ca4c974ed8c9050642a796917e584c70fce75209e8870350265240140da7df653916049203dea24f27f2ac9ca6c05cc337d0d23955ca6;4608;00e11cd1298dfb15291a47c33ec96a74;11;20;16;15
60ed183fe87126f791486570a4e3b9b6;1224dbd39e7651ce75ec82b78484c937;female;23;d0c423c5f4fbab1ce4ce7f2ba83401e38800b7afef49b13d2fb265b9edf231b3;cca982312857af3ca117d80bcb4492bc7d8f3d27a5d37a8f5d36ebe78690214a76f569ecad38129b4d3a419c83bd5568;76001;0a9eb277a4805de225cdea29dd0c01b5;20;11;16;14
300a7e4f5464898825b99f9eae083dd8;7a8cd1ac3820c22853d29c3a01647eb8;male;20;df1937133f42f8e04d9a023b1eb7a2ea3b59c7d0298b5bc8a46a32fd51c1cb58;8b880295033fe59c552994fd6a06a612b320060f9b302e7eb5202cb3e393ca19e5d4967c419617daf295d265d476fb2a;24436;397253f9d2dfd3d28bb132b4ce265cbe;20;15;20;15
3d31fcf9731dd058ff9b563e51ed8ebc;125138533d738ba022da75578f757076;male;26;b63e6636bdf546110bcf6e2b4afd72ff05d4b76f7830d78191836b9c2b979481;de8366151956969cee616e0624fa09e826dbb30e8ce483338d893d648f906651e9699a0cf54f53159b39b1133943df67;59286;0706607184537896a93f7ba9a36e4cf4;15;9;16;7
44b211bd5c397bff2f0ba1f9c595af33;8a8c8ae7de23cef44876fc210c6b8025;female;27;aa45c4c16ba386e9516c844377da26ac64ce6a2f0c123b8e7fde22a02d7fd26d;90dde053a32b4dd8e4397e83ec0dd01b3f3aab075642f75c39d9f028c0a0568f1851b17790cec8871f61a33fdccae500;10387;bdd13b0cee9c5e2bd8c1cbd9a4ae0fd1;7;12;7;9
a75642899c26d6c4cc1e07c6f830c8e8;f604bdcf05cea988ec38d8cfbe61efbe;male;28;238ca006e595f4fc8861392b6c2a7d21b7724f9c5b188e4f9044e6f732f26f75;d1f1dc35e4159dfa727139088d4cbb64b5943a72f3d493c3d7a3da79e1bd1ce96d7ebbf9dc765c7745472513a5fd5b0d26af672ae04c0afd3ffdb896a3b1e57b;36198;e4c7774bf4d3779fb5002305ca2e7cf2;18;8;20;17
f2678990104de11a3ef862cc5d6544f8;4d866a17c26ffed944e1d33370dba9e4afbe2af501911535dd2b3a4a54b4a5c7;female;22;f3a9fcd2a0716b651134e6a6d06abf1d416991c879de0062bda45142d83d0ee0;8895accd5e123f957de4346d999acfcbe5000b743e0a0fe3ede0c1f0e63cf48679054f1b1ac3901c213ae226b4c5b866;92348;6013118372981f5b4fcbb3d8ab04c0d2;19;20;12;13
504cb6543ed0966d6aa3f3b9c1e368d8;4a099ba9198151b28f0e99675c8d6d5ce1528ba9964ab43cb4dac6e431d4bad5;male;26;7b9fbb26beea6e8ade16183fcf7231e14ba1180a4121a5f38db965b26da62f20;8df7ba4e06fb2ab782b71d26a01a6a574875b0324aa6e3fc76463fbc905bac94d58bfdb84265003badfd7e667877463c;99610;a5e149ca4257819fbf6c4d29b20f4e80;13;17;12;16
43b6efdf6e8f79393f3e33dc10ced1cb;d8f3b7efc625c853a1922d594b53727c;female;21;d6f2de81bf180f7e9d307d5b836a0d1bebaeea68e0df112a863c439c47ed8a26;03bec8f069aac605c8ef344f2e31fe9d372be3d0fb51d1adc9743b945f6c19da533b525fa0b3c8299f33659c8584eb7d7fb73d07741ad86cf4f19149ef423fbd;58484;54f685599de32458e8baa3256789bc1f;11;19;13;14
13c38cf63cd99c35cf75dac8ac334ba7;c093908904b0d753c59aa2f93b6578b0a380ab6b725c9ac2dde51a9d07696dd8;female;26;ed5005f429d6ad58d1ad83e4f45fc05625ae79c7db336fbd3703049cbe96dfec;4898d82c8bd5b39590d4aeb08effd2d84acfe810dd7d017d67e43f48c0135da5d0dd4e0680ba309c14137779e273347b;62428;b375d039617a74c96ae14844bf070aab;14;14;17;8
c00b73238a92cad6786a129eccbec653;18cbc552dfb33be8aa3b217792894350;male;24;8f63d9246427764d36d8142181fcd4b2cdb91874c46eaa8e119fede3efa509ca;ac088309eda15b562baa4a9a5ecacfef87f5d6aeaa35e99c3765b7fe9bc67f6e1b83f9a8bc04d1a78f019fc0bee95309;40016;757814a56011ab44da49b6fc46bb93fa;11;19;7;19
d0b927337ee08d938ac23e17393927bd;e35c1202aac8ae27a0643cfff5db8569;female;24;d6c2a8ae5c3b2ad1d52ce0a7085648ac3d7bb59c8c1579fdca9f2c68b571c3d6;bddef9de26dd7de1443c397d4f005c485d3fe938c32e30491fc40c87a377038e074d5d3c02ef33bff2f823615a07c33c;85293;c1d843522326a6cac9193396b6536973;14;10;10;9
57e944dc40630eea2efc6fc0ba0d8670;72e8375d0050a11a39bb924e76c76c14;female;22;0b095ecdf69a1ec34ab0d7c73ab317eaf31dc32b38eb2fdd7aee3c91497df64b;8b1551384f7e17abad1a7099dbb62e04e17b0757cad10f3a116ff7df4b8a650e08aac1f452b602bc367bab0792fa0873;8725;0c2b6d88ee6e7365b071bbd1a4530760;19;15;12;14
75120a9edef8bc8c841236794a8ae007;cdbab6979715a79362096ff0fd97321b;female;22;61458888d44d4993ab9e60a44202d59d70d0a60c30662c6707c3cb9dde57b491;2f8512c2c0d6e61b594978242ab897c6c32303ea758bb0bdb9f0af070059b5686f03b3c14a6434fefd7c30444893195e;96033;1d5cae623c1b9833343205d19003e283;16;9;9;20
98610688cc4eae280db0d10be2ec3bf9;cce7ac1d9b3cfdf56c18fd8be2141cee;female;28;7bc0975102c20c5e1870ee614e05813cf3f1e49f53ea4b0bf6e2f3017e7256e2;71b64f6105b8d8cde3cad53832c02a95b0a68284b4ae068718bca41d95eb6a6f33c518db5b9a416bfdb97cef630f413d;16697;6188e111ceb013fa8ac06c905b85cf8a;14;11;16;12
b86342bd089e622732ffab888c823e39;fd739d6d8471025db64dc616fc532793c06a6c931fc254f7634b6d2c66bd8e57;male;19;66d079bbd77439caeacf2f4226a1361570a15a62114e4685fe92d02493769ae1a6c20bbe13772e7d107a42e07fd87311;61b739000b1c13352a7b9cfa4f76f9b1a47916f0c5e99ab7e5ef1df5dd9d79779ae1930e34777b1d5e7670cbabfacebe;45013;9bc35ea72f12f10ed285894844c3a681;18;13;16;19
89d7482eb8d0876f8a5bb0b6d441d142;e91b6b14894d714f70715e474839d52f;female;19;eda2f1b459107fa0c1adceeea94bdf512c4a3e0450745a387536a8f3b4845319;216005412675cdef9e60c36a0acc33562653bbfd1cdc536a2146619e7e9f2db1d3b32077c29b2c3e19fde373283a3539;92138;2d20f0e93ba83de965e4cbaacc888185;17;15;13;14
4150332e8ad85baf6eb27336168a39ee;f853dc82ce5857f95f795ca95734450b;male;21;bf8a6623405e67749481efb0313bb1d05b475cda674d6ee4300d6ee24fafc567;3a7e899ccbadbe8ed518c0d2762483a46d70a0d1e8954d2212564b136459203a1798502c14ed9677b7bd84924e9c84ff055b0112e7af070207ed45580b4c0e29;25892;4e6bb22ed1d1f734774d64e79bbbf00f;17;15;15;11
6bf9eebb050b8b2a63ced38c209aca03;d0470ac52386909b7c61aa1b0e9c4ecf;male;21;bb33db73f3129dd878c70520cfd5beb805657379ae25b4645aab8636862ab79d;62a7c2cf6da620d625891d87084b9a47073210add1536e7e6e979977d4f6728cce1fa670e1c77ca70dbe5086dbc81b08;14161;48490f4a882454b95928a40de7b6fb66;9;18;8;8
a6af102519587869f8e0e89b88253abb;cc45bfba343376d8dd4124c9d94c1835;male;28;a9573c6c6527dae2d5dbb6c3a2e45d783237b4c5aa4f96ffc0d5842771efc737;a36810d737d01937e02961e1859e2f4096e36e66c4781b39425959d5d5c1bfc2;2854;f43a5691103c4455b731d807204b6f9f;19;8;15;8
91f3db39f5a9978c920840c9616fcef1;e34ca9cfdd86dab43ac4ccde20bfcfb2;male;20;71d9c896454f9bce98afea171274c11b956c3c389208a015792c6cbe5623ae69;5da967bd10a3eedce2547f660189fde1163299a6fbe712c1366c673a4e4ec480e583dc628993ef823636e35c0f005a88;51764;d97736c4e326267ca60b0e06a6548098;19;18;14;16
668c57317523829b6221c5cd9fa0135c;0df1c196fa181da4ae60cd3ef12399c1;female;21;434c5bb076d8dbf6f3abc0c5795f38839fdda2ddc4da0edee8e86dcd750c028f;35104813b90a9f60afcf497a26deaf310af85e5f7851ad4c38fc99d1b520c06b17f7a1ded28d577a08db71320dadfd59836fd02732420b1d8531f96d37f330cf;6718;b5661a5cdbb7fbbfa3b49b0b11fb644d;19;18;11;13
89a879accd86723ae873cca4d638b2f1;9605e0f9242f64819035c50f05d51c22;female;23;607a4c20689568d4248782e69d442ee3a8a6ef5315efbb644520a02988c251a3;dc7809fccc2bd032ac91aa9152aab8dc9acbbec4ee686856083f9841c82e740527d888df17843fecf77847ec33a2d126;70740;9331642cfd021684e58181d7530da63f;7;20;11;18
4a26a00e0a2ee56d23a4a951a5526e4c;59a02760e7faaf74b5e91b41ebf4f09d;male;28;5200f760fc1473e06627096ccefa7e7dd92da45710822bec6e982c499ea3f033;7cc7b57912ed43c544e78926935c1372026b6d86d3c707fe4dedcd829cc5057e18ab1674b89793392dc1fc07c58ca7cb;39264;6d06b9771b23e8ee7cf74fced1dc3196;16;16;9;15
77ebfcc8b143ffeb2debff726f2cf72b;ac9fb5780b765613659f44abb85724212d88f8833e033442f84c9c2c47bf5a36;male;27;d14eda39cfbc53142970f9b8a1f8f8edf5fcc5a312a0817f68caebf8130dc591;0d2eec18fcfa5779ce4939566f756933c8576b840e5c71ab15e2f6c6c9ddb826;21590;d57d65c3e1cd7dc75714efd2f90109fa;16;15;7;15
f089e8b6c459d3bbf3c0e123322bee70;9cd2ee8bc83586c284498643099338975a87416b067cd13eefbfc7516b45d279;male;21;b336561dc026c5e73ea6e1063649d390c3365d8880a15220d4877d9bd55e9296;db787b199e91555fff61fffd19409ddcb14e62cd4cdb263bf7fc0d78432d9d749f8bf384fd3bd69fa0271b0212c0b4e2;36709;5c74a6dbcd23d37f6c3844d34933400e;20;11;9;19
828c898b25e4b82fc8e2f899e02a4dfc;a2daa8a4b2c51eb57c6300083dd3b9ba;female;24;33e4482fa80be8c22354bbaee7cf0948a7597c2a3986e89a43f6c6b4913091e8;3ab26be1c9e515304694ba9fb8ecbbf56e15c525e6d45e623ee18fb37e87cc9e4eea269bbfe1cb4dbdb6d7bdfb23eaa7;20738;2739eb12a8319a88670bd897ff55446b;17;17;9;14
12ec80642d61e3c7bca544aeee0da8ec;174860faee8025141c32e378b3fd6a9f;male;24;d4d387a78e7c02c5964cd81015208daac2e35a94beb030f4c5be66c5339131db;a5fc3f5154f47ac57d72da7a40066216392e9067e2de0e5d5734f5b5142d177ad68c6dfb82e789a9acdc8eff87f20eef;57906;72db0e42705228b4006817c32d9510f1;13;11;16;11
3259ec735e9af34e5ac1d93f882f5d58;7e69d7e5375d0a30116c2e535ad24816;female;26;aa0135bbc8ee29f1f4f6ccb7c903f93e6d1e5cfadf0cc9c38306cdf8cca1d411;415c68ae06237a7538fdb6ec4c873504bf89b87275438814f7d3b2a67578ac80860547bf5782815f47363daf6682fc355b30e4dbf23d77ffe147b4e0d2f11079;4845;f77337ce1017f62b0e7a7fa3acc615b4;10;14;17;9
0ab8d9a8adc3d3eecd3483a48f684869;4784a87155934b71049c81a2eacfb84a97bca846c5b1929d8025d7bb58da0484;female;24;a68363d5889bd10b15ca38176b5cb8a93a23feffb660f38702ec27358a8d533c;a6fa5480a1e88ab4798077252b1bc6c798219b6061a117618719b9a1b1a72ee1c27a317ffb611082e059e004c2909409b981ff2e81302c3757861b1be964fefd;52908;af9f7415c2baa41ecf1340b1ba825036;12;11;16;17
30ba11de5e96c6a05181a490a1179b2c;e16b04f6dcc8395989d17cb180bfc01a;female;20;b267e7333ff599ba14ef2f244f7758b1990e77ebb2ea9af34d7cdacc63a22d53;477a21fcb1023a3880d4fadb1d8fba7a59e4b79c2ae580aeb1ffe9071695441506e812598d89e143c23141fb8e74b658;54581;0c490bd0773aeb441c70d412debe1ed0;16;17;7;20
296a7bb9e2b932797092ec9a5a28d205;9c0aed4052ee1f58116f2f63ed317c3b;female;25;1317fc0477083e33aad99ba6575d118f07137dee55593ddd3e688ed1074d0c7d;369f4115860904690498454211d262cca1b46b0b0c8804d8c378b97c0336b5c270a0b7239923356d2572a821ac4d7aa6;77197;7379011fcf28a6fac5532121cb82aeff;15;20;10;10
c1b573e1b72fdb2bab6b00b1214d7581;c780f085e5550ac57c7e623858b2d2c6;male;24;1c07dc20b914f45f82b98e2615e67b34f7060b60c577cce9e30c9d29534ca79c;9f63ff19a388e93690f6c96dfc3539a186d52f6787980c7f6835bfde903dab58550eba7228f9ca79e1a1d3d0b8ae5f0f;48561;4d270a266fc33f7b237d753484c75dd6;9;18;15;9
7c6e96642dcf779ab992f8c7653570a9;8d4f9204c1857431a1cc6b9a1f034371;female;28;321cf48725bb7d293b16da8a5c1c1d1c3cee2a3f91c2ecc83bdac1241d195ae5;8ca0e103bbd350903e3d720563066a085c4814c442f03227a8601ec85e328bcd2a6e1444d5b61195620fe9ee577e8a7a;2554;a08ecb54d0ba6709d4e833262a89215d;15;7;14;13
f25e0a214fbbb4e14adbb45d0c1447c6;a6001c0a57e9ded6f8f8ce418e23047a;male;23;9e0f312f9f996c4f51c1e126f4ac2512a71a887fbc3ac50d1bcaa229c0eb1b04;458e1988764aab6629a73839bd3e3ff0b5b216425da3588b385b4281e1732e6660f710d9b2b7b658bc95b26149e7a7b1;24609;f4009bc5803c01fc6b1438ad74f96cae;17;20;18;11
3d262a1e5673badcb7911c8366cb3824;d1b00a09c476f83e0566864594ff3bbe;male;20;0c75a42ee9f4e932c8b5dbef7c78740d7f9f0555df28db2fc1ae2d3f317b5ab9;b5a0639cfb750ce35648f5cab10ae147c9e3761521557a82cbb0e23e89edb863071375895fc6dabf3457e3c7d46131a5;82681;8bbc590fbbd9ff64bc7d3419d01bd0e6;20;9;19;10
798e193f1839a4b59cf6950011e0e734;cc766bd69b93674d062cbc4dca1b5db9;male;19;5b653b620e04af369d09ffe6cf0d840c85c8f638f2cf2fc322a96325921b1687;5e746e6a9ea458dfce897be9b3c475146bd06495c2def3b99f7da80eaecbe608ed0ac6c1f4999eb8f9179ea69471c231;90189;0100333ef0b5abf06e759a3d04a1e1d3;20;17;9;10
cf8b6593caa56b64f95825d941c653e9;8ba9d8e0a07d05a75733fc2d031b891d;female;19;39ca03bce7de638f14169efe8b1cdb03d5e62dda754fb721d57cc0d644799816;f00b1361566f1dcc10abc85d4cc7e57dff1a702776f66598f0ea130c6885e2835212a227d409b3dacf5d26fd1a554826;25917;0412db2ce5896f0210fb861a527dd247;9;14;13;11
d9fc99b1fb0a12b77a34c94524c3a0df;e3ec2402fb730ed008c500bc87b167eb;female;20;a13f575190a2dacc395b96dab12329dce79335cfd1fda2022657d8c3ba912cb8;5530b32ef56b6a0de5bca59ea800508734c63bcae8c28b78760f1fcb95de7ee9aa3f2194e8c6282094efcde52c11e182;35131;b2a50a9ad4cc5fd742bf8b34ef4300f6;18;14;9;10
89a06be6487ab1e321b7a3956279b5d9;e9a44964abbd446c24ba93071caa256d32b237f691f5bdbdebbad9720a43b171;male;19;a240a2d51be8d2359ac25e6fd6608ddafadca1b5cbcd192f92e79d43efc56d4f;362ee874238b329a22a98e8c5c452a2802fe9ca98b92d9d765a6dfd4eb5916d61249bbb3ea00545b1a039370b0646797;1577;e8e83e0421306263d8c3f917524e01b1;18;12;8;13
ee566f55e9b440782f3bdef215a41816;61e146ddb162c19ad99dd524b0bb0dd6;female;23;e9040da241013a8e895fe165d6abe3f19184fad66b81b3f8cb067b7e0c584a38;fcee8bf95e8ded4c7c17823fedfebf7ada80bac904b8dbbb1e64974b2fc71f9468b5c5545973ffa5daf2512a62fa65df;43004;d47c5ff5cf341266cda62aee0a1d6960;10;9;8;12
ba0696cfcf9e019f3cfeba91aec8e77c;415f958ad4d47355ff474e114e8f20d6;female;28;272830c8987d2d9a56e68162fed15d05410b5ee18bf2c654a9d06eaa0fe947d1;5260515f4e624765658ec76f4b9fc44f8d388a9f00e04d2833942d5ed04356f7;20838;7fa2b38c4c0b3bb304a7e850e192b97d;18;14;12;7
339f12019f5af5a1549c6815b1978b66;956fc0b10e67eaca1c56ef3466df922e;male;25;9baf464c1cbabdeb3199e234d74d4cc970262412365d4ef5869ce156e7ed458e;154353657687ddb760074ca11cbd3a629e38f91b75651081022ce370da4a3241697057e5c9b7754dc83aeace460bb1da;94766;853183b534919af4a157cfda449eb78a;8;12;10;13
19ebd9209fd06f7db7f91c59a5ddc320;228b4d98b979ad53edfff2dfb8ddc66b;male;25;25ddf08bed442bf55a05ed30335dcf7efc65b6d3583ec4f1ae22fd0b1a528b13;b907bfc1975b9b19887c3d0158718863bd4e7d630a80adbd403028546895d63fb4e731653f60b73860d748095fbeac3f;54455;dbbf730af25d3194d7f68011c1d9b5ec;10;13;20;8
d76096ed7ab626fd9ecd843e5c115365;de0dd7e6b3493db7952c30a330bd49c8;male;21;08e1fd2338df1be318e872ee83c9d11ea5827940a38c16c9e28bec8d55ce7fa8;37d62aff3e8c55279e10fec34581e39035896eabfebdb44c9fa9aba8e206d76a69820ce7be59a4d5665e215c8664128a;58987;8572cd9a242f6df4ec177c3aa188fa74;9;12;12;18
469575aae64cfb59616c7100a3a3b419;743f4f0e33b8052622c59f2c66b5bfeae2e5d5b69d1909b6abed50bd8cc3b0e3;female;27;86fe42988fd86010364240434ec93b1853737e753c5d61d017a50fd681e14af8;1d4c339034866675daa23e01b727200da8de6ebac033cb0e99e67c2151b04005;24163;d3e5798aa9d13622d7d674653596c317;11;16;16;16
56f815c588b5cf04ca82b2fa67b63d82;c8b3d8ffe92e5c938d690c4e0cb9c47e;female;26;f7e09ba9515400e9868204b964ec5f5fe60a77b440dad48a8b3e9ddffa775dc9;a23217d3f443d1b39be0f8b618762c31eab3fbb6c6d261a82d0f53cb68e26d6f52d2f05a248f19fe431d5ba07e5eb410;60966;2f4a7599d8557ee8eef75e6aefcb96c0;14;18;12;9
52614b42aa75b460ce152875fc2bdbff;ac2761449f836caffeeda5b096bc523cba51e14dc92d937b70eee8e528840909;female;28;88e80ce63dacd8eec85d30d2a6baaec2babaaf42cc599b28c9f2f46c68efe78f;8ba23ec693ad1fef0b4f2e58fd4be81b48e68d8411d4239087590e3a0ec5b0c0f79602bad6e6415027034938799ce6da;73487;331ea0cc69b9c996a93de77d56a8927d;13;13;7;14
cc46652df6069ccfdfa2e91f23ed19f6;2e8caaa649379fa1a9a0fd1dcd9b3257;male;24;0d05cc1788e12fffad6d1009df3625477100947340c3c0a07e9983d7dbd06b39;420a403a2134d3dd65093fd54ccc4bc9074bf5364bab4faf21fc12ff072600926e3341f97abba9691639fdef149b85bde7b3cbfc51ec39a7402bcb8b087e4a5f;49149;a4d9a978d277c1c797506ee6e8f87f42;10;11;19;8
0dda44d5d7f4b0c4b8aca989edf6881f;e2be048366aa66e749c6c4577dbe402b2c9ae4bc33ac4451d911ba0642754d21;female;23;2775c87f5240526daf0a47bfea4bac46e85e456a3da6426438b4914d44c7fa1f;0a36b10b0da9e029481e70c3a89dffa939a2061394cf471de01b85445e43a894;62867;2440657c72aefcfa307f7c7b67286cd8;14;9;15;13
7c2224197ad64c16b66bf3737647d5fc;444c1e6ff74a9975e5db6bd3d121d701;female;24;6680a1f663cc4c5cba74ad9c428a6e47566459888d41de3cba41b3fac2597247;7f6b2cf4532af75976b6893a2f54f90752c2bd6caf670d3c1f118e6c0dbd150fc812466769249e48214f160d46cd8ef1;88587;a133d3c0a6d95274185311e1d7eb66c0;8;11;9;15
9114f6c447ebeb4af60129a966c37de0;89fb3dcc43780d90404077d987ef2bec;male;28;43b6e52146d21e931ce918bb77bf1e53e58a1928d1a34cd4991362894b3fab84;6b5cce9dd572da9b314325d586455b1d80078a4b5ba6b055c5f5e4618fdd5c7a6e5a0179f4a6e7eb0945af464bff7c24;48305;f913c3056c36b4a65be0ac72e484bd5b;15;7;18;13
a3b12b75f14668888bdc0cda68ec1c4d;0bfb11cc536998b0d06ef5a792eb673f;female;28;dafad1e2cc9c866ab892925c1833ddd25f7854fd29da6a3243b479e6764bd6f9;abef6c2a19c7a67d67f822941a9422b66cf59204c19bd30ee82c6942528e2c26b8d802ea7da1096fa75ac0678f494882;48602;ebc0d2e467a0ac6d560541aaab3e5c97;13;15;19;17
9594bf5a6a6918502e17288bc5cf858b;42542b5c72cdfc487d26a09b6d74fda1;male;23;0dd521eb0d86876a39296358acc2cfa10d314428f039e3363f0caede3764e466;770db6c598c7f15b77853f43deda18d44fd5ec8c71a9520b8904b5a033eb5a6fcae0e6383a6024cb36bb0f66e7b9be99;22337;cc9d467fcf4a76d790d8686a8378cdb6;15;20;8;14
d035818b261e986e7744013e299c7096;890ccfca09500260347df30371b23c5d;male;27;8cb2db255833f0b8eebb1060b58e29f040fba6283914caf650618fc2de595f73;fcc19142986dd800c438be20fcc3372bd78c10aadecbeddd14d67b6d1a9ece88958e76c77791375a65e751d213798604;31336;e936720a3d1146cc96d33a2037871c65;20;10;10;14
b87d0dc2cc8438ca90d13799c87d2c52;ea7532d42be87a2aebc0163fb0db2d17;female;25;63793e898a986f35ef60d6b21489e4eee0a2958b71e4897d4de4bc8d2988d03b;b34d5c4a515fdb9ef03b2827cc259dcc4a46e27dd72401552e4ea10d0acf52fca5179433ea852b9f1cd0082c0d3656b4;89562;8eaddaf197d6e8363ee3eb177fe194f7;10;9;8;8
5aecfe2a72764f23153d73974a42b59c;e4fe3b820e590deaf796493bdc95a487;female;24;c4394f594cc4c059ff25e9380cf1ad41599b3f4a8c04990de658f3a777158e89;2a2aa0ce8b5dc322edfbf2d9f17949a39d0c843831c9dd34966c27060f268a6d4715281a0d77ec6309e1d2c4f1fa46cf;11415;53b85c381bb3fe04b75940d143f58f85;7;8;20;9
7ce7f5d4ba6ea66a22818fe92f5cd766;8cb15813219d395829d987c542a6a77c;male;28;8015d6703fc08ec2d1a578c3a97d90d2069388c3ced4a05c62d974914cea4b8a;84c799df4b5b7a3755e5f869c1dd10da74a865ac31e4e4131156ca0bea3cc9e8d3703c9bbc78679916cf7b0665873801;62480;26fcf6c45498715c017ddf9c6745f132;15;16;15;15
157d9057222a1affc8c6839bc2d856ed;d5d494c6194970b377cc3d85dcd17669;male;25;9039793c372d324a8d9848a2d5a9cfc0f92bad66be59e30e65b47c81c8e2e51f;769cce5e7974d839f3ca5aed096b1935a8475ca736a21dcb170696cc2be7c19e5fab10047e782f558f83c5fa4e2b05f4;40828;f8144b4b09aa77885c102abd8252db3c;16;14;11;15
215ac7477544ec49231b2359c92162fe;d674fb3e712bc1566081d06a54ce3a89;female;27;d8dcab8400a982255c0a6b00dbebc79e913abd7d9097ae1e754d04da7d325775;8010753e87dcff9bdd4135eaaf2b6dd3a2654c3432c5e46f4058ddd2b827e97a975b640c7259db90dd567a1c8e90c720;29409;e11964dd1dc3abfa1758b4498a910fbf;12;19;8;9
542450cb10365063fd633c9451cf3467;8a2df5bbc0c754dd0a67b887775b6aeb;female;21;d3dc951525809e972b21fcfb90dc8c023cdd24c15fe60fd19e18166f4f0f659f;7cf66ab85a68c32a3476f21274e80e754bce99e1149a5aa0e25b9b39beaa55e855bcef3a584f38d0ef3d65cf1b7674db;7257;81284f441c3326e7f28df114f8a7e207;10;12;11;7
7c58b7f9112ff65e34fa6588e93f5e00;287efc45771669566d4652b5508766e8;female;19;f73aece648bc537df5d3f95b53d42108652369b5c608c528adfc1283d47abcfa;77031c29402e33e07b1a9bd9ea26bb47bfe46649df0604ce889cde37fd1db3b99d3378b2e84e783c5e1d66f352052b9b;6931;ac29795b4108fe6fed576a6b6bdc5f25;10;9;15;14
09e78bdb55933b68262e8234f381e7b9;b57301eb1f86eca49ec14e49ba59d14e;male;20;ff07b302d90cbe6144ebcfaa3959414001b9ae4eb849c2ed8f2ba81056d6ae41;493aaa654e89662aa51657b9095dc97a70927e4d521c88dea9d90547c0bcbdc877af05a5cb0698700d57592c8730447f;38518;8a9853dd4e6ad4e48f5f1f60e5e3692f;19;20;8;9
795ed119cc7d062c58a39735b2084eb1;0101feaaad4d07c7995b725c14954652;male;21;74ab77c9ed8cb1fc08628cf1d7f7febe876e004d2dbe1126d1137aa47df6c304;450f47a0482b003b1200c675744eb7ea9534cbcb6daa4b9fcff60c7ca09df6c97c5d333892ec510a87c66077ccec8fbc;39266;79d2e1e94190f8d70cd769dc810a3b74;12;17;17;11
02ed9d513478b9ab12cb77badaf674e9;d3258442d03770ae1d3b2a961a50c710;male;22;c4973235249cf41f5479f1ab01491a2124f13a53a9807b543c39120902fc94da;2734b7080deb49022e64174dc633cb1956696dc8dbc8b1dc1648c34a6a7e9018dc812f134db03f7d7bcb4aabf503da4c;93336;9de4bf8377df852c17e4e920ee21a997;12;18;15;18
ca1f34b004b9736569c4e133ec0ccf2b;78c711f263d0bd7d2f73ea4ffaef6f20;female;28;c31d666a98422181e33857070d0f66bae3c4f713434595a276e29513a7b92801;57598efabb4e3ca2ae396071b0d20bbe00ae865d358d616141ac90289b09b860ae6977e931d2e785fff1334341ca0f20;87962;78ccf3914c8f22cd7dfeef423118eb7e;20;10;16;11
ad3cc43a5895e55b5365ac278a376df5;4de5f57479ba15693d905304c9b371cd;female;26;32539d0a960daaaafbd3a2e3dc2fbd9ba50ceedf8493eb1182f609ccbddc9191;f155cf7ecffeb7df7727001fd9da5cae60bb330b051daae7bc8c5366a44a7cb3125a1ab924e58dd3cbf80f4d59bc4b089b1744587880fb347984f3984c497da7;11250;19fdadf753c48cd83bd3a410c95f2503;18;8;12;12
b0b24bdaa27970ef83a5dcd3bafeb94f;30a10384810413a69bc4c04d8c7f67e6613067acd79cd253aebab3808abd1f05;male;22;651c6ac94f235a31a9fc4a1c6a8e5c80d1f19e29988eb20ea28a9162a1598434;ab156ef752562b0fc9b42b9ba5ca0977f8d0e2d86c3cc0b97018e272a08fa7f7c8090c7deb75399219d7f76f50a65fac;81580;c76aa3b6aba2f9dc2aca5f24d7ca6462;12;16;10;18
e2ab4ffc4af98f8d0a2c5c9a1e7099a1;3f9916b5bb328c599d779e77342f51e0;female;22;651f0d72ba0eee0bfd983c67b956a1b60188b0f80a4451a1aff866bb0d3c151b;bb4f46b4af6c2625c3d28a55d1015cc5848baf439a584039eb7b0f11cd6aa4df48daf587e3b85bd8a50ea18614146a96f6f38071bfa0f6ba7b3a76affbc9ae81;79411;8ae29bb76d2571223a4dffa32285d6c8;16;17;18;12
a528a2084de98e9d15c8735f167ad73c;501015b2cbe9f3ab492935b29d29eeb1;male;26;6c3acf038fadd942202113f46e3f8f022fb78f828824ae2e8073f20f5253bf5c;5db37a4a61f630521110667a3941e45f4150647c6d01e2564dc9a04b930ff2a8;77986;24ee8f2938ff09b4d1d366f9b898a210;11;7;12;20
58d0b1777c9374c7226eb90d6db1283f;7885314b109265272c461a9b272e2b14;female;21;356b67e83beb9dc12c3488e8e6ba3ef262018aeb8070814739edd52dde485967;fc819891d44dfd5ec35be22de9247b814447cfdf2a529175683e944c7caabcd0;53396;40d87fc80478a5d6d256da7b40202b90;11;14;10;17
4fa2b1ab79cc64cd610e4d6d4bdd5ece;3e354793efec5c7fb4dc934190b1d0e6;male;19;b7513053572bf0b155313c0ae6dd1b61976cee8bf40bbacc2a349dda0cf9f338;f2d4399dd7b2fe871e52972ffcba4c41c1f43096dfcd646292fef8583269c075e470a87c46a8fceb3179bf72dd678b75;12421;1d9b31af10b16d2a64d952a5e5250b63;10;12;16;15
4e5553dc218698054287c156b09e06e4;04704e5ac3d2a37c7707d5b1f50976a6;female;20;c0b5ebb632a67d91302cb5ae8e4356b0625274752648275ad4f47597c5ebc84d;6b26d158696d7b65efaff4c3a30657951b1cb5f0c1c94d07588580e47d223816c812191d817028c660e22fed327b8b8e;28278;cfba654fe0ae5f1c79db3473bf7cd595;12;20;7;7
7c690dd7570bafed5b19960c1f86124a;355ce2d657e6b57ae1f86421a436c671;male;27;732e51f8d00c33f747d80ea02aeed0fc7c28d60fbaa748312ca651179a0e609a;2c186af42fd42c1a7c5e39028c53344a582d7a995c3144f6d824555ec2c48d3886e9ad8f8951478f82572dac8e1cfc42;79185;78b6277c07562a339f9af220796e2077;12;16;10;12
59daba213e002cd4591c614736b2ebba;4784a87155934b71049c81a2eacfb84a97bca846c5b1929d8025d7bb58da0484;female;20;a68363d5889bd10b15ca38176b5cb8a93a23feffb660f38702ec27358a8d533c;f55fd86b3d6cc41d02cbedb76bf0a6b355bfdeb00ab859b4001e6b13888a86ee0b3ea7ff747e85c229066ffc341b9efe;36444;abf32a210a412e7096b7ec2290482697;11;18;13;18
4411ae85f5617096319646581c749058;200a1a39349c63fdbd49cdfac8ea8518;female;21;9bb76e3e5fa889516ec6caf876f45eb9e2a9caa5dd70f9e9c59b466dd03613b6;10a0ed7a82c717f8e3a38ff7289df9ca323b92e83dc8fb32f783d3e2937a85029bba9dc5d9b8727a5fe880acf2f6cf28;1556;8a8344e4fb5c2166ae5cc47c5caed6ed;20;10;10;10
6e264eef23ad2dd88538f1a59fedc8b9;16687cd250e89884be008f3c0b696dbc;male;22;20e7721176444c8ed4fc420fe9559e236f254497b9bf759c1f571c4796fdb572;e5c6cd306624bf9c3c8a5c36bac5bd14fdcf92b3e5163d6c09f6463555414ebf832009412247ad82544832c611b42773;26840;787134ccd1a1f7e97830c09c3843545b;10;15;19;20
8d339a25125fedda854fd1e306769303;1386d87edaed4bb30ad44d291a14d080;male;24;eb1acf0b655229d793b6b7670bf7ef07d87b93908cda76bf9d85ca1f7e37a28c;5eb8b658fb6a394a1c5b0750df86512c6df31aa75657a944122b096dc969e6ff078422ca012e046984da25b2cf8acb7b;40548;2ff1177b0ec9fc47c1e2c76129a8ea55;11;8;7;19
f383daba9f65dd022bd4e467c5055f4d;813f6aacfc00646eb863eb709fdf96eb;male;20;77647b85b3c5be025284bfed70ff0dcc65de5cc16cdf4082a1a25a40769da127;222501603597415823d97505236c02487ec0e468bad05cfb04983752c9ee46174ce436550e64a2465882375610f953fe;82438;eea9339c3dd65c4114de83d218ebf8ef;20;10;10;16
e08a6b2dde41700cacab9c362063e3a7;9c77ffa85917e4d47b429b1ba9e4723af8895d7669bf5e36d54031049f058987;male;23;286a2a6793ad1c2aa256b84df0c2364a686f2afffdcfa16ee735c6b92ae77bde;a78e49c9150dd83e588c18320893cb9bd2b72c21d8ee06e428ffe00d8a4f14710a49ac14d8be6de611e0200abff74d88;64254;695fb158ea31acf11382ecc1f2b492ee;18;12;11;16
6dd9157ed919fe339e40069afdcdd19d;4ee07623b63e23d5dbd29cecb686900e;male;28;ff01cd439d01d581ea4bf339731f828c972954fde2e4d2a7595b9e5857a636ef;0a0e0f62c313d3e333518e1bc3f0f76bb40fe0f8b2c118cdc1fcf4df837fa9ece1fce14bd5a1b44979c95492c4edff48;53725;01c40d2183f57b3657efdf69099b7da2;19;19;16;15
3fd9479f12fe5a3233caba55dad0e462;b83e1733a0d4236bc854aef04201faca;female;27;06955a515c2f7b0bb064143b42aa92693efa0b318dad6f8af8d7ef88991308ab;182b432e98cb2ea8722eff8102d6cb3157148d882f21e5f942c603791358719123701bd36d6b34b43c1a2eb29bb4c4b3;87914;7384d7991d4d05ce204e6da408cc3574;17;10;20;9
60d621763d624b64cac2b3b6ec3c3c56;7853dd38114f0c0c33c0afeddff09f55;female;24;71550404fb2f47def3ba896986f3513a19e8ec166ad3e44ff91382dfe6ea5e9d;a32401a2a7b3c9ef4c3e29dbbd02c8b01b84c7e055f39c16e203665e83f20a7919c4bb7ee0efe2a4fdee850a139f775a;68965;de676765cd33953796dc55d0e43997a5;14;17;13;16
fd562704722c76917d2cb566251469aa;bf06ee7c54168eae6455bc8730b4c5e6;male;27;23c1ace99f7470474a079eaa20cd73b91be8b6b026d96125da42dbef5ef4a769;a7ef71f4fc2a9cac07787dfbb47438c3167528764f8eb7abd4dc3b880df76c14c41a0cc103cc426393b2d36d87349563;80732;1c1a16da286d53caed22ab66dad9b649;17;19;12;16
3f6ee149005a9e40d83d06fef20d7994;ca0c98d27313e8008ff989388e9edeb6;female;22;2547bccfdb9a9f81e25d2fa973f98189266cea7d0850fef54fc32dff366f8ac3;5ad215c133435de0ea59279c6c5d22d2db9f57cd84ea39d098de0f19ed9ab7c5dedfcb8d5dbb7bf06d2c2312953249b1;85708;de08352dfb4334a20f5b23d885e56818;14;12;10;14
c03f8f8476894e3babe41a17714ca743;a3ab40d9f54beeed682c8e936aaefa25;female;27;f2c664e133056e11a5480ef6cf6955186e3dedf9ee785650016f43744934a04b;95b27e8feae860ea80dfde842f87e4644b6fbcce8e7b24d237b53429610a6a2b13a1207f48c8b7a08193521b7754bc5b;1787;af136577e3c78a9cef52bdcd05fa1fa6;20;11;19;18
42490101057e5aec507fe4c393cd1334;aa8596855a726742d8fe8b93e29c9e4a;female;27;4ae9fb7c737ad7c58bd4d0e5f126acd315c05c94909152179d288765b33cc09f;b09fb10dca6ad02b1608286bc305dedef0aaafe9e4c9a9763cd19cf63d57a4af731d5c2a43ea48167e8d74f551d65e1d062487186217c845c883d98e467909cf;95877;6db5965883328f32f52781db035473da;16;13;12;19
8c1b0c3d90bfbc825137f5196e009038;cffdabb0c84b988cc6674667dacf2259;female;20;a4a91ac1819818f8fce45a0dda5c8deaa4edc4692f8a297068503b6ee0366b16;c1f7cc8772dad657f0ad33a537f28cb842080459a38a0e78f2e0323f8786c55a71087e4225d320e575b7aa2f565e177867f7f26fb35718fbda36aab34a4d4c35;9084;90ce14a1c7b4712b59791fb18ee40c59;11;19;10;10
a7b56dd93e8b150c625332c72b5b0c6b;c205ee430a32d67c83fa37047ee1f3cb;female;27;4137a909d3e8b928e0975fdadc7906da6dfdd2e595db1dbdb2d214872b7b377b;9a31a69696787bd50d4e00ecc60d3254547d03585ad1b1dfecfafa0cdf81cf812a2c96c96db881f2ab6fc2edd0965600;58745;609f6f2d1caac99c6dce054b70896bfa;9;8;14;19
c8b85b0aae8edf3e5a48cd39d2940446;375f561e97000b63f1005c152424f0c7;female;20;34554e8d2a1a857f24fb67c62576215c59ea7e80fb7a730fe3fdc1a5519f1ce0;98705c61795ca1d2b0fb95c8803e944a067c165e945f3bb98bef364fac62f87418a6b58f3b8354ef349cad47c0625ede;82830;b1c338a72481642aa47d4625bca70c29;14;9;19;12
62ca16d6cab3fb0aa1e88e6eb84f6323;67fb2692be8658a44952e6c6ed0df9f6;male;25;753c16a82c0f00763288b8a94b0bb8d46919315e94228bad8b6582f48e27feb7;60a9c2d91bf82184516f0ee5a76049d6b256753ff53e528d350175bfeb0b89ba02edec353ac94c905ba7cb1890cdccc764aa557a24ff9f724b94e97fd3c81f1d;17924;91b6eda57a56eac573fccbcc60004ce3;16;11;18;16
8856656599fc3c8d65359166871caf28;b8b744c9c6bbf3eb188c5dd3d42ada4c;male;25;0ba108b2c0b385c70253cb1300fec205f8299c81586fcb4cf39faa7e26529f80;9d035c493d6bcafcfa1b39184203c1bdd93d282df9fcc6f034f6897876a452ae6f950066d5d0b1b8cfafb4efc8efd845;73712;049b63f96f13afa72315c21218e23bd6;20;15;13;9
228deded175560eff53ff6ab399866ff;d6b060fa130a3850345192e9608fafd4;female;24;dcfcdaedc660625f6ee64123f9064e020d26cdd589a7375e8134f3768e0e18ab;b7c8d000d1c7c43da40cffb421da53162becc931a68f5b46f1c520f3ff7dcf5c9f8684f823e886433bc4a430f3ad6f7f;26499;5d93ca574d4a0edcdfe3acdb071a4ef6;7;7;9;7
d89167063ab244f757bcaebcb13d3dca;021dd02c5f108007c169f162349a691c;female;27;a9b596626a7dbdc9e6885a86ab15dfd6bd0220930882ea5f77a64b7c9ea2b6f8;3106b60b4b138acad30a2b669e4f3bb88cdd3410293fc87ff47464eee6e0d99171758b5876b80069985087da5fc95cf8;84308;cd8e739cc03d0298aac936236bdeafc8;20;11;12;7
b0a388f6aeab29f169a244e02bdb014b;b6efbd756a6e3a3f06e510bb21c8ad77;male;22;d167784249cdc9d6fed1969db536c14e9e5b38a318de0d3055930ad173258f5a;60fd8acbb7721da1963b88ccedeaf5082b4ce01a1413638b2b38a18e15e0fadb34e8442c2a32f5e5733ee88cffaa22c4;24758;da43f379b252e8437db65f30796fb375;11;20;14;15
4f2c4c67380e6702f3c13ede191e168a;e2e68e4dd2cba85d274d9c212e0fe469;male;27;8ebb376abd4a7f5f3e2b47fe8f5e65edec380b284790c2b954d9d21f76e83e86;0c038e7d2ff1e45c420f1da079705e878efa7d76493643179127f878452ef70b9408ec87daa1a85a0a103d73752c3f54;72604;7e199442764ab0c418dfd240859e17ca;19;19;13;11
854f807c7c4fc25e20a3b075c6996ae7;3e30682eb3f22ac082948bad3d4e1328;male;24;76793bc3ba4b42bd47640e63c28860cc795531566eb8c2753449ec94d9310a82;51f706dfa67725c376952e7f005484439078e297355a88b8f80085ddd2942d0f404250a77a08c3265ee9362ae549a533;19594;9de382f3aca0435e616834f1136ba05b;8;14;10;10
71292295120c263c91904f40d6aee7bc;fd400560f02f7947ca88060afc840652;female;19;33a1582d563cf83c7ae7250ca157a9d68db51df57857dafffb93f4db88660060;870570ad257a031a410c9fac3f9033a1ae1a9edff9b75c7c51d5b75cdef1decb;93220;c0ad8d882fa30757e1dde485545adc93;11;16;18;12
73dc13db52c969c99f45270eac6e772b;7c3fd709544ec2908a43c7f97df097ff;male;28;30b2926c74a9fbf369bafb3c5197fb952c8749071e01138ba10a23a93baafc79;b43afa439ea4f98d00bcd0747700583c3215a2a0a836972e156a137fbe7ed8e478216f7de2480fe78571f4f7612b7d87;64157;18637d6b05d3e7cfa7d9913178559b45;8;20;11;8
17d6544e221f9446ef9469e90c78649a;037560b145ee148b3fedf21b92aca7fa;female;27;f8e4a204c303ad7d459f0947482b0b4cc8d1e8d36a27a65c08bdcf337f0a12d0;3d07208cde60632093c746f142c888201873da8ce6d80f784ce6384d123ea721bdb5407d5d463dfd2c518fcf2f869de2;41157;888f7eb8e8564337e69613988ba5d7d7;16;12;9;7
f35241bd67ee6367707b3bb0cd524082;3aa8d29b045c3f055334b1d22184c722;male;19;0424f0b63303e5e47a3d729482fb2a99e8875e5165ff0f6d57d32b4c1746ffac;eab35c6d09ee0d736431cffd5a6211b5c8e8e65bb5012d18aa8e975acbfffa4eae53cb6004d232727588aed261d59737;37665;3f0e1659e2b929c8aeb66d48ef438846;20;12;10;14
dba359f4e003955ca756405bbac2536c;d072e33efc6d853888bebce01b406940;male;25;ab8f84cd42bbd528dc6a14829ddef6cc24ec9dfb46d71416cfda94461058955c;0a618c9e088175fb070b016e3a65b0a11bf8e5ced53d218c0141bb7ca11a35379335000b8e25b4eb08b963bdbdfe0186;13751;a68679783823badd0b63f19a962edade;11;11;15;17
54d5457e78c63c512393a641171cbf49;9386582433727c3c825b0409c16d9ffc;male;25;72a70c9ef10671a517bfcefe59309629952f6c8fd8d90e4ac793be5b62612cfd;c2fde50016b6ef8bcbe622686dacd93869a63eacfe91104cb2c8062a87b9c1200c710a1eb97b7d429470b190235391676340daa212390d1f58181d28dab98dad;2734;0f444dd190c11ecb727376c3df83a20a;17;19;19;15
25e2c664a671c926202a40eab1ae61ff;f0b4d457888ff60d7430d370e8ccccfe;female;22;3ae22305beaf6005515b2ca82bfaf317cabf4697cd9f23e6bc70631ce041c47d;f44e477d1b237d35da026069220a7688bf2d892618e1fd5184c9b804f574fe0917aa5fb92db7a6008f88421f8efedb10;53356;e7a873fb8601f256d6361f2e9e1e1d03;18;10;13;20
036f1468bdf2adc5ec36f2b6e2514227;9fbaaf2b78e393401d6685c15a040cd1;female;28;4832fbe825d3b4970c4a81fdff6fc6104987d2363612f2becc569dcc07324b02;02d3d3e5f912b80d241f1cff384e43a577a87544fdce4781dd15b3af5015c53b07e561804f5c8f6cbbe5117cdfeb01f5;80028;1e5a23a478038a4d41d6abcd27bc8d42;9;10;19;16
8cb2a6a1b8289331e46132cdcf27a139;1653c4618d3f606d59e0cb782588ecb0;male;25;96fd43c4e09ef3b11786df8596fb1176a217f7cef51ab9171b2ef97abdf184ce;50b0d3afa6d9e80799e923d0fdcfc003c5ae548c1d435bd35aba6d3519432136adcc27c2584df8fe2203ce9cbd571ef0;84047;84bdfe8b9e37cde9cfd7235c9873dca2;15;11;13;12
e32ae3f0a20419bb4b08f22a35592038;1b26b0133f4a301b270a7bead173e0cc;male;24;9e2852708aac06949cd6b07bfb590b7ed199d7dfa1ffe514e2508ab3c8aa4932;cadae33b1fc59c259f26ff9567027bb0059213aee7b3a817882e6f2e46fb8e3400eec7e5882452afa440960c59be2c5a;25898;86c4a20972861235cabea71c742c0378;12;10;9;19
eb5035f96e04f57b866e054cc02f6e81;91114d4e9a87de0ac384843f5458dfdc;female;19;4db21a95197498598c59939b33788be0f4bf93049f180f86512fb94f2e355de1;9ee062d7375bc53e8cdf6e40e5bf0fdfe39ec79b9390f231f3105ca8e06e2632e08c62af028981d0c3b9cec09aac148a;40319;c4d1225ee75dfeae99fb2cddd9d748d8;12;9;12;14
8f19d8a5ec198c6f95a8c2c32cd67380;6e4f0b7b8066973343535a4641220e2355acea40e642914bd1356764c61ee7b4;male;28;668d4345c0e5cb320f8c449ee4688a09b2c59f682afe6b9d98e46a78b576e665;7647874efd2383ffc89e95119c4d89add6ab80a33961b80d4965adb4a41da6741993ea0e1b30f93e41cccdddbc1b818d;33022;91a53bac86fd53cb543017aa24b45f05;20;14;10;16
04a104e06650ae959eb4db19fe08abd3;590b59b6c2db6599a6f93d889042f5321e77e7122ed4869d0ced2b80df1b394f;male;22;15ac9374c430a1aab908414385644c7016c1fcd46689980fdd53225f2fb110da;609952d6388550e0daf5faac20b2da1b75fb7f122c98889beee05eee14fda207b130b730fbb8e5fbf8b367f7c16e2cb6;8463;9a6c26948d1528330ef9b43ebd298e1d;15;10;14;14
112e5fd7aecf4429c501b18b1514e270;a76b14189f950a75c8df737c2d2aaab6;female;23;6c4cea6941139fbe9285c60ba5b80a2df6ce261aa9ff97e649839bcc4f1dd512;841863c269c7dfd8ec655f6603c513c73d92e85c293826866229d9c15157424b034b5b20c0c06fbc800d42f0ff46ecc1;39012;7184ac8fab487999f6894c262d93a33f;20;9;20;18
60c6785694e90a9a43cd530df2748161;c455b73a85bc3e07dab4e93ac8eab063;female;23;c5bdcdaa5354c57d39d1c0b51a2739d8b3377576735ddc9f0765233f9fd9e7c4;fe3c93cc9a30a3155452209c5c7544a1d3170df4d76e2991165d2de18e3322462a8e3ef925e2bd07284a829376c9e032;17547;20d654171a1c67b077e1ccc72bb6ca46;7;9;7;11
e5ed18f2a66772908a3c26e91702cbd3;f34b76a7a4766b74a0d3c24c2108afdb;male;20;9cd4ff74ad006aec30fb74090cf643bf790f28669aa0d10bac01713d7b10b301;af3b7968290912ccf2ae3927cf4bbd08459ec1b3c5dcc8935e570473df0ef3f4f3a11c919f37dce72625994d349cc91c;2971;d490b5069c976f7abe96f22c8651fe4d;8;12;14;19
2b2b31259e271bbb8f3cb821160e4748;30cccdbd008861d876d7402b0e2431db;male;23;02217213ae00731d1d4b3ac9658d780097a8e7fc06209677c686bcf1b19f4e2b;658ba2ce5457d764a4d3d64c8cf6822bb3c89a8ce115a20ee5f0fe910b7b2cc0f7d5ea1faddea4445f6c65743e9f178a;69493;4f17f71702e8cec18020ce3d9d88e06d;11;15;10;15
038dca08d115987abf0f486f4fbee3ce;53980d770c3770f1e795f28f17cb969dfd79f7980a7c1247004edc96c038686e;female;22;eb623ca25f912984279559c952dd89d65e2a89aa8651095319165dfc6b1089f6;e27719036e10d630243a3e9d1b039cab10e250b402872538dbcd19736d4658e7ad41df526c24e4f59285da254c40472f;2778;adab3f3656bec250a125b5a8fbc7bcbb;16;18;16;20
75906822655d23c3b5ce8b89e30f2124;519c2fb31234e5bea226f9764267541e;male;23;eac18ce8f67b2dcaf4dbcc3c6de411df29deb14b255dd51f97e598ce51e4e5e3;0c48bdd0e8e403164e1733209e5a3c841598c989fe0cf9c8519b237ca33dc87d0fd1d8d642b4fbf68827bb328fa8ddc8;81315;d9443099b0988782d17336aa0869cae2;19;9;19;19
897601bde911f9d3a051be5f517147b4;f37fe47ce2f10c36a17f4d6f9fccdd1b;female;28;fbf4d7f5b2568717515ac82690edde90ad0ed90476919dbc8df84a9a9d8f4443;af8f089220d6261c520c27ec728a79ebfda90542b4f17b5f2849cbb9d0e355a8db0fef34e46b71dd5d7cc16a3d9afda4beac95650a2905f9361b9629490ae377;49942;aa9308629f3488be03ea06bd07462be1;7;12;19;9
f941f491996ae8224bb302d6059a418b;a4b3fa7fcdfd6568b1709b48938f1d0b;female;28;4e570561f077c3fec89f9ff794ff18ce9264e53220ebc9f711f9d62afaebd825;89cafc4225bc95205a9f557be828b18b2e18e62bc35bea2e9ea466b82ee156db2ad808a753a5cab0d2057e84f327fe3f;26739;caa427237dbfc97fe2a18a127841ae20;18;15;13;17
79c682bc8bfa1cda628b0aa6fd170ad5;c9df5492e31534bbda33b34f7e4d8e56;male;21;d572dcd7521ae2232b744777a77aa5baf3a7c42cc6a9a5d9e53c2cba78b62609;4e856f786fbb1023f698fc066d72d603471fb51a3656bd3e15cdb25630bbd68334f8bf2bf5dcd7deb6daa71b5b586dae;33260;29e26258a930f25ecc568067b5b300db;12;9;8;7
e759b5866fca2507d5b3f2379271bab2;a957952081f0109a333979f79fc36bb7;male;25;f989e336bedbc30f107e3b94a74134e0a1c915cc4cc9e4f27e74b26a7d6bbc4c;2dc0012882a3404b77fc6ba54f8d78067f31b32e4db0378a4086bc1c611c4f46ebbd3c4dc88e581674e63db9d21d1f40;14437;6b74b0de2dd48d1f963c2df0809caf67;7;16;19;18
50c08294ffe1d248b934c0819e8d1c13;335561e284b2f3550e67d2f19ba57876;male;27;6cc8bcf763cda8d713ddf3e80589dd540f24fe66e277fdffc6aac0766a3373af;d69146f6399252c2243ccf595372e2d441fdce5c641d09195ea0f82b58f932c41c7d5ed81cfd0cdeb91a5a877acfc46d;80523;cbece3fb8c5a0540174e3b4d9ec3ed50;13;10;16;11
cdb5b579e3a1e669a112a113776bdb04;4a29af6f456aed94d1d62b153622842b;male;27;33fea59d940f9ec029fdb73dd9b4a8531d7f1ad0d147c92bfe8e7e0f302ed9cb;5278be3d2914f540e329dd2514d24794d2bb3ef2d3b9a0eb5d61c35c171840988fc6860ad17d30d577faee0ec2777e7a;95522;0c46a2d6c62853b61dfc9024cc4d9a70;16;8;16;13
caf444b9a2423b3edcc338c9d7ba0c36;a16ff9b2d44f1fa48bbf155d3efe16ea;female;21;619c3db5b9b40379fbdad14afe075407fb5433c4b5bffbdfc775eb3a11bf6cf7;c9021bdeae646f7988ba9243d381b3e106656cd7100bdcf86b9c13ab962f1319d73841f162997e50ef3a55da6a10371e;48378;4841d8083553afa78b1e3400091c9b24;11;18;9;16
c13cd758649e8798147fcb7ecc1c83f2;35b2d3e6d074fd38fff0575ed2c52681;male;24;78807dfbff27b4c5fc546f98dc28ba7e0bc14a320afc0a43fc1f829a26b649c8;44cf3d9a921dd02c3c44886125830005b351b8526cb79c39416ad6d34897c155937f7041a73181fe2ce6273ee4ef1fc6;17683;ee4cc6cbc490234226f5948d369ddcda;9;8;12;16
6f136e6bc8caa85f0405e177383aa452;ceb13ab4630d657604ecc45b7ab76fd9;male;20;dfdee2e478f0c68d5516879db65a9c00187a273ee2eed815e03d9316abc48610;d25374b7f1f5289873de00a491933c98fa8e163e3ba95401601627c58119296b55ac6174ead2903fbce039c3315efdc4;19380;2d9f8c902684bcaac7b9bfaee571dcf3;8;17;19;16
3a7d2285f1e73b6bc19034ef4d226e5b;cb1eab7ceb87a0ebd2d3fe2a0f7e27e0;male;23;9e44f3751aaa3216c4d6d63542793ad55b6b765505ff24fe2547254a903fad42;eea294f5bb3e8bae03febcbb82f355514a7eae0417678d2a12eef38ca7cbc1f022fa077a12c0711e65e3d7bd0d34f86f;3372;134c92ba745b91d61e053ef3d83046a8;12;18;8;16
7a1bdad42f2f51c4fe9d308a6e45f9a0;3aec629d014030b7811b4f4ebc0ae5e9;male;28;135bd6726c22c457f045b284c0ce6bc977b4df855fea49a4f2f25d5e7f103d50;7d7d1bed2a5aff5090fc40ceea24aadf93b1006fdd33b7dc8c1553efc1e03ebe5f3bde2ca21ed9fe7023f4ebbc9131bd;66798;e46159b7f24edcc4b4806e685c740414;18;13;7;8
9c164fdcdd7fd122e1c43599590e0950;9089d1cdebdc7e7842ff1bd92dec9468;female;25;47d51c9ccfd26a77e93d8e8da94b2024af7c7033ba842e3c95e115bf8d0993ae;a13aca3e595b77241ec413aa44d8e23ffb3e37881ca10a9832301e2364eb3c3b;26721;acd651451516f6f0ae2f7bb41be7aff0;7;20;16;11
15f5d2e690e7f3aea00558e30c02ac02;c12586a973a34467e4fcc1b6bac14b7f;male;28;783376efc2a02d83c3a7199eec4bb6276986ad3dc8ecc5bf64b2da83205b619b;ba843392b2145be71348d7da5713ae70ac305c5ddf44290603f27f438a2d6f1075ad6b20a9ab5a6c2be63ee4c771869c;97067;96e9b64ed3f7af76b324f9b56c769d11;20;20;16;18
08b64fd1f73de256e87fd112f3d04eea;f338a2ae0b7f36bc0f6d5178854a9600;female;21;8b1bbc3be7fbea2c765cf65ca9630fc8382978b42bffe0fec2dbf625b3b839f6;60ebb55155e953f1607901c456324ac3a89f33f5596326423a6613f4a2238d338d95b659890ff120e42555439620f612;12679;c6869759ca9911668b128c8c8398a2ae;15;15;17;19
84a962a53b3dbef94ff3524a5be1d318;265ea272bda7cd5e96d4bfbcf54bd1c4;female;23;d38fde81c8f710b74da99b1e0661291d906e615ec00885b0a73fb72b27a8592f;1eb07db5e690c4096cff962a99ec4790da4e49e25c620fee72b1aa5fcc31e872c65e7ec80c87c87ec04007528da9dde0;54839;17fbf77e6503399a771d8985c9398e18;13;16;17;12
2991ffbe3c38f8dd92e7144e4a025b2f;dd87d8ee4c68c209a49b771252386265;male;27;8da633e2dfdcde897b7a6635bf364ff896ce03172769109821ac0007793957d1;b556d2e8b81470fe19f4ff401bc26eed122ee10d0df6b9cc4494bd912f3b0c89b0fe30d77e4ee735c833a4b0087c19c9;86416;dc3ae9999e317e7e3285c63a2537a05e;18;15;20;10
7055ac10e413d32d4f75b6e129e4e987;82b19d2e28f5258340b8b009ef1844b5;female;22;ae569233a0ff6003c3daedfea6060ba2a5363eccc302a9d0f4e74582adfa4b16;410668ada865650096604d79e1c6235e0a4f5e2c264c1bd557cf2b2173d8f32098680fe003783fda9545358ff1fc77a6;28950;6a577e347a0dcfdcd6af2627c3a7bfa5;16;18;19;16
f1e0473166f6273b30107017711fbfcb;2d2ee76da7aceafafee04db81c6cf6b7;female;21;06cb63064c209978fa8e6bb1a1e421e0d74e11b2df077259500b74bfe63769d9;3ed89dd50a744849a212a424326dc32266982d0f9d72d7e5910e8b9478a5e83fae286d5cd63942b2d844aa6d2097cb3b;86147;3bd17e76a4c0ccf935b1e01f73030c3c;17;15;15;18
41fc23204fb1db134a8c6b556ae9e892;2069b4ee197f3637093941a965adcae0;male;26;c98c5d7c4fdf58066b3e22ecf7e60157f36cdf5bfe9e367b44af1e3ed65cdbde;1fd1d50460edb9063e75ceb649fda7e2aa7509ddfcc410c1d0e91d547a21f94899210ff5e3122b6ee58fb25da4353f0b;66319;02f7231939ee02c8b9a28a5826f893c8;11;14;19;8
931a89f18da3308ef1471ce375d675fd;f9a41b07fc678a94705b97e6d6e1d9f3;male;23;0ce3d9db5a880d5eeb5b9e68a052ba7d317e9f6f93f985afd04f95a5d684bc70;4ff6a8a6b96bc6f50d57cd19addc1397362c91b3fdae8e26daf86c1b7fb7677a7bc87ce3f1e39ea74988ad3ccd5d0d22;39250;a76dcffecd789bb239f87f83545b8308;9;17;18;7
2540a3802b63b54c12758ba631f8e8c1;b5f0581ce991fdbf12340e8577c4b4ca;male;23;d3ff7d3d7a0f80b93c2fde7362788912382afb247f860b30c940ada5968dae01;d138901f165c3d546cc33284056382fe413cf2703f8d5ddd5bee8adf146e28171186e4aaa0848c2c750b9e6ea39a6d4a;64331;8794daa3b3cbc1e859846604928d62b1;13;14;17;9
a1febd046710760401ce9c319713db7c;e176169c6b141d44e448110b7155e55b;male;22;2afa78d9e0533b9b772ae24308b8e2980238162b934b10ce2ce3bbd1d92be43b;b3227a2504fbde5b46c0ad7f7d21eef07b34e2fcc90bff7512afee0d7dbdb7c3479f1cb03c5866b05ea76bad3d8c80eb;51541;d90dfd5e551bf83f6686fef276e01638;16;12;18;17
fb5243d83c1a34b874d5a5ec940f40fc;51aa8ab342dbc5960781d30f24c24ddd;male;20;19985dea20e2e695f4732473cd2db8db274f1bd420da0bd5aa85accca2ead80a;86c4cf685689342e7c54d7f09a2acac674e53b6c0ab2d401a197fce7dadf7f26834ed40ecbedbe3ed81388242ae055e1;53112;381258ae239b4a139a767a0723022e3a;10;13;10;16
18ecca5d5d8a0344476be31c2af63e94;09592e28afd7a27763966ce44f4f7796;female;24;8a40d4af05fd4361848209475ac4c9a516c2a0784694a7c098545803ed39208c;ce4b6099c6ad6e649a24158bd0e6d8ee6006ded4e30fe8a8ee789890184736e948a0ba534033a8a769cf580bc4bde6f0;63229;0579b6cc707afc9159b045b4836feff7;20;19;9;12
b03cb633f4e77e8dda20c5959c3fe9e9;b181c2608a9607be0dbd4e9bd7db066e;male;21;658a13731cfb3ef0be9f51e9d7aad295a36a28ef21a611dcd40a0d8834bd89c1;6f063005281895bfb60e33e5878785609a6b0a0f3016177fd344cfb02802408a316166abc60f96dfbf4878a9487c769cfd5b7f1cac7d0ffb156db5fb2001b0fc;6153;dc53fce44047fe6a137d71f2871ad741;12;20;12;19
5eec6ba5c8e30261eedc3962e855d5c5;b4ad768b55f76a540785a9dc6aa41e44;male;20;5e49091976ee91d45996fcdf4c2fb1cf41c23343fac5b0e010853200c1ce9f49;23492e37639de4e243762f8062ee2433385cef0a3104aeec2e74a123cfdba8e46fb36cba6ba7d29d5ddb45ddb82c69b3;10324;5f4b552421afc91507b04f17c61b0cde;7;20;9;19
6873e3e121c730b07d40360b4aef2507;ba42ee846761da3335832b5963027b65;male;22;ad0cd009031d9e240504d75a7f05a271fb548f704626408d5b20a61e02812a94;d4bb66ad6da339e90b1ef0fd7c5324ddcee7971ddb158a10c0ce24e8cb5ee37b5e2f5c5b27202181ed1596b724dcd1fd;1618;09202c8f480e810f081644d9a6a9c0d3;20;12;20;9
a419c7dac886abe7e6d838e6e2fb4b74;72b4946cababce9b817e0a528a4d9d83;female;26;823bf17867c2df4112dc8c1165bdc0d94e5ea124927728365e53f403c671d9fa;f0b6c40e6c93e2d0af1acda5c67e9e1168d1b12bbb555a070c877ac76dd22a86;8498;e97ba2641feb74e4d93fc19512b861bb;7;12;19;7
cf75e2b31ed8957e6d19712264c46447;fc97596e80b47c6701174a228a7f4b6f;female;19;533d654eb709e8aa85b36b28862f394f0cd0450f1cd91072ff3edd6e683fd36c;3cb6505ba63ca86bd63f4df9c643c98c957b8894e13af71354a7bdff74feb1f274721b28fb6c99bb4bc567d25995c61a;99576;92880a20b44205674f65b20b7604aca3;8;16;14;18
edc73e923bac6dd800f1d5c143119673;c34366e56650fa029f2d59fc1bb17548;male;24;2e2454ffc7bcc31aed296ac3ae221f8fd80d594fd9a88f281a5dd89f31522557;fb3c9ba8488fdd3c97fa545850b1c8117fa604f306d11eae10cf9853c4c1b47557119dd00d712d34b530a31e74499b61;39141;52b351308473a76f68662f51e74947f9;7;7;9;9
e2d4668897250ff88ab338cb51f85e4b;4949a63bcd8d9786746e030bba9fb502;male;24;df15a419e4dabf00ca0ef54ab27f221bff5d775ad832e693cff7d8f112baec5a;46d7d998706114aa02e95f848f3890479984b1e12c58f3ec330eedf7ae29eb3fa007d3e44f7591f2e7e6b037afdcf130;70204;0101345be27fdb9ae340568e5b3bf058;10;12;12;16
55e70ced0f511e63b345a18a54822891;64aaebd8fdb5942774229c9beb7441d3;male;25;8a3dea65b197cbc43a90bcbd741928e030ccbd31e64fc984b9a1e1ea54e99cfc;f256fbd4c24481e31c8b32b84b61f901378cba30c9d74c9e8deab5f4ec16d04f65a2e7534fa21539d44b7c8401a568a8;15176;78dc92d367dc4b5dab08db24e86618c7;19;15;19;19
eff8ba489a4e8ad6abe35374b44e7167;2a5a49997359bce5f8d0390375830c71b69b731ddf6023137dcce21363ae226d;female;20;265742e775722566e39315ed644ded24166a3939ea3f59e69f2b5cb8d7f6a20d;ed886f9e9b50fa7a35dfa4c97c3023b19590ae6279470de8252290944c8f665111eda25acc08e737042955e231eba4bc;49706;2288ab59dc4b1f4441cab547e64314d1;11;18;14;13
10523ccdd42a60a737bd0d3466c0b0fb;06365aea994c07abbbf5a8b36fd54757;female;19;ec1316eb31ba73eb0f8c35234ab5398bd8d75e27e2be24ae1f945c11b7dac43a;01b96a392df5259081a12c76976b81976a8cf599fb1dfd3380363fa902095c45e9487ee1280777dc9ea7ebce5dd18d4e;57970;d2be8d2ed8221643a91b5c7af6c800e0;15;20;9;9
ac64498c8d59b970e5920f529b917e3b;87615ab8635dc25453c50509206fab6a;male;22;d6d42c5b9b9b8d5f9d81eb58177337bd4d825ff79f8f844e6d4d678cd5c9b492;de22b026bc77751a80f93d5386491e2174bbd24eb57c3bb8b15ac414735e14522099c7f035a2b5d0f8a0049e0db12852b128f620e4e03086acb03a2df4cd92c9;45194;a8dc7c8644192320fa33657d3d96084a;10;19;11;8
bde94b330268fa7b6c747b7009d67419;54819e2fa30456c9a02ec7803e718a77;male;27;a075aba9f68b2edb745ff42a989ec7f21876372d6319a18cbc6b0f36efefdcae;203d6433ee199d2a8df61366d1c1b40439c222cfa3cb905d4d98273b15af55b851289c38b69fd73e634da9ad1bd7c512;43108;e0086fcf109b56c05187be610b7a75a9;20;16;7;17
2dac2b367a110487690b5bd8ebbfd672;4827b2c071f1cc166f7b48f992735ae6;female;26;acea1934556829b6ec06d256afd5b5ad781e28dbb2dc54d4c4fd36046a917f7b;97b952dc0ac8084f4f9d7168ba233964692b251d971d89008440b409ac7737ce4446b6388ca9882238488fb0cd599769;80483;7ebea646aea420356f193572f585c5d7;7;16;11;17
28b99d90ecc938b4238967759de594cc;0ab22a551b89247eebad6cc73b2be5a7;female;26;89434b4969459e7c45c2f06e6f0a4003ed813eb6612cc81ad7c598b7d54f14d8;e8b19a8ce172e7824d1f0cb941790a30c44907f971c11512f183d000427b4c8a979f6cea30dd65c70bffda6ce42f255c;48756;ac0e59862cdea9c148f5af17f0142670;11;9;7;13
233142fa9f14cf4994432390526ec4e8;f8a15bb90e39ee662b8993478de907d4;male;27;2293ea814baf60c0c0c922120b3d1ad0b82d292da9cfc67f28ce1f50c740d0e5;b970138aac6a78de55087a2bbb4d99458e4f6c55fd380a2f1f58c1459e3578a58d3bdf20eb538bba552b4d6f26e1e0e6;16411;a03c965ec63191970501bfb50589d919;10;8;12;14
3039cdb42618548d54c6e9c10d558e56;e72360df8f8fe01d7e11dd6a8e278bfc;male;23;c02f5018bad9f55cd995d8701aa1efb0879df0a5ddd49d2f053cf86a3299c4b9;5f90c0b287eb4f28cc34c0617c2e6c7d2e7b91374e27798b56503cc0aac747e1bef02f8680a12e2291ff642d876d9530;56811;c1a841f49ae28785448f3eaf9ec9995c;19;10;20;18
518a8fb35771c45b9ea95ca173d22e16;d891be761bb3d7a102138ca733d192a32575ec1fd68d8dacd073166094749156;male;27;0fc44eb7ce5a929190e422aa9f31d9c3ddd851ff19c48d3d1beabf02645e4993;710ee31a1f6e231389e19afe6f59305214f7f89f15254252e0bf9978f0451e8f734464629d45f2ba017c9f50b701402a;56081;8f8fff8e8f7a264590ac4a1d2b4836f4;11;9;10;9
b1f11f2978661d06072dd8a57fe808fe;d34b3269e63ae9c85cad6f06d8cad09a;male;22;4cf0ee58569d8e410cd289c1de05c233a7df7c8b081af0af6652c4279e56339c;3c4d746b62a501261f90c3191fc5f83f79437a44cceeea7d53823111c1e72f598170fbcc82465a8a5fedb8ebb6b00b87;42434;39a3244b175d18ed6cf592325c815119;17;9;9;18
4d126c377cdcf9d0d84ed26cd561b7b4;520211e172cbae822640afca41c1718a;male;28;b43a87ad246e4001c026cc470e70c2982ef52370169fbb626b960de857ecf4ab;7bf24a69911e252c00d38f8ecc2f5a67a092cfaef3882d5f568d55e11933b02a;69193;d3b23bd2197e9cd64473787e86aec8e6;14;20;18;10
ec2adf4538da1170777ecdbf31fe8611;2f712609d888920a1ebe71ffaa81d462;male;23;97a7d004b25a6750239e24d0e7ff202468228bcbeb289088489d30f515faea0b;41bce5e59fff2a7cab952972ee5e90247fea3c9ddc5cea0d111c434867ccd022b66e8d0a3ca1e096cbd75341da79dfa0;93178;61c1b023b9294fd871665595a292b5db;16;12;16;18
220775f8bce196b02b4e2763fb75163a;37c4b2d0b70002c09c63b14b26892309;male;23;afa5cd1fdb23c65d546678cdc5eb893a5bf9f7c42c59660922d7d061499aff59;93d65e5fb79dabaf38caf071a06a765ec52b4ea989add1a4f33321b01bc543d7844d79bf3c1afcdbb1e549c2e3d60c94;14348;32a92b81a8532c49391e87c285f662fa;14;15;20;16
b2a528f01a8b0ceff7e59b15bded1c38;5f11564163ae3e101149fa9d5e23784f;female;21;e822ae50a52dc0a2e480f6cc044e3e4363b10b9a2d7c18391ce5f5b1c21a1f20;53506f6eee61dbd9c0b72e79976f3253ec6df9fc9c233f634cbbf4adda74c59a8e87d30319854bd10c7f73085f29dba8;82366;ddca853c4d9bcd947b0a2a96cc923475;15;18;11;10
20792accc09939d8d10e294c239c7c95;ca06294de1c744f85120e037743cfdb1;female;28;0dda3cb935b2e727167872a94084c3be0daec0139f8b050ef61447d31b85770c;eaac2293bdd89089456ded062717b05b3979a083903b94662ec5a0afe1e37814da8cd022f90ff1ec580ce33bb1e365a6;62901;09ade78c364dd5cd1af9bbd19b468155;7;17;9;8
fc76e7f6c428edff6eeadb030229b749;4a96f6e2ff302cd3c52b1b580f68ad97;male;24;a70eeee131ed9eeaa36a2befd75875d1d62f1b892840e807e592928e2cf39d3a;c792682efde9d4e147a8908511e494db816367ffad801f9fa6b6d20dd9b4b8fc0210732944d7a6a62597380935b23721;8192;f29479c867a54519be7ea07f9fe70296;16;19;14;8
36caf9b2a9ca05e1eae352342ea3ed7d;a7dc3f7c2b749889ea5d69862ceb3b2b;male;19;742fdede3d1cc398fa3949548d536a392914877b5cb94702b8527a891407ba2d;3528ef9e31a9cacf4210c764cb401a6a739d193f87c32436f423aa9d90d0ff098e14fb55def596f3ca08169e6f3d23f5df1b8b57d3966a2c316a812f477c782c;59201;849ce1c1f777c9554e61b4d2800d3aa4;7;12;14;17
74810758e464a89cc842e046026f9f43;2d84b2902f730dfa3b67d713c2d519bd;male;20;8a359f244de7bcea4e6cbe9fc7625c938da84b4df0d09869d4860acec4b88f8f;d2ab23c2429b66e642c68466257bb0aee44f42224b02585e1b15e89de65e64b1399c3ceca625cc76593c62403bcb6b4f;22280;8994b3bc8662610a3ba974a0ed7304ff;12;14;18;9
0382684a54dba590d120734d5198cc88;7ea68bd94a4f863f06b384c629f14529;male;19;ba976cc6920dc3cdcbe53afb48dcc69953c9efb70a7ba73cb1911efe0ccca144;20b27446e3d3ed975b12c4095d014e5118a78126e7f67106d1cdd591bf764a3cfd408fdf7a8c820e8ca1020da5b1c8769386af9dd0299b5f07f99151086c7bbd;29512;981a4db825fea093af80bb9032c64e18;15;11;9;13
c2ffd95b6022ebd75657b134c153d2f7;dafe4932da29abd8f2dd98b215d0410d;female;24;a91788fa0fca8b572992172b003ed481924d15fd6446490015901712578bffe7;286dd3121fa855e5f60e8a165247e72de81f6869baf065d2fb4c37a8e1618fd05b5edeb95187892482311446f27adcf9;79566;951876166218e64e690d6f88f8264d84;8;7;9;18
69a50fe2ec102f1156c273630058aaba;7998bae1947101a6508508e2b0f3b9ad;female;28;29c36b940be9878c629e6150bea30bc283c41ccd04ddd6d1c73d80e7b75117bc;2f1da69a03a89c986252852590e47897d7973ae74ba78a7b3a9810b79968ef3dca64dc0c2bf75a0d800ed07eca89f629;98179;d8dd2b6ff28b223399f9bc1f14c7ff01;13;9;15;12
bb33c122e27c03ecbb1c6cb4840140fb;74aaf64f7bb13883a8cf36d4ce2660469630e8aa5eaf826a49587d605c334ad4;male;20;3785c416b062f2f15da047a031a1637cb07195439e7650d8b7cfbf78a5f66803;8e9472c828fcdb3d707c4876b07acf3dce53a3ace968c35c757c67ece20c36788ab2694307452537c9ed362843c278bc;87624;f323ca8000f7948684fed8b50d172c94;20;18;9;9
bae2d3706b6a9d42cc5fb7d1ce0da9d6;fa90a8bd40c305d1abec960f8dfe6ef8a88f6676a0f16604c8386b96d29f8353;male;26;879012b45bbc9d094d8b04507b3b56ad6de3e404a2cd5505864b7840a7f5c419;3b0ef3af6977a9c5e2a41b93ac5463bbc21f73784f93933fc4d002053c57ebe24843095b946f00c73066411d73e03655;70460;4c2c74388f3b4bc4e9672659f8ba53a8;19;12;20;18
cecba1b5ba79712d8b88d246d4c0f502;07a9193a3fa98ae9803faa53498e1cba;male;24;482b81ca53757f20cf13bcca513cdf6349242bade060b96153ad725a74c85882;bd3d44355b1fae5ad8c7296c260ce2ee1a9205731b0a588f8fb2204fe51e7528c964144ff76816ccb242f727216e0837;80748;b10b6b328be5175f9740d146ce2ed185;9;10;20;16
08aec234fb7d81726ba46aa5ec8e09f2;313e0999cd2bee894c37afeccc3fbd14;male;24;6d1f626804b1d30917fb40a82760651790aef9a28aa4f6c7b7cfea1702c72fb6;8a50f31d3401ad0146d449704e2ff77192a61523e3d871f7eadfccac3903460940c08d0152cf386349421a919262ecc5;43375;c7bfc7588f9df6a311463e62dafac27a;14;12;9;9
d43935bfdc759e82436e2f86a637657c;8fad6b2442e9a71071fa9d5656b2091b;female;27;b53543fdfbe298bc774674c5a3395cb2947493c3bb0afd436601847339ab1ac6;6308a151270be02905cbb81a3b5ad58aa2f341a2d0884c082a5b7df84341084c295c652cd1b6bba201f1d5fa30e18343;39107;75b0f4b787dc927d4acb8a214dc2c172;14;8;10;8
bacf16ae151e0d54eb4006d8029f7118;92bfbb1ff07471a81231a19c1c73714e;male;25;c910c3d1df23edffea0ca22b562833491ff234417b8ac09c432973b0f026f01e;7bfca98f98cf343ed1b20efa905b94a622fae72b3bef5608225e3424d102675af1a9be273baf67d02999c3c15739c13b;19516;6bb5e92ef3f18e9b969d4e0fae04f577;18;19;7;17
204aa8ef35bfe992ab6c721c4f161d59;41614a1ce99721cd81cdf11f3ec8b9b7;male;27;6eff7b8aec663a07583909facd5f918afb926d6758c980e5737a4fbc34a2dbf5;e34a56b5276f09a55c7ceee42f99addfa5fb7178dfcda79f2b2d20d2294440e7f4ad409932ed00d951ac800e9a89fdb8;8157;c57c5876570bd4fce6ef07d3feea85f2;7;7;20;17
eba572cf9201f4cbf19a2971cc621a94;0402bd5f6af3bbc6f8af89094c54506a;male;27;12607fbeee02519cf49ad3a6e0c24d9f79463334bfc3b4eed733d72ee95e422c;0f13d7f55c77274df392d4374fa31ce9de4082cc952f4d204e1decbf7b5ef217;29671;ec034fe736a8f40d5f1a01cee5b1c1af;10;10;14;8
eb477986ab515128113f36c9dd1be436;b065fa02f15ad0913e6f7a5593378ef8;female;20;2579654042f093481e626e3607c0b7d267c4c21784477891ade9ac2ca92a086e;fdffcbb630e9a47ec5f4a81e5776000d653fb4b216c3f56a69c7d351ea445dde80c6ac070c8930c39d5f2e81f74bbde149287d9445f7f9f2f024e018c58104ee;50104;43162791f40a7fcb62b7f0d18fdd2523;20;20;8;10
a73c17421083a1ba4c6f12d4f1906651;fc132c6e1baf8aa89ab0b365e64a75c0;female;27;c1b1e0bc8219d25ab842204c0af539715be5036a68f225366c01196515341296;340a5aee07e61c4b0260d095348a36b3d8bb5d8e82722a6d50c817ab44212a6825d1fa250b4b945596d0ff7d31984a17;47582;0a95b9d961e44553d5e59282e546b1ec;9;20;15;18
a2f9b5dbdd501af4b0f823f9c4ff2ec2;24429827f874363c9cbfeb6fcc3359e6;male;27;c36666881853875d9bf7ec7fd8b147d0284ddba4160b6884734df870f98a548b;6ea806760980960a80288414cdc71b18ef7df949c86b83ca6a64e8a22053447d0a5837abd09bf1b9e1e1c428fc8ddc93;10050;788831dfddbd3bf2fb7f7cdd6457d115;16;7;8;9
8d3f9365a90f40362de005c9e0ea55d8;9b9a76c614982219228964673a0407295a823c53cfb80e0ff55f46739377d8d0;male;24;fa03a49a92a10f3c4b8bc2e81732db6c5c038b7eddcaea042c97da542fa89600;bb8bc65fc29e5628f575867fed2455012de3eaf3066260cb94fbed7c7db2b71d31bb4014075c4492d8523346d5968a57;20398;3f2656ce4730f87f0b53f931d951ec8a;18;11;11;9
d2aff1a2549dc4b15d24854ca1c73337;4afd1fc3eee74c4c3ace30b99165a048;female;20;23a0d5e1689eb082213b4fcb1690ee39a6760a5c55b74d8a05eff9222413a5f9;cf70a3c9b565cfe0a1dca7c67335708466697ae4d69f8ee1d01d2c4806464d95530f526c0bb2285af2e3c72242db04f87e128f25b515d15a59a98017017a6e6c;65518;82e045e4a46eaabfdca3d930c0ebcac4;16;7;9;20
6e0d4b0bcd044093717ba3ed1595ae45;a572f775b1a09d913c96b6e37c8559c0;male;22;669d3dbdb5ed4449cc36a674fb8cf4510c0d9b14232f88c6b5a295201ef06e7d;96901b99ff7fe173bf5e6314382b10f8bf409594063302a82d593cae684a48ece73a315bfe6dc222204c9c17a58e7a3ea6644d01d846695da62553d643aed935;65976;e568b14f4b81236538b7f7aa508f9a63;9;17;20;19
92f6db57577a8ae3129119a5127ead7f;eb78396a8885528a066097209a4142f6;female;23;dff80423b16b2060d01beb79995650eb7a27db4fa6609a3e9f00cb8f0c561ab2;0e793d99d58da467174cc6f53cbdea69af5e615c674909d020f852311550585a23ac3a2b69cd5749915b668c7f8072fe1300bf86ea249a1f098418844b2cf5d9;32181;f6df54053ac5b3ea1406a882acc98c90;19;17;8;14
03486e448616be4829b8030f04e42b7e;41a73cd4724e3409ba3c5168e0140ca2;female;26;1d51289d5b45565e8410b6f565ad80021b2f482f9a6dc72a9fdfbcac56166108;e8e7bebd6569a35e045bdfa0937499e06cbcff4becaf881699d00595be56ea8901af6cc17f8d45295b54741fb1301dfb;14786;f5066ac8a47d3c23abb02d012259e073;19;11;13;8
efd71135fc60f9fabd28c87bde9bedbb;168657b73c2518db7964392cb3f96980;female;19;1bc2749a480a87e3c87ac8805807d888245d44eed8281352d1c5b745486b6c14;ff09b9f2a42f37ee29393b4b1a153cb1fca1cd94c588eb865cb2c9e7abb132e47e9b00ccb16dcfb26815dd660bca61ec;87173;fca923d0e3e4ac47aa53fecf5b0e5e28;11;19;7;11
d80d8ccd4bd4b5f0fa38ee236e2179e0;681f6ed131e1571bc50e531d515adcb2;female;22;a97d8d81eea20468c608e2fbe1b892e7f9ec788e11a47c0f96e1c4e2e0a54ea0;f0450714b36a10813c0d66c85f58f89d7a8af280073fd7f3a58f8f778bf328da9505a8e86fe391ef2afdeebb40a93bda;84748;b8fd4dcc221e3351f1918dae2e555417;16;15;12;18
f6f9f983c195e2c813345609b7cc5b71;0158bd6fd126020be9959bd5741b3868;male;28;72e02181d0c9af4f6c0450e2da93ffee1af6b49ade967d7d489feb414a060edc;239d133db259e8c2a983cf2e6a7fa082de1871b734159c4da703c2324325ca2c51afc0e0923531ecd5774aba5eba27c26c8a230549ab1c737fc89e47d4d05ed3;72551;aaaab2c61399e7d679274e5f9d72ec56;13;11;11;18
320b62756e76481a0de94c3575689cd5;0c7c376f61d0232825e2e24ce387edc4;female;22;e71db1b293cca41cad4325e171fb01722713a28301fdfa623b6ab857891666a6;d9f935e1bee79a7545886902eb2d63de399a4e4ebbcab1bbba55ccfef3b28e9afb468919ba197f918e66c66589c37eab;54217;d5a3b2c871467e5815305f1c5d593366;15;14;20;16
60e5f117897428c0bb6ecf8b8689b48f;bcb67ca8e3812a5a29a887c8e9507ba8;female;28;6dc194802f744dbf77405a95b5ecc32241c38af0f3e77a2faf6970f12592f6c1;b204687d009b35c68cf4cdbaed48428db53cccd7620146d9f12e0eb6a56a4bd1;10415;d537f2ed440c164fb0f2b334a60de322;19;13;7;20
28599495990e92a0e96aa12ee53d6aa5;852cae1a0465498e5d8988a316f05075;male;20;1e0680ba7d29e9aecfe8a0d772db3a45723808f79a6218998ba8c877c3f93a1a;37ebda03dcb8e1eaa7228ce165a891dbb276b41a77d8c258b9432926b54da690293d5f0e627ffed3dfbba5d2f8a16c27;21798;1381c88f3d42f6b500925f4ac20b0885;16;18;13;14
04b543c0c3e1c747e651058094cc4344;1e9db6f16c8b14bc25ad2042cb3f8bfc;female;19;2673b12e9cbde9b6769c33f7694f02685624a47e5a46f0660d76269f8c4a2379;c7b04ce96b3a5f44b5ba5505f7825e6d050291ad0066f9b0c4ab4267724579b61a2bc04706c8e1aba104ccf1d7022514;29575;73f7f90f8ef0712f8054e22cafe7aae7;9;18;16;19
05efba79d04773376ea6c6d0f966f69d;9166ee50b2f0c50a8d09f4ccc29ff71c;male;21;cfb2fd18ea2804bea620a08b1ceee462863bcc81a658955935c8cfda5a7b6461;47f6c4847d6ca53d35be131a0a821f1ec5742e3250e9dd5f480a8704219843199948e39e7d0037aa22a0afb9caf002ec;14806;606254688a3f77a09e1174edf0904577;12;16;14;16
3f27828649cef931262d6a480794ec3a;534453af850f6b37a9c3e9e477a16c2c;male;27;6f6668728c77684ba5e2b1da7aa8b0a01f516b72f8510702fb1f1b7ed4d3e99a;ea14c57ccc8771d7cf3324ed2e292a45fd56361588d8f2aee0772caefab50bd7d76e1315cb0f62ce5cef874af70ae5e8;98191;918b4377fb00c54fc0ac500d8c9466fa;20;17;12;18
6e72634bde60e1a2d2a9605a751881c0;a0594e3da49639598eafe004aed6fa69346d03da8bfcc462c47470466d9eed69;male;20;9c14d03bee7b247f6c6031cb2bd8667a3b413b1825db8a3bfeccbad88c70cb9b;d6a0c5f6ab9ba9ff474b55fd719410da0373e164a7c83b7a03615c45164a20227dc0788d0e401c8042c1fca73110bbed;7686;3757067d006048e9c00e59d3a7be807b;18;14;8;9
f55c043bbee07c3673a0df9f3eabe180;1a94ecad83656b9f958dbabec839ba7a;male;27;27e73f1a8c372b761dfc8e8592ad111611e7b4e3e4a477e596477962720ff93d;011387770a9cad6c0ecda6836fc1024f5c2ee7bcf837fc3ee93219104dbd5f98fc9254346f1c5f442d8b98072a194702;14746;e2e19d2f7fff826d9322c03588314d1a;13;11;11;18
3262dc53015d2cdcccdb9b435bcbc826;47768a1b21e60482a51bb846aaab256f;male;19;2e316b244cd342b05091ec0ffd6e2f56546c539cb14f8c969fce2b9d148fa77f;ba79481432e0b4ff6f75aca0175d820fe40c8498c44c4b6e6edf47f5aae2ba769eb9c65681554447e3b202d6ba7d0591;15364;5f8d85a093e30f536977066d1dc5da32;8;19;19;13
1e36354f29276449c2b577989517bb2e;29c92f3a56c69e7c01a7313107b270f5;female;20;e272290237123cf33a2a091c93e38d235da634211a974c8ee398bdf3ebd6a67b;43105bc56c73bb68c005a0056b11f64d7854ddb928f4d765e6dca7aac79238aca6e21e86fde2f7612da9bc4f5bce6240;14611;d0f6af1d26dc8defbab47e031160ce4d;16;11;17;9
79bff8ea1522ddc87695d3b75a043531;fb6c6775cb18c45faf01a9a7c892f121;male;19;4a58bc1b0b6ea8573eac7c99f9b14b26f73a830e0a3b4c7b68b7f15474f7391f;0d364234fd8c98f52ef8266ebf6689cfdffca67db5a41d64c0cdb95a128bc78212f30fe38d2f6437a797e28477bf4298;58045;4958fae82c8b2c0f33a760eee39354a9;14;13;14;20
658ceef2d9b0c7b040e13342270f80f8;cf9fad076f01f29079b70cf6ed59f234;female;19;712eceea3ccc95cf4473818234349eddafb8ea18295fb671f3859334eea53d9b;3f8f60892f76c6d54ce9412a695c53e10befe4cd1e54cc23ce6da0bc291f7cac282182f9dcb7eb2b5f4250e1a92d86d56093b3cda40202d6e221f50f3682f1f3;86353;785fea527b6e93058f8c4666b4bafcfc;9;14;7;12
d476ad8dc285e29d8dd1f18ce2870e3f;807856b4d0c0d89d1d3e25c055845263;male;24;5e655e273c66ec1c2168e03b5c4d5b84c8890be52b2ddbc304aa953ae3f475d1;9e6b36acc360e79de947c48b38b8f15e84c32b8c41b0032c3384ab581ae90986d3d3f0e895e09e5ef8294de60d8efa76;56610;0adc2131ddb4975d06938b0d8d2553c3;14;13;9;11
bd4a72679481eb89af238dde44cd8520;c924f7ebc7c220936f4c3cbed970afa4;female;27;1b132ced16b8eb62c835776277af864079d05d884e470fefcc8af8cf7aaddcd2;4f670bc9a21e331d27b707fd2264bb3d8af173f992f68392d560194c841708ce;12275;448f527f8c876b9de885764e05d3a126;15;11;9;18
e11f4db92759b8081c12df87e23f799e;785d3f931df4d23be717ce064503372e;male;27;bd9a4530beffb905ad6f371edfba71be90f76fc1c3aef5d25eab785263ae2944;e46ac1ad27d3e417111731b4e51adddb6abb931084ec69527cb91795aa60e6187fd89a7e2620302ff8c02b3fb9249a1f;45641;df2cd6fb9b446d2179ab9d64944c68e8;16;17;10;16
aad213a4dd55258205cf9cffc917e7b2;0a9b824082fd8f8ea6607c063e70cb26196babd96bd169fb78758ade908776ee;male;24;07b08384e35e9fe2961d5418400c8c37f33ff2bb1fd5ca6799f386894fdb19b4;b05e85672cf18ce97e4fbb0555eaac3e2027b30f5b4d106e7eecec11f82d489105e6b11135e6dd6063abff3917127237;53555;7dd972f0b0ed2b107353058d7e20af6b;16;15;12;15
861c18c79fa9c02443135bda348d0731;1d318dfb5e05428beb012ef88e7a35bf;female;27;9f00b29435b58a388e50e0e51514e75cb8d88f06991b6346d86e74c77887aa1a;63a17f5988108a8c04942786b914f17c96b00ba889387f3e3812e52e082ed3f5fe224dc7946b9321cb89b633c8f92d88;77030;2042ff7a15af61e89d59e99be4c9e7c2;7;19;18;12
fa173dc2b2b0c432c5395c336c59d6e9;39d105306c269a1e37d73fdea5d7ba6f;male;26;f12deb62b47c76f07737849722a06700bf14ad0308757cca0384ec9334d058fa;25055ae93f2356429c5f69edd873f2fa3492d35114ec1df212d90955c31c8c469d6342f34d42a8c0c961cbdbdbf26d3e;33288;254aacc29d698f92f14c6ab744a23f44;8;8;16;10
7c8d0707c5aaa5b45590df61e4c8dd3a;a4b76d2b7da4a22beedc708c71b77441;female;22;dea266bbe58f6dcca73328e14ce8534d93cc17072f956cff4a3be84f1da0872c;e5879c11709c51b5dedb9ce6bb2760f538b1d3b97eb2c88af15d8a89b76524c745753e3111f9141a0848eb854fb401d1;67759;9f50e5fbd45b097f0b642930c51fa4e2;9;16;15;12
bc66b05358fdacc04fd3a5385d414ec5;d0dbdd4fc39180cb1896f56e3e737bc0;female;22;2b16beeadc88564986d5dc2e2736dcb870385bd79cff74243c44833ab2253775;e6d091e14fcd49b054d8459cb724218e9b5fd985b131c4412d6872327e19873a18d287dbe083dd448cc455c75bb8fbae;98063;87adb485a417fe812bb9c7eaa202bc95;7;13;19;12
160c073f43bef1ddcf74f0a2d257c2b8;9973858eb0c66418ac71ab14b9a13c08;male;21;0b2e60f7647fe5e5260f4ae3dcd94ec21b446a560c096069e006eff63271e3e3;591aa45737b6d23d909bc07256686d1c54263bb2c2a20e7b942f6e271b8e3f6705447228421ce89c4db1c4a64deb9cb0;21217;e9cdbd9aba91bd60bce4434d0ae70fa4;20;15;9;7
18f686c912b467d417fa58c783ba99b2;a2a333299459104114b8f66bf47d895d;male;26;9bcd6a7e25cec59ca47705da287d59f76df7d75b8bfa07e5c86e4bcc08e7ee43;84182ad49e0f217ad1a145d1084ed3438ae5b119e2596fb32982cfc05cde650ffdac13c6345668b20fd35618c9f529ff;80769;fb4f5c51cc3258e8f4392c7070d139a8;13;20;10;13
df953d8ca775d52e44700ca80750389c;2a1b1181e9d594876e7c4f8c3ebe32ec;male;27;0bf175df0e3600128dabad538efcb1e9719f4dc48fed504f3f13ca4624a8ca6a;50f46b2227651386ecd7cf3bdc4aebfa5b479199a1f9a59c638ec33b1d257ac1ac8b0912c078e22fd0e19f64b2ce0c95;83944;10f60c498a4d40585bc549ed95c2953c;15;13;13;13
ad4c185d8279251ee6297990ac6a4dc2;42d1d1484186c648f001e846e4fece11;female;23;474470c52f9bb71518032d7a0984900c1e5b74f443c8dd989801978d4932db64;9fb8c5fe72886785ba28039fd56dcf4de986e5cc6d6f167e2f0fd9ca6937b9bebae906d0f42f822d69b43a0fbb2140c7;67635;7231f104227c6dba06ecc2ed2cc02d12;13;20;13;17
c21b482808ae6084244304bc2b916ab7;722d350ab231eeee7ee6e901291ce82f;female;27;f5e83d90f90e4d63a0f7466b088243c888c3757e24d52786f6ea1872b61b1647;cdb51d5d7471ed2a4291852ba4f0ef6ff226093d6d57871e7e073a84212c3f094f442ff64c8bc83cc8240ca4838d12728bb22c71efc16b01e8ef4e1aa85b9746;42950;9d37f85fdb6a778d3e6f9479964def2b;12;12;11;9
bd0858486cf14551bbc630c61c2ec9ae;e4a519ab9561cb30144627d0823ffadc;male;21;0f57b641002132cbe1e64e1838a304b9962d647d7828490709745ce23868361c;707d2f73e09547634a92817f5736cc4d3bc6035fd6c07bf5d53f25c0988feea30933bf5e850f0eda714a92539fcd78a0;18042;14f09ec4819854835d3f5f1ad7b70c59;7;13;10;9
78b3b0e790bd3827315974c30f797baa;4420f6e89e60be77d9979802ee79cc16;female;28;54131baf2751f9a1471d064dccd3a009dbe5f9ac720f518a7996016c8b8bd556;7183b3cf10e3bea7bc08cfcda8456d1ba6d1cf00b277dca41d724a3ab2e716b247e0f6a8456a3acf9ece23465e2ea5a079a0cff8ed6e3685a652ca0dbc16e358;51476;1dc3996a45103c6f006c2489d453ea35;11;7;14;9
01f6e64bb00b97c88461f83c8c2f6e46;8c3b8d0163f3e644908204d5493fed42;male;19;6f75d4a1af597a62f219d0c1c45cf87c8296730034aea722c34bd40e5a1c5346;94808280ce257e21db49924ab611974f558af481eae8dc4675c5814a65dcac0c9fdbd080683c088bca052d52937190eb;38264;2e13eaee78fbbbb6e378285001a9993d;17;14;12;13
352efa9c15ab2ed76102d5272347a6c1;ed13ae62280aed6e737ba4dad6586e5b;male;19;f0b9e5c0984d174cc6b7d31b30803db55995c31759b159f6dd2b4b38389bcc2d;f351a53dd8850600ef1674e682afc96f8e65cf744f17719c0d522b9d6a61767c09dd4e3b35db3146e24df68d3e2e269f;72451;c1a9f48bcea1ad61e91495b028acd155;12;8;15;10
e97fe947bf8faecce5f09ed3d529327a;2c4fdc313932484433c8b789efe3461c;male;19;971356b35b6d9da15895b44a9e265dc737b2c77d2ae4243538926d57b02914ef;8e8c47367301c12eb2fc99a20df83cb97ab14660c0e9f6924c758d004b42a5f2952a5b03e5178dae5425cc4abaf4f7bf;84966;64a799248e34ea240b3b39bcb6c85757;19;16;14;16
22959752c813f1e99228df134775fc5a;8788c9a570d4e607d5fe6190a9f344e7;female;19;ad3a3bb4b342b1ed126bb611df9dfd142ff35acd1d260cee4a41427158a000f3;c3524a3627c86808cc049a7f26988f0b2b0f83fb4591ba2b916b356832e694a44a705869443fa9159be72aa1fd48a930f04adcbd933bceca05fe45f8687de75c;70931;52bd274995fe28a08a38b6b00dd49496;20;17;11;14
f004cd76a80c39232d71bd56aebd7665;a767a0a293d651446aad3274fe48c88b;female;25;608fa69818b0342f558b8bb513ddaff51c240d68a97efd4077216acc6b464fe6;ad869965d306c99df11b0d476e07fd2c30ba173d3d3b3fe23b68e4d35e10ffbb29976f635aa30e254c721a91e57d49fd;51717;31074c2baaa3b89cd702542a95f2673d;16;16;15;14
6f5c7572f9a26e3d02acdf6c890c670b;0b38c034176553da5273c72e2469000095604d49f1a4b9bcb136b7d1423f913d;male;27;81cd868135667d1a21358cc7cf887b1c1e8b38bc716670ed75bdf92d90971024;12fad7a7a1d7d1fa18245e9fcf72a64fc18d42b7247e5c3ad90846635b2e785468a8f917c3171e86825e93f612e380eb;33517;dd2e7ab05a3bab4ed3cfb04487397289;20;18;18;12
8b6e0c165674e198599c85df71626e1f;eade46ddb3c6315593913c1d5eeef3e7;female;19;c729a5a6484cc1d80f95cdb622013947bfab49a02a6495bf8c87cae3bf70dd3b;3807ade1763a25b984a3d32e1dab63afde3443d4f0267d67cfa01d3b399dba9aae2932843a0242b9a6fe3454af5ebfdf;18596;874ee26625a68d8d52978ea39c1e2723;13;16;16;20
e25162afad2c8b84534c2c45a3afb546;f305a9ab3cbcf86f3545d65ab7a1da5e;male;24;31dc526ad536ca3d231758bf0990069031ee52faf321b176ee302ba41501fa0a;c09ee424aed135717430537087c637ba14a6e88843d468e870d9dd4e0b66c2cfb1f0bced8b4a7fe2fce9470f556f1194;66091;ae97d2e2c621509988e8b78c70dd66be;11;17;16;9
d4f66b3f096ef02bc8b66a5e6a235a73;d371188f4d47c37e9a918a0791e82342;female;21;656e2aa2e760ee601c0c8b0f4d437e25dd7a633480f79ec07a50b2b8ed350061;5f579279a3dfc2ac699b577db3c2e33dd05fe55ca10f5221b09a8db8daf493a3525e583d12d0a8e1f016f230a3c677a4;37150;d9d9255b0845a71132b4d5b8c699a062;20;18;19;13
b271f948cacb7fe8dd023b5305287fcf;19098fd275fb4a9ebd0add1cecb622c2;female;25;a0a0a9ff2dcb4ee6f4bd6d4aa67d0c6672047ff2bf1f086b37977bdc14ea393c;08fb98914952b816ae8d3546ca7d43be3919b18366530e8a104ca684301ec6be;2184;0c817e66fe043b2518411862606606cd;14;14;19;20
c0548998d17757d0825032f325a3a099;5b6043658ddf22bef5945726bd6ddfcc;female;20;d9b25dfba9218ac6f2a7f7e9836fad2879f425047334cb9043b153ddd5cca359;2ed5edfc7ae3056e43e50e42033ca86be33fed5985aea8ea65e80997f44a89fdcd01f63b6e4c28c1f27b880a5e4ad858;42584;5a51dece628619372e31ec8ed1448152;7;7;18;16
bf70496041d0b67e46c0280019b5df8c;6992815eb95dec106bff4b8684331a80;female;21;aa729f1f15013ad6f10e2ff217f41182002d7a3ca877823086d104a509c1a212;84b15abb5e6ad56bc8a5f09fa4c3eb18ed2545047faf5de11b91b78b1cc43c16b7f6354a61596797319196cee15cc1b26c24490878e2871590ad6e6cf12d3fd6;38980;2ec2148b6d11e42ea709793925402632;16;19;20;8
ee72490ed93cbb62f6d3b0c11bb2aa65;a291a700129bb3c59a63f75926978e24;male;19;c429c3bd9097bf74bb9eccfbb448f9b5bb6721142c0cddb64d7c3387ccbe6812;e31bcb34a11460d49d75b4034f2a5a9d8c724a452252ee5b81276b4e76f0f7e865fd29f710c2fb6807d3eeab7e4d9afa;11298;84a0c8107b0666f34d13215a9792d933;12;12;13;9
5e0255474fa41774f73846c4043bdecf;144c6fc8d7e6501d0febb04b6e21e7ba;male;21;d5f0510b2af49e255ca4d49484753bfe772b182cf5e20df9b4f172fdbd40a489;68723c7381eac960a86b437a6512ff60ad4d4a6d53efa308273a8ae922a7f510;9939;d8b0cc0916e846bf08dc661be70528a8;10;13;7;19
0ab96dd5de9b4385752b20a6c8a2867d;78e90d045076dd2c8a895fed8572987b;male;26;30bc74058f2b8a056bef8f1c78ebae2e778de86dbe590d92f1581af725f9192a;3cc447c09a1cfc4912c0e279f21a3b2ce6c5a006903f3cbd8006557288b48ee324ddb1503945af4a3b414afc980cf562df969cc8d8fe336b7be2e1aa98fb2619;3619;4eb0a5271e8f4f4566bc7ef4912a4a98;16;11;12;14
4d9cce559c75fd7d0bfc062bc8bb155c;3b28993e2cc9b62286d410b942b593a2;male;28;f10a0e9e6c56600ac1203488df87e83968dd9778b950365ec00d14637632ae48;8023ee5d3efabf03389cd3f0a195bd99d4f8a7f9e6690c7b972a419cebb39de1a23850d52060a4bb206e05eb7951b286;40231;2d3248177bfcde7194731fa646622de7;14;15;12;15
ef28f0ffdd7083ca9e2ff8947fee117b;5bb9b24f45b4fac33dcc3afa69df00d2e34a7529de066e5b92adf1273c3d1e5f;male;21;4d6d94670ce3f1b2f7a8b699c9897ae9037c240a3f9ab41a0992f40a00f214da;1b8b9602781041a6d297f9ed0e2e17c9e3910b88ae9e607f7753be2da1b0276fd1e1e15e492abd2bf886aec5128d2bea;7635;ae62e50cab28270d9f1e62ff981de2c0;20;17;8;16
3272b0d9040d736f69790b0e982906c9;7dd16eebc33066d0d5bb50beef97aec8;female;21;53d476fcd7d20c7d5647998ea6ae05f95c62b163eb7f536a39bd49253b075d73;1f5d286014e921310cbc4c4aab9d8325d1ae2b9eb7bb0b1bedc42796a83b40136eefc21f3eef0fdc6561767d80c6a159;23236;b322a087b4e5072f73a9b37a90f3bd06;20;11;19;16
5fd0de35c3171ac496d766fff150d760;f659472ea8a6c5a317b31593de168241;male;23;aeb78594f6fedbc0ca268b68bf7462248138adadd90b64630cab6f439e190699;d7aa572d39601f6764fccf4730639854ce25b3f331ab0a2f934b0c0ca3b94adf49af48b66373f5ca7a21aec71b892492;5764;3227643f0921a3d3126b307ed2de9b75;7;10;19;13
aa198de7657cf5408ca9d49acd75416b;1d1e90ad71ad44aa6273ed214f9de0ac;male;27;460b34226f5c3983049119fd10a1e932da5a4194498ceea46f6b54c2f48def74;0e62fec5b836bd3a1b675a773762877ba110554a8918105b6390745b3213ebe7fca954040fd903a8d7c5309d611e8a65;22311;aabf970fd139c132e8b9e226ecff164c;20;10;10;17
027bd41ca1c09a0ba064f6537b04804b;1be717943185219de73ab3eee4eaebf5;female;26;9e2cadf182297eb1d246ef3b6e462fa2e497054602970c3a32889132cbbc157a;de5e1d8446179da6697ae7817df6a7945681260314f5a14f3148f7f5c6d77ced16f99b5b4c5a7ebdf7910f2301e20e70;83980;e0770356e8e6543647d21361b031e0ef;18;11;12;7
ed3b1807ea63e7ef25336892864835c0;a00c712f9e00308614cad877185d5547;female;22;9671c6f42574bf3acfbd4cb9364fa345e5efab6d4243fb75ac3d0b7de594ead2;40f3fb1b354e44f9f1ed74f58110592ea267ab978776972c32cc41258106c296aba85d72cadc6c2bf53271738d9b931f;53219;a96c0a8b2f9cf3711628cc45b6403e31;19;17;18;19
b02d627b4ada7e9d355c198c810f01a5;a22672d519df13645af09a1bc9a8ab95;female;20;553c844e754b2f68b614b7b6534391c4c9ee412327a9bd8981280b72afcdcbde;dc6bf90e023dad77535a68bc9f3ab2487432f2a6bf25af9beb218be7fbd98702c0a39c3fc998cb59a08cd2cbc1d59e5f;41073;e47ef10d321bd6662e463b21e9a33d6e;9;7;18;12
416f9787cd4331ccd8adabb8adf9ead9;4a226d63604a462166b395f23bfb834e;female;21;c4c6991f19c0aea83d8dfbded3468bd9ab177d190e00b37b18a00bd11b6638dc;12e10f767b7bc1f52a1fa2884969eaef316d88244f75aa5c4c5aee39a14cfc297fbc396277720f87f6698994287129c3;63368;f05c45a5adeee0b6b16561fcb0c7d037;18;16;7;19
9f098da81d335046649ab0c3703ae668;f903283fb625ea80dd09647564e4f46f;female;26;04644e22291f6778abd77caa405a857a4b7168251ba073112e9d86e03ead97a3;dc81d83cd0cfbb445aa84e516f47d393e1c58466c35d7ea5c4c7b1f3738b205d39508f6e4fbb8d60e3ac79bda6d811fd;22518;2bbf9d1facc820b0f329872faea77526;20;19;7;12
8bcc40c6c36e694aad23b9d281cd20dd;2a008f3460c43fa368e0118617046c66;female;24;04714a7947241a359dd12d9c70f4f03d197a0db82916c1d2828744da204c945a;e7769835e475a230979aadc6e98bfc2ed04f562c0e727f0a9234b4c54f3211d3241c678413f8d9f2dea3bfe6869a35a3;28901;b7d617d60381491efad2ae66f3e588d7;8;16;14;18
be716318763cd40172c89e5a2f4e1c78;bf1c0d9361242c64c3ce1559de9a57ace6ab4160354da51d4620090c377fdd30;female;27;1a865524bb0eca4217441bdda5c900e70d5fb2e52706f8211de56a76bdf1af39;bc50eb670c1393d008902d2c3e6eba5565af393dbe9c80760004fa67c23ef508c012bd776985a6f18ed22ca7295b984f;79769;e172c4366747003ab82ed24ab69258e3;14;20;12;20
350c16e0cfac3b712588ed85ec834d2b;b33dc172c31274344ef08246b52f87f4;female;20;e6807d209a2bc1c96a75714a85ce4c857d473d2e8a318db24efd455e6222661a;db08c84c269d9a333677be6bc18f20b933cee407d7e98f9aa95c5483338d0cc53fcebc18f8a38e895fafd3b6f70ea656;83031;8a143fefd646992a4eb2dde680c6765f;19;7;16;20
6be27a7ea4abacd71177fe8a7720d207;2fea900ab4c396dfcda51e6e4c06d9a9;female;24;451fef494ea37d2157080656e625c7d568fc50ca5f0c8908372142ad7267adc6;0b8abf579da907c21c0d55369cb8675a9e39ec954d8fcb1579bbfc2e0b344c430b915f55441fa38a074d4061baba1766;7938;2ed3436d75660fd5f262d638fdeac1db;13;10;10;19
a589f9c4f0b6def2fcb1e236863bc913;4adf95fa05bfa8f1afe430066aace139;male;21;89a909e0b742b324315f9cbe8e1538ecf6a20e268db87d3a2952fbf44d73fb43;5fd6fdd0214e7077fa0428877c161a9ae86addba4ae988b31012f78170dc693132f4a0b5c783d96388259a6b380362ac;5731;c94800bb0dc72908a25c4aee3c2782df;19;12;8;7
08dfbfc48c81ce69798385f685d76873;80e7d6429165dd378f69adf6b954a1cc;female;24;1c29e417808d586114cc71c34d0b00cc5045819d2643be0a826b124e24cd2527;d8014e32e00693744c35f681c59c5537c1baa9ca9525556d95dde359ae61210d13789fb1a2d55bfc598b780ebf4e69cc;45693;c0fa6207e3a49f7f69c9ad021546113d;17;12;17;7
3acfdd80e752b85493ac6028206c068b;c56ee55b694cc8451b7263feec218a45;female;28;dbda76c45244200195d127e2e5435af00cc926c50e200bf4bbccbedf4ec54260;e71659eb03005624b9b5b73f405ee106361e212fd7e09c86ca2ea99cf781e7410a77de31a22dab07178053e2609e81b5324d770d51f3113e23153d11c6323671;75774;e90c97f42a7529ae392822b84e373343;20;17;12;7
94aea5616e3992862be132f727d61f0e;431b90fbf6f5d5cc97d94973f9a08c7b;male;22;0d9ab574c62ded5e051d3b873693e04f3452f6671e5b16632739b6338dd6b80e;b32dae395590bdb9b65e09950eebfe015b03397fc3fed74c23f2a62697c1a28a9a0605d15063bb8d2b26603b88e956a2;68318;84c45d365d750575c5a8fcb3a7773a61;12;12;14;14
75b5d23d831858999a02f3844059493a;6c54b534f29973fa26027710083dcbf1cac674f9b0d865f605b46f2b6e0f6037;male;25;6b717c23ba83bde8c1c90c6328759ace2c8a241e5c528395a1e1e5258f1fce80;87953d60affb91ddfa87aa96716ba33751c42a40087e09b7754a82e50a9c5f84d22f38ef2a0846995506f55d073f7d43;30702;6b20398712ea4fcd6ca6866fac503739;8;15;13;11
7b3872c1baf14fa28db490dff2900cf7;420a7a20a5a2952ba73e3e608e1eefc6;male;28;4582f4b272a4ba5136e323751a9f17100934ba6413a41a6d9075b6873e211722;4754e73768424870953e20b042a68a9122cd426902df547c2775b17f607b4f75f6958005c18152ecc0e948192a52944f;43019;7709b065022ed52899b323664f97392f;10;18;20;10
350eb74d5e9d70ed0311d9107c58c8a3;730bc4c93a3032fe936670212cf8b816;female;20;8a0fe73966bf3ca674641a57b80a8e93a8ef9aa15cdcdacc91ded5cb60fc87dc;6c65abafb27732bd741db82824fa2ee117dd92fb92e9363329b75f5570bd245621a6043e367ef10921c739b6d0b62b3a;29213;86631eaf577fa325a559aebf41ebfd7a;10;11;10;19
e8677fae6c0a020629f921d9a2bf4387;ffa57bcc18506a957b153cd72fdde2d7;male;24;9a8ae9857da04497282a6cf6475ff9a3229d98e75a8e64c94d0611d50f43cb0e;5c7777228a840fa5331e29f22893384fb52c64d2aef6557729c0c8f4ced420dd641f247b77f14c6107673381104359fb4de0f26fcabbcbf05f5d49b1176b1097;80593;f15b984e7d3206be141165ea155bd7a1;7;11;14;11
ab43a3afab156c7ef01456ee4d020e00;99e97f982b174e129f701aa1042a1758;male;25;68bd3b4819273abd584493783bf6636c76b65285485f7c3758d35a5cb155b904;64a225324c80e94a0c54d333131e33e7db71bda974f45861f08dfe8882764656c21d012222ce278df6ba7ac4497e08d1;26219;c92b1d632f1031f0e366c778f9969c79;8;8;14;14
bab4f03854cf24eb5ef4ea41a6c5d320;336b4a391b43f1db86cb8ddb385cefbc;male;23;4623a7204ab82a451e6a585dfd9298582a9b2af0820ebbcf15cf148176c7d3e8;9bfe768faf340924660cf6a643bb5c253945af4f48977516bf1c4f08fa8c23a7;86558;931f9f3ddada0685c4b11d0162337b8b;10;14;13;17
66b3b0fd752c3bfdd6139492168c915e;cd8f116e407ff9feff89bbaf92c438e6;male;20;0550b3a17188387325cf8340dd4d06609926c59da28199817d8f991de17b23fc;90eacfbf57e1329c5b0d3b74f065ac4db0ab93bc881b82ef71993db0b3b0655921193a6ba5eac683a77fb4201402373a;32798;7cf7b490e85498a65c493f2df3ff9e6a;17;20;8;10
98a94749a52c819ca4086dc4bf3df04d;de8af90a3f4663d8265e2cb1b64a7da6;female;26;040384dc5a11f9841b24dcad3ae5b5d6ed20ef1f147b97bb5769e7f25ee2a5ca;b3841c7f99e42a486c97df67f2261b597a15c70287910fab822dc41db6535852d05a5f502718e5a92685839cf92085de;48095;c2e55537b761e0ceacac80a22d8210b5;8;13;8;19
94149df9db81b7db09df6974c9f55dca;863186352e0810b270f9e115ec6f0238;female;28;d70196b316fb2ade467a11e2ca05a20831922a855cedc72fd72e26a8a7507ebd;aec871c932f483d9175925a42f8bfc7a3f22f6e6890f55ee6018149b02c30528792677fe7a4d08b977654a5edbf85a4d;37389;711d77c74054a4800118ed6482c1fbfe;13;17;11;11
5f7dbd9c24a26604e07265cd44e2276d;014dcda64f1714efc4f9efd1132979c6;male;20;17c0cc1caee792eba5aa2d3ed7bf9c7277b2109c0457d6c7498cd14351a2cede;6cb77b3efe54da4ee32e677c26f5e7764b0fe51a8d0941fb9c1848ca9215084488e94e9b5fbe5f36f0e5c3ca5c840073;46672;833c2829b820a3ff1c96863f451571d9;8;11;16;7
f42e740d531072056045d031982dbc40;a7d76d417a9dfa2650591d3611b81a25;female;26;55d12252a98f52631066804eab4561a5a01670c6f449d3caf4cdc8edf39456d9;23fe8d9b4bbdbd6dee2e19ec70f1be456eaed6e83edfbccecf4f0f1c373bb4e9776f6bd58c1096e66f37700497d8cf70;70050;77805b55bccb7bf9ac59a2573b80e2ef;8;8;14;19
1302d4dd068289b860f040ea99cd0ead;79c00ecec9385e24d8908bab7efc8467;male;27;83e0268ea12ac23bf34663795eb056eb951728bf1a6290b7e4b89bbbb12f85a7;20ee3794bebe419c39a6867987230664ad302d1276000d06b62d28df37b3afb6;83427;d45dbe2a2dc7ae044bca619b02fd59d6;14;13;14;20
4f1d18cc649aae37cb73e930f6a2ad2d;d5ebc36286122f91b2a370f71d9d4e50;male;22;18c3ce5f102da951dd10a760703b435f6a083499a4633cdb88e77cd53b43bdd5;a146e840c03736d768859d68f60b635bebf5c851cb7ecd32f5699453248eb178556cf42ea3299ecd6ab1a43d49f9f5a4;87981;eeb20158908181968bd02c672b0f8318;16;9;10;20
9651582a55929437a6e6f889fdea6270;8be4715b2fb75be7e455d39697198ac0;male;24;96c1b1d873ae916c3127d71e3a45bfc95c285b9617f64c16b3eea44822a20fff;d2b1e62c3deb38cde4bbf80f057332a5d9cae958b84dc43a0a9f23402a3b993ed3ffbf0cf916e48956e486384e1c5417;19722;fd1aa2b597059fc2bed56c0db8860adb;9;12;20;7
a6ab2a2733a4eb138e1476374cfe835e;5d6d289e0f606ba04163a282d105584cda578f9991bd12152f895a29f79d8e96;female;24;e84e3623dd214f580d757da8b379ed9ffa5ddd531577cd0506d258b5a5a73426;763bb7fcb76dbe6a3b4d17b75a069b0fbfd5d473ca5cbc9182384eb2828f9a5dc6dd7812f54c689510ab01d37c7c5fb9;69032;411878e2f9de06b07af3af236a37ce73;20;18;8;12
b9c3076906e7d15602b60433823f7290;8ed365929a898ac0a3216b05ff1ba5a5;female;22;cec4ec83c7a39e17913c5604537ffbb1dd391ee3d2f16ab06a221c5d31ee5afa;766678d69b1ca14918d38a7ff6aeb1f382315631e71f9fa80ce8524c8660b5aab1fefec7a2aded158d5fc1b2d8c8fe26;43763;4bde8eaa0ba31a6d3be32f1777725909;13;11;18;15
33e67e2fbb3393334ff23bac9febf90b;61c7882daa9a23bd2ffb830293aa15c6d83fad7fe22c8969f59c1c057e49bc14;female;20;b290465cd338f9c1a3b46ca42b8ac85c0147dc5f2cf825dd0d26f148081c06b8;3e49f563a5cb0011998e1b3e51fbf43e3ba2d8ea758bc948855e983292bf41c1e68f863d2dee491b569ea668a56cb25c;63653;c46ead8af9136a93997f9bd1ed7ee8ec;13;19;7;9
f0445056bafdeef7ab6f3288fc787528;92a6c6673a079bbc7529955bfc6acb83;female;23;85b2c17455b6a408d04ed4a0af0b6559abd2ecf0b3070352edfd27061034e9ed;5585b656ac37b8f9c8e4f66ad154a16e2066e761a98fcb9217ea106dcb29a2b3f7a71721b4f1f380abafb919115f394a;77218;e746f50e95fbc14ba5a836620d95f056;18;20;12;11
b17a67edf7c4e08466cf751352794c43;4ff7256c134dc9fd8137c1de7e80d6f1;female;23;7a2653ebfd9b2d6e239ae3b8b3c4c4ea9b24132a6890c4bdc01818aac41efcd9;0d2bb68a58feece2e5dde5f1c1d2e3b839992ae036734a72a8fc6f44067840e883ef5f6eccd5d294e730830d9891ca6a;79243;fb672e14b5cfdc953d506badf73a8d0b;12;7;10;9
86441665803106461350bc52f1d5172f;eaa972a2d865e39f375fa6b511ad71a1;male;22;1c2a1bba819df931d9009cb4fd5f7ec88cfec7e34c3aee9460f82bdc067c1e8a;8b43adde139dcab898e29b3074c2929727933eb16e5304a565e5c928d33afcf5268ed4812cc837002bdfffc64785ebf83f85e167f0ab7e2e59249fbdecf2d5cb;89685;f7561a104af8e92e4a85a7b47f9bebbd;11;11;16;18
ea2721a40211e2475aab0ff0c0929049;1e2e8e4576c9979f335aa7d9ef3f78117036086d55c8248219c625e8c618eea1;female;21;ee541c916b1ce0896a88c52603df8f867eced5d62564ef2050e6d682343b38e6;62d259708d6de710af39481f49485a6c69b24929b0b2e6c0a79ec619251d890f5549d2165fbd51f29cc0f3c58119f54c;36597;e8dd57969ff2d51565666eb727b8ae63;16;8;16;13
c5adfb274026c39766c54ad421896a94;8eddca2947c478874ccaaf4ef0cffbcb;female;21;84987235942a7e78a3451c04a2ae3d009a5e1e1c91590874905ce8f7bca2012e;105b69d19255c61e1a5429b7c9984dcb00d1d659105560c9a01aa71f54c5a4d8185b516e398afd1acb0c2eb7176e1e6f;88948;d33f0541b5acf6c60793c0afbc0d1cce;9;8;10;20
61d35dcc4bdeaaad2501d2089bd02b05;002685f0f8c96966f2877a41f6b855aa;female;27;0a80b68906b5d05c0c8481d4751c3d05ae30f5e71617ce5a2f64f868e482e4aa;15f8c1ae8ad891691260f0bbec52a90a550d53f0f23d095f7450e479a4794d91ab5c5694103d7052aff36ed0d8a80236;31737;6ee9c2ba3c62243b14bd8b2d4792c9a7;7;14;20;16
2f94e02a4585c1016bba7acf7dafa8f0;b78b648a1baaa11eaa20e6f6483bf971;female;24;1f7a8fdbc597e88e57bd3c0f9d3502bd40e3c7ffcec2ac122a19f8bffa0bb2c7;7be84ce144f13cc1051a07b03ed1aa0ac9413b3e76f391f80fc33349e643f8fdc72ce5e1ad6943930ce57dc0d3673e84;29233;e1d407492369077749b985776fc90ea3;19;11;15;18
3d8d0057dd21bd13c5ab43103af5b785;3c1be96b45f676adc9a0a841353931c5;male;28;865583eed85d9d7926f9b97870d3148d2b88aaf393f18a12e77bcfddcb69445d;ea5798f37178f247a7cb73e69ff7be4e94a432b763a3eac57793e3fc7dcc9c0467c64aab33f0f6981064cac1cc3f0f27;14373;d6f8568b3dde3679babedc680d51c82d;16;13;7;12
ecc8e97c6320ae0c791cdccd9fb0bc11;3c23c904b82562442a5d8660bbdb4e47;female;26;fc7e4dca0a1f1285977f13cba73caca27a30aed1c76b0c30165b0fa0ce03ed46;1e89d91d316421a621082a1c1a73ab363e43016b6ae039e8377ef73ea08e1d01223c61f072e5a332fdb9f153942b6396;99802;6f2c5fd4c40badc86cb280a438c3806d;12;12;16;16
cf2a7fa4cfcdc411e30deabe37e1f42d;a3283843d5b505381bfe824c69d3f975;female;26;bc681b63e3ef6f5c1057864edac70a9079b065bf6f6e50873355fd6e31144527;134bfe6fea34ac176931b2c19d8777c2d1235f8ac153b080f0d9049f6cbe669d3f3223ce9d19fb930beb74a11c4261c7;78827;a7ea0205e1ff27369860a2074c48a05a;10;13;19;10
f25c2b3cda778975313337221e9014d8;7e98373e63b8afc6f2a30af9296c5ccd;female;23;12580d2fc3865ccfeae668557019a91fb0e595e8391cea1548fbc2dbbaefcdf7;73c78868640f38d2e9d3050a0685db58d6e345dfbce11a51263c7a67bb9e9b4bb69fc58620137ea48c85b5c305ccac80;28414;5ecf25352ba60cb92b19383635146743;20;17;8;8
e745b8b0ea107d5b9dac2cbc18fb4492;50fd2c8f821d69ff1fbd715436343de08e4eab12572ccd78d5ef9102a9a2f852;male;28;5af3dada29ad256bc48fccb10635916f93c9ae3c14c86598452f42ef722e129c;ba9a978063931872f84e237fc5334dcf5dbc370005024212e8f7d87f4adf1fd30e80816245daf7e7c7c0aba643570462;75741;999dfb7f52a2b8bcc10deccc0d3afc44;20;10;9;19
ab23b5b5d3fd8572262fdb5fb9861ec2;7de80407b44dc93c02f837441f02efc1;female;24;2726d1fef5247720121418288a935d25b3e6e10afb265f22fd0ce3da0c5d8e49;65b2a79f8c7cc483be1976d434ee252c76e10c958d22e4d2f0884dbc736d68d52cf03f08bb64dea1fbbf7f59a53f521c;25124;78d015025a0b3b39babd80d8610e546d;11;18;16;11
7a249ed76089e22e34b5099de6961b9c;f6f257ae2bf14617cb61b497420482ea;male;23;0d42c88239d8bd592e1266f1161338221d55b7aa8ff20e7effcd12b59ee8025d;3a1fed57c1eca2ee6034adb87f98eebce3022948aa495359e4f8c0cab94914bf146ea235325939c64a36c3d1b6b64bcb;16332;5966f93082145de17e77d6c614fd861b;10;8;14;7
b50dc183308383ceb891dcc404864d2d;49dafcbbfca7185b05b03e899d3230af;female;22;a08ef7aa796a0b0795388b7d4b935ef3ddc382a08651e9143cbb6ddd6837d8ad;67587003d62ac107d744d91a3b8a0269e912f65cb135ebe80fac4f8948f66b23c776a1b5c1d850e022abff1e70c2794e;74971;3dfeb3e30ebf73fb42efc10e648d94f7;16;11;14;17
69ea13d3f482712f01d2454b6c367f8e;d790929bd5d8142c2383cc2ae30e8209;male;26;a6fb517cb9bfc9a7ad5a3a17e165775b4a267af19d762b12b77e2b330225735a;ad1097bda94e2e2f6c3035208be71ed3eed49570fc705c13b4b49383c5fc0de1cc40acdf6b2aa5fb9dd44f7e7615df72;70698;19f6e10aa4ce576903bff8a8dbae58b9;7;7;20;8
7f70149a4af5ec796733f8b43f7b30b4;3292e0e93d2515b8aba8e52e0a79d8b4;male;25;594f479d3be9aef12875e07d847b1853f5f525f55806a1fd907667bb07cf901b;c64fee40995bb7de87404dfc226541015acad69f400c92043d9233ee80419df6d0f30df09711dbd147c2251d6943b596;62449;6f619c66a927db9f924a43000eb8e021;11;15;18;9
0583f50ca9af9a222a48faa36a0e52a8;a4ec3717e1b3fd1a6e190e62e276e17c;male;20;af25f6ccf97378e04a64570c85c58909e31d57eee68279d88353bff1d4e69cde;23b89225994ece157623dba18a76c47067f773f907c122a2857d43956d3cae66598778542160d15ca96dd15b25fb5269;14931;0bdf2902743de159f2468f6dda53e399;11;16;15;16
470a07554c3b9603e0e376cf1f48236c;a22b681995c04c8c9e3af99b9fb7cd3e;female;28;faa2a0a60f456c669391b3e89ec7be31d5ac67630c6f0a47d37f6597d5bfdff0;e4139ad2060bc89c00e9ccd4d7a731b2f4b300d170f54360e7eeb52a543301e35d6a3c2fd220ce22c04c792cbcb060b6913d444cf0688ae8865d8982411a80b4;30676;b1e43c9380a0522c614bf19ef6676898;18;15;18;14
8263cfb46f530720c7b5bc57ba62e2e7;e310a2b9ed06be98abd941d88f17e3f7fb20cf33a7126e7d89f4caa4bcedc368;female;21;6a95d1a89ea291c737c3f1c5adba1d200636e89ee32ab1e923281737edf592dc;b3ce28c656b278c5b1516a836498dab31c95d662d56b74064ab71f23b1ddea625e3bc70e7ef5ab16fe60504a9c83e36d;31553;bde3a22cd8648857d02d3eb0c14d3367;9;8;13;9
ebbeb1cf2ea78fcc34c2273074292a97;9d133038f064638c6f400821bd4b6743;female;27;77c42c1a1556b2469cc05566cccb912f9ebe90ebecf58d96da791d8765fd8c9a;78facf78563707d0cf82f4a6a14f39952f6082c7d710855675e51364ef5c8da5fab22a0a37dea1d12e03cebd4e34a1a8;70975;aa16fd3aabeac7112faa6d35bd378af1;12;15;11;12
91d34a661a3b55458cb31dd21dbca914;9d691bc8fef78c69c954bbfc017813df;female;26;fd7f137a9ceb14726e843f57bb178ebd9b081a1b6db9fc809a48e9747ee8b0a8;91c27e5b93a3afb87c4e372679ae037826bd4fcc38ff56160c7f694d972dc0e4da2c66cf53478d01a271234f351293ce;38667;fd0ca2b78199da44b66c6e46e0dde059;16;18;16;11
0b034c159322e450e2d6485eb6052b3d;47083548454edecc37e7ace033bb65e2;female;28;6e002670c90b917fdf08e768828aefe84a45d0a755f94eef4f710be4f6f06220;fc400df93393d69213f1469685052e0a26658347328650a997bb3d682a60d03f0c0a7f9946d54b1386545ee1951181f0;36109;beb66410b86326653253bb6ab892cca2;12;16;14;12
0ace3d4f43059aae75c327dcf2cf9400;caed7e0fe8811ee93960e2deaca6c7a1;male;21;4ce0bd96402a201e4e9d55c303a52ba782950c1c7b4448fe6850ad5a1d1c5645;769d35768aede0b962f3655ce79b90a30185fc40ba084e29f252c2220a9c882fee919bfb003034911786c5f0c29f01c1;58909;3c90b37e693a64c85b4d920ffb2a3146;19;8;15;14
8952073bfd15006729489aebd9ba410c;6e119aa4e5951625b3690abe49a68d91;male;22;482eb4da870699e50fd49934f0ac5096427b29fdfaab697a859b6e4d99de7484;e702ea851dc7d2b8bfa031c16ce55ffba8d1dd43af1778dbc4ff02e04ccea3030f9d956a919f58196bfa3983840da0dc52e5a8e72808ccbc47d85ea0a7c75a9f;75495;e55120d307006b438601e9c3e89f0790;9;16;8;19
8980ed0fd5e472efa78d5f34ec9efa4d;9a67a2cd4ae28046f7cf479ff5e3ace5;female;25;e42e865af10e3284464bf5bed0410bd39f2e3b60a3aaf4334ddf4ac11258127a;42241884f1fcba1a446ae30c788a933102d6b930bd5e73af2e94577537567195b06d159a9370b8c677c5ec6975340b8b;99886;11d1c797a700c3f6cfc42bde1acd9d68;16;11;9;19
e912586c592cbbaf2de7991c9c301f5f;df622b8f948c3962baf487a4c5f5f2b3;male;25;41d441344c290b78ba1fdcb2155552216a25bf75109d3c9c01380d6754e89137;23450204282bdaad86010549a1dc5c940cacae0b421698c82e3e1f14c2c827c8a665e140140aa881a495d9a4550ac2d8;57273;f6cc23d677ce8757511dcc44a4479a74;14;20;20;16
968e9f49be0a4a1faf583da16759e301;436eb9870114adc1b27149db4f7d9980;female;25;030b7df8d5e6889ae62e25a3c0ea81f9e5a074f169a18aa03b4287c892d5bf72;4fcce2fcbc26370cb7f3bc46e82bd609d2836c764371c3170adc5712a40081569b6a9eed3d2a0368ab521fd0f6eb4267726f22c38aa4c81b98810b86795390ca;18097;49aeeb5ed11451474e1be63a776d4f3a;18;8;19;8
fb0c6254d9b511b81398042ccc653e37;dd1d5395a91e1d82e4a46176412ed7b1;female;22;f27b63e620dc04435ad0225b591118106723471871fd952fb92b2fa039a82629;da098bb3b2f4a566b8d38ea50c60345f6eb75b67de855327bc212e2859e335341c00cef0032c12c103e4943f9ae8a50d3839e7f1d3cd93dbda318de674f3eac0;35164;7704f2dce1f8a341b083d20eb27ecd84;17;10;9;14
e1009fe876348b1b591c2d787d661863;5df98dfa157da7bcc2a11fb9e96956e2;female;28;4270fcdeafa869e404f7a0e9ed4bc2a607c18d912fb79d3fefe1bab574eaab20;739457945cfbb87b26e830dbf9f8011a9cf9ae9028deaef9ddecf54095a1ad98e23a428c746f36b9aecb1f1af183de66;72519;b74adfe95b4acd0ef70558699970ddcb;13;20;12;15
e79711d8041e22488707fdf4ce431921;cde2df11d1ac3560c6e70516d0531258d541fc195398ae37734163b41f7ab3a6;female;27;2d75c016e13d0bc0d347caa30bcaa2311e814e56b052a25ad75cc3b1c4f3ba61;98e5c6b139b67045f0579c42e4c93e07b82257224a658b8286d429871bc2c2b7ab28ec0d072a28125a8aa4e9749dfe2d;33198;32ae677d79c1849ffa6b43650fa7bbf2;9;13;20;7
4b2743ada3fea57f1c91531c2ea29c8f;f24804295c2dce7b8978a0a88814e0b6;female;28;1051a6a20e8353a59ad749909380a693d72e39ad7b102db4b74f76bbdb0393ab;8f46ff8cd478f168649c0a45b534c9770423c9cf0b8ce5662afb7a29a6cc5362d41166267fe0378ad464a0ee4343a1ec;15467;4d394c64402c68770babbeb784318eea;7;7;7;19
6a2b1f4dc718a0ae07ffce3184661ae2;7948237861fb05c9ec290a54e4fcb08f;male;28;0799810e7170e3293c43a0efd57e5b788a8b9debc7c480b7f216a80dbfe12ac1;05e31564de9ef3aa9f72f7fb2c49066169c5fd337a89b9205f0da1ed5319091676ad59f586042fffd0ebe7e9d07805c48979db36298b4fbaea6f63b15b172024;27477;11211383953c680957be2f7c15823bb4;9;10;20;9
70b072c2238bedb0636d7e6a34ef99e6;ab1a80a05bc14095222eb1f9643524cd;male;19;233cf18445f7a1a1bcf29b98ad275353b61d8cf0d9da8cf3ae24f891d1697e68;d690ae358fbc91d0383c1cbf278ce25d2a51f3923cb8197700c04d8c6412bff14c675a0360334928cb7d7456749e4438;3855;2bc3d2755b15f36d10600ecad36258a6;18;11;18;15
e44659bd1cd1c254ce5ed778684da7ee;aca17b6af4224f96dbc82e651be62c27;female;24;d16af41963c508bba2b41278c1849cfe70b890f3b52bc94d575d46213b1fecbb;9fb167a5a778e1e33053f68b77fd03ab1cc080bccdac083417f020d5a87d0da42bb305a4e49e87345e371d30f7322c74;30526;44dc6792a1cae2b151f02f82bc484605;13;18;14;10
4db3e93a7487e09945a769755cc1e2e6;fe0a32d1a8fb74a3d39419ad2c6e6ede;female;26;22e127df4e11aca72f36560c64b36cdd4934c497b8dd71047364332d29127f42;d4b16e7d89e2b301a6a5629b1475baaaceeb9f0c8f8fc42dee2ee6f48ca828fd8bcd710cd580743bc92bd63d56c3e9e8;21668;1d15f1bc2325d418c7c85e375bd31dda;17;12;10;7
e180c6297879358c4cf0935a79fc25e2;dcb7765a150d23cf8af278db153da630d0e5db21ecd6452c89d08d65e6195465;male;20;9bcdb466f1764fe25543fa63abc82f3926e8f0e91bdf06b20c494f8b56fef299;35ffafce5795aa7e74c13e7804266c879860605cc19c3e682b0a12d250a6383265d219ec2e5a14b9c0a309b0f2140598;99940;28264f12e8bef2b6d1c6d6efa647294b;8;17;16;9
a395117979c80d305b65b568f67003f9;48b95e820e98339fc6ca6c633d0253243caab1cf1339de28d88eb0493ffe87c1;male;27;0d95cfac4ebb09e9f72e22624687e0a88f3b441f2fc5b34ae41634c96b839c94;beba8a2ff6f3f765a83fd5dc9e98adac12a45e8742afabf813a79ddfdacd215cb369bfd0e59459331c3f0b91a86c4823;48682;3c548084140b483568dc8230963616f4;17;11;15;19
942c094d6a1b734efc98a0c77537d9b5;b3da700f68d88ce5083a05a19b69bddc;female;20;bc62b1ad4146292f74a68eeffe1be5d5beebba3ee1a58bfade1de1b020602876;f82c44aea2aee3076d9bd2d89876e47d01f163e756eedfcf17061152310c6e41cf0a508d3f5c5d789cd07e90bf11380f;35783;f924c0dd865d648b317c0e20822c3db0;13;17;9;7
18ec8d3b6e2dbdfda4abca5cb0ee3f23;f89fcfe6c13b3a3feb98a7f71379a725;male;24;651f74a7c65320cc391882679896f12df140c44d293bbed4b52589117a09d005;2167492a28a36a0483be48fb7d64ac70eb5236cb2036793fb25e0a573e21df3553b5488d27efaa5f0c8482321e537e9e;47111;1914fb1b484d98b0c5989c1f70481d56;18;13;16;16
eb5d61cbbce63241a1c4dd98e3ec76b5;f694f35c8f0a45687b5abdd8779e986c;male;25;4830d920aeb300d415d22fbbb4fe91e1f4424220b2ee3adf7ab362290dde427f;6b7eb5bf0e09ff0179a9ddd21f00b7049d360ffb6a91fb7d55dd820d6c0d5423eafa49d61170c2e3fbd259ab1013e7eb;26582;bf00cb37ca5ff0870b408cd63533ce81;19;17;17;19
fbb891e38ff62c4e2c1790ebf12c1cfd;6a2d809f7db285f4136395a61d09ce6f;male;21;51835d1ee1d0c27d67739e524dfbf919f67e047c6d0f4afcd5d9b808b12f19ee;3adc5013d371f10a59bca829e4cf536d9e232f09981b56b92fc1a5b5737930aa6595540737ab360012862d970ec9a48b;57984;cefa3d80e986962d6f2aefddb71221c1;9;9;11;8
1f0e03aac32986140a9ff3af0f8a1f49;bb8e4338c60383afdbee1215accaa155368d1d39d5c646a564d559e0437b2a31;male;19;7109e47b808c1eb97ceb31fe16c91027b12aeacc5aa6f3cede06bf5c2b0f893d;e0757033da483e6631ec958fb90b116f89cc31881653aa954527708547458b04df7552eb95b277f38b8d61356cb9a439;67956;60d8fab4c5ca282ab43f798196cbbf82;19;7;18;18
85c4970707f33be3c4cdffacdbed3739;a3aff25892773ac36dbf1f83ba6713ae;male;21;d80b9de8f4f2815996336cff3c95463b311198bc4d1c91631ff6af3edd14a105;d0c0057e83c304600ba3a2841c46caf8cd1558883282670e033becd049bf33fecd5d47abb620787f27726240b0bcc8bd4fbe27c9d79da9a4e27d3221f09f0f26;99516;6b89ae3e02c8c54f86c1039afb050dd1;11;20;9;9
26779fa12c39762dc45e3eeaa32a7154;a7bb4439c892268bdfd683a0d51ab094;male;21;dbd3b1999090f4ea2310bcde325e3e76bf64bf7c8c3e6d4e5bb54fc0f5c33235;150d6c82bd1afe21fc319fcf55714b4eb0a4860d72c374af04fae812d569cb0032b5ce1b93d37a2a40dbb1290265f203;32127;21bc6f5ad36d1084cf4922cacf191c71;20;11;16;11
729ffaba22079c4bc760410318a2b63b;f08c414673621ac9d75a2009dd5278f9;male;26;befd7aee1217bb72a5334672935bf2764afb368c08b4623b103ac8cdb196ecc6;5f46c9c684adbb5b09ee03df6c393c16b92f1456c5820054582c3b2f7d39157840da0499f1f08dbe5f1d9729eb1e2acd;16404;16e6d45287777ffa6e461d6e9d309777;12;9;11;20
00c97132f8b718734eb2971e6fdbfe5f;93faa554c97de3790657bb7060b28cfe;female;20;a6dc689e9dae15384d40f494d82f657b44ec5b874b0e3c87d7c70ddfb6931938;304e66c28486716d18b3f67a969324e6fc161e47a630592e4692308f37b1ec34694586ea05133607cb64fa75f04ee300;26126;135d7884f337cb67a94039f8bb9c8a89;19;13;18;11
467998b8502c2b044ce08a449e922af6;2d0aa20e45d186f6081197ad2500a0c9;female;28;f96fa337d65ef3cc790e77923e9e643ddae81ae1882b41675a425e6def09e68d;4acb50b3c6b680d31989e1d35e4a613465160c19260acaca450b1bca042a498416d2a5df9fb10e9f48426eacfecf048321b3a06e2b2806543020afe2bfaa40de;98944;526d993c1b08fffd32b3d7aaab986bd9;9;14;13;20
4061fde01183071d0041149059b13edd;844ff75e1654a7341adacc38951cc6d2;male;20;41e490b0bf70f343eb06746d3f106b0360966f1c9e5c4654b299455358b9f07a;f277720493c456f9aa90c3d12a34d52dc7e1fc8381e0b2e190150783e7d5ca38aa57b214f4951645c6d27bdd886054a3;54508;360427667f1560cbfac927016ef74976;11;12;20;9
5e359cb5e4dad9cbaaa79fbb5b657041;bfea14345a367c89bdd8a297f18f2e9c;female;27;16c09abc2a44ad1f19a1087f91fdb31d7986dcd0ee4c32b58685da757b982355;ecbf2496eaa29586bd02600f57f83d82b3533ecc4dd149f0fbb1385245a7fc1fc59fd43991a2d80f48276d1bb0670efb;43943;67c03132fffd5abacfe1e9242e078333;10;11;20;11
84e9c003a782884167cb209c75a255d2;2c5dc2bf65b800354fd478e4e8c739c5;female;19;9b1aa224d5d823b17b31b9a8eee19fa1ccf69c3ac389f9d758ea1cc6f8b47e8e;008d461e6a55cc1ab02089591160b5345a04e4356b240e2ec931fc97a807aa8e1be9303b7680aa0ad76b01bb13fa5dd5;90611;5337f1b301d15e4fce4f14dd5d72a7e8;12;19;17;15
62f1d461afd1e69145115be783c2b22e;5f62a2d8d5b9c228a95b7c7cce59c0ba;male;27;d4936f32e5818078fa7bc5c3b8888d38df65c8718728df279dbf022a49e50425;caec4b7efd23e88ec3a2ab584ad8e42dea7816d9e516d181e0c0104eb382bdce2431b5d88b2553d49550549412e2c9ae;39617;4d0a4710177c29c40355a81b0893d603;18;11;19;18
65c2ea6fd3b670d2ee1dbaf835bef895;a3e178bcacb1e5e32a66da65692a29cc;female;25;d7943c21ee4d9197a4f61f1729de6595f14ceb62156e3e773dc127262c46121a;4a8cfcd326d88e06c78be418fba2accabd651184a5e5ac1a5d80398a5e9ffa11f2c553db188503a7c613b30dbbeced14;67882;94820eb861874e3baadc118170dca62a;7;7;9;9
70bbd9eed1f0b65957934d8c3c06d9c7;dae3e2443e49de30fe78c39b150c0005;male;25;3ee521bb30eac27acd7b00735c4ced6c6dc5bd72b27352d257744e2e57267c38;637633f6f460fd155d8a3020c07f5aa5397c36c28f10530b08bb1d2dfe4185633586919ba2c6e62f8d31010545fea889;59094;013986a6bb64fc6ba2b64dd96e79f4d9;18;20;12;11
49666272758d313c24590868b4b4111c;6c9aff6795de822db99bc88f97829645;female;22;7b978af7b8eb9a0ac663041aafd9d958a8237d58aaefeedc3db6335d460bcabb;f441e35f00da733667870ccc48773c5b2d0df32a49a5276220a070d5cdda42d9bb593f0b0926554c7ef8b9f5bd6c0e55;29565;8a0b6436c11d5f5d50f6d5839d7ba9cf;20;15;9;13
448663c9910690b8066024b6214a8f4a;2dd403f807ae94fa412a3d729ac18975;male;28;3583c006045b2dc0ab978571f7f5bf202d0a23ad8a0b51c2b13cdbf45761d1de;453cad0459b88300105b44494d671c20faf8c766e2f8fc02d832f9ab7fc3c6c4c0555bbe5b457e77a6e9895c5a903e7b;22364;d5e1fa48e77f2b47673e3e99da665351;19;14;17;8
2b827ed855efe55c51bd7cc6a0d62745;06d1f0824da6e36112105c3d147a76b3;male;25;c2388d65ee19417a174a6c15882c9c95a1424776d52ed4f1d69e2d5d43a21817;07760aff164b9a76ec7c68c645b107d6f4105546c5e2d0fa2d104f3654d42aa9e58c0293f53eae84f8c298b6d51b82f2;85894;677f0bf078183788db05cbb71897001a;19;15;15;15
468c4267940adebe049ac628df920018;4afa0c14173b3fcbac2ad315696bf8d1;female;25;23cc93497eb54ba65712a7a4325149a4ceee4367f5b01034fe8d286a3afb0f3b;1d0fb44da55a7be3669807a01b96895fb5841178542aa0be2693d012496a12de2d70436291708bff49906ac55ff15b80;17152;f0c9d69c8b39cce2f53ea44d0a37a0ac;8;12;10;12
0e56df6f19c183bc677a2249e2bb7769;c3da79a44e55dc51a74e9aaa83d3fc85;female;21;4b897bca957a4703487d148969f5aa29c94444f324b75d901572b65f6ed4f739;9b711068cc9cca1a429d1318e79c2d01319a701019527828c56bce9a218dee8d54577b14798095a27e65e0d53a01ac7c;37833;23f6832c2e91632423897c0dc7278f96;8;10;15;18
b0b833642d2d668ab15b40be98df5816;c0d8d1445daa5547eda1478aa2c0df2c;female;27;953dcd1b30206d040f732fe3a27b04b9832d2a5b31bb7ee3cf86f2f50b10a438;ac4fa00c444c3c752c441c7eba3d5c38bd00edf754357f1cd5d25f0052b54edac8e9c6c21bd9775370596dd04d61a73f;10824;79bbe9ac20cc4ffa934b76e3861879d4;11;10;11;12
0b09338f890e8df81ee5ca7f9387c4a5;ca08063603fb3c54f8a2db1d9c5d7703;male;23;2819361cf52b8dbc358fb64984183e386b2d5a87e5fc8c17a3d31cf96d5794a6;e37284240c36ad60f23a63d4580cac642576b183c4c057228aea53a2b61bb060084be0d4cbc31b3a86c8ecdc98091594;68370;3c0ccefc17207df41d0a1bdfef7eaa8b;15;16;9;19
d6ddee78921fedd22ef80e05b60ce36b;2a30459756929dca509506b1690f1471;male;21;7c6c9106bc02382b02d32d3147ba371a104d3ba09077876a21ad44b0f2ad4679;b2088ad43dbdb39ed4f41257915aaea8d6b5c4d19c3c6b8ca68eed65a3410ccb55fc0f619a5c8fbc8c320bfb8b7f4d7d;16470;9689de2fdefb0a49d122cbca4f72b9ed;17;10;9;9
a029bf17a499b76d051ca0f94385ab47;ae8227175cfefa04d740da5518317014;male;26;a9b8932df0bc986b4ec6196bc894e68d178d52f4d03420c522b5abc4f8c6f4d3;05530f8445809135aaf7c47f62744b6402a90a328b5aa316955f660ecea19d453237665031edf573e05d9148cb891408;34243;ba272f7c403d7b31931576922d0c5cea;11;8;15;19
fe4725935256d6822a8ea52dfed46df9;78efd0aaead8f8b1244fd088e3e3866c;female;24;35a7ee44567b6d32a20c0b1ba5f55cbdb4349576274629962d31cbcb1402f1d6;6a4594cc1afb46cb7c400c121fbdd04f9db5175bc4d5ef0c7c81d7da221b75f1a03a64eb240c04fbd91b838863a13e17;48099;868b9c442524b4bcaed04eda4d25fb71;12;14;12;16
336a2a9703261e213db0ed97521d5cc8;ef68d781e178295ed924f8e3f047de6f;female;22;acf8008214df5684193fb2dcd9b1a92855a4a568b048c308bc6ab2eff8d55c4f;07848d6e24f1454a0396fb74f6cd70dd2583dca17e25e7c0694554106e3e8977a874396cb5b4ea1ec25d654b7d47e996;39792;a13a10fd90c01d4700af74d8f522b5ff;8;11;9;14
aad2381acd7f6b91229e5a40404d0580;636effdb2d12f585d2248bb4cec813fb;male;24;e26223aa709c807312edf506c0414d4f07090cf5c5e1ed75e890dd77827a5f7c;f8adb493a7bb22afb52916183aa05ca46cb56e41c1a88659eb07b46605685e129bf5aef425ade119f068e234ebaab2ec;82790;57f06c11eb5487f6e10f04ef7d8439cb;19;13;9;19
751e45bae4b200485484d2515ede7cf1;a50c1ce206f55df113df826c43f64dda;male;21;31289a70e10769c78ad5054768d3ddbb22732df6a3b189e313f101bc9107e34e;14ef477f0b99734b3b1af1fef12a5336dc7ef526bec1087156b60178d080d54e8665409a9b98ab5a26e2b08679684d07cb2e0f99136ef4e2b4acab15cb8b8f04;19178;dcce3f9cb74698ada7a2446289c74e14;15;15;19;10
fa6a0519d5ea29a96db6203f57247c14;6a6f6ee65463750aa67b13675438be19;female;25;6a739e8fed7c533a9c614cea39c21e963153149f3ef34e4b078bc84b5a778e3b;27861bc69a0ea14acda69b07aa05f3be3e3beb21e07be6763f5c639cbd6252c84dcdfe7b24d0dfcf28a3c3a9930a6364;884;6ff8af712aeb89243cfa0fb57f423150;12;15;20;12
1984ec0982af1fd3a75204dfbe96a05a;d224968a14e897069c4cfb2ec1812703;female;24;d109a7c4f14fee0a26335cdd88081eb362b58568a10f4950bfab77704dceeda1;72a5d59b404f5f6e86f283bd371e7b768865990834af9c4bb53dd20bf4d1e5e3892039f4ba95b2aff84346f0644b6a06;30631;460d3a460e3adf4f1405d0af0e3216b0;14;18;16;10
644cb670fd9fb822172dec187fee0850;080630edfbdbf078baee7f6cf7be96a9;female;22;e6cba691868d8c39369ad0205257e48a5ab2569afbb180268c8a7457c233beb8;277ca87008ff0be515a45af11259c502cc0ddbae9141313fc59eef994bb77d5675139abb522bf1c9edf059215a38e578;26466;a105c06a4764e59c5a3f8a3caf14c5c5;14;16;20;18
7c27576749f8da14c75719f013986cda;d6c73021e54450400f44bb4b4f6fce63;female;22;0e81aee9f4abba664b571a5ac5db9549a6cba360a9bf82c6b495d2c04c3ec9ce;0fb30e9eb15b32e4258646757ef8244f192fede9811d61842f634607c58c385bd1fbf2ed9c51125f79c412425984459b;69027;9ddede109371170386adf0c0e30e1363;10;15;17;19
caa8a291094570760f44ec841361068e;c7303322177de4d934e6a31164e43885;female;23;b2ceeddf70d7ae255c6725000fd5610ed205e673c4893655aad118725c73c3f5;de40e9015e053168f8344d539b113b9702d7defdb87c006c1078b96fe2d3ea188c3bd01c47f56bc363c53551d2536ea9;35132;60e90f42adf277e16838c6d3d4f19a2c;15;17;12;15
9a17aad60ed52743c7ec70f0eee5a287;883d39447435c2117bf193d5c20aded3;male;19;1dbd3b12b517ba3295ef8ef20a7b31d4bf8cfef55a3ca27ea2d79723b2007ec8;c2e7cbeb11dd542fd6c170ae2d2d295bd6ade39440e0fea24f4c703cfc526a2e2802bfb467f2d9fdd9fa9de5ebcc6ce4;26137;2a3dada6f3479dc24c9e61aefb2cd7ef;12;19;11;12
8dc453fa73faa792d8798636423fe56a;f0c147d9f62ce717c73704b0e4b0ae0b;male;22;897dc1144b0f9565107e8ed4ff00118170dd3d68f638ae2e2bd7a64764538abc;ca841409fb1361e5e7ffa6cadc30b1237f0fdcdb689e0c1d485e8c2760c72e4c303af745ddcf8b4a3bdf1e9e2a46c3bf;99083;a8229707de8ceb8eb41ff23a3b60a2cf;20;11;8;12
d875341910455a54e37675bf3af80497;a96502cc5b0e4d5663d98fbd456fd2c2;male;22;30dd582f4bbcdbed0f36b050bbf226eff9055bef16f4b9c2faac9c39613a0ed8;5496a2102ad22df8279c3771c2c619f09812d4cebb5e87520c42068ae5bae00df9b43a32d857a46410d88bb468dcd0c1;44444;0c671ea28aa4ce0dc95e1e81c96d01be;20;13;20;13
23563f22fbbb9ba5d34a4ab0d71cde8f;030f5dd34a9891f0c1307f361ed750fa;female;26;b4d179951e479deef6e3f3e7077f3912503b69beb6413571f473c666a865f02b;5ced12f4c499a9e7c80151d7928cc4cfce38b701224f380a4147a88ae5329f4e70298ad62132782a35c8823814d6e51b;26872;c6179188978af2ddd077b49c0916bd91;17;10;10;16
77a2cfbb7e94afbe0600ecd46abdd34e;af3374cb5596fff29342678c6a57a543;male;26;0191152b96078f290f541926fd0036c299f7158a9ebf02a8f5fb11144cead00e;30061a7190be7d822f889f71cd21e50382a6935fba00472a2aa1b8ed461ad19e3390f6d3297bd11826f3b71effb3a522;24527;271504943aa989be01d7c59aae0cb5d5;16;10;13;18
440af403377fcb93da6a7f26aed38aca;fff819145f632f7fc9aecb66d1372b32fbde17889716041ff068cc9112bf2c94;female;22;be45e6a6a5051e2e62652d48d8d6c75389531dac73d2ac9935fda6b2155b6870;cdde4f9beb80a9d40384186dc666b2b8bc9aa085ba426e89d26724dd1d0843872ad69d7a3fc9085bf98228317e5b857b;1764;cb3276bbb06c96c70202e87d7e89100b;12;17;18;13
11a7902553ef82b17f9cdcba67dafc8e;7c735583ac2fef2575d62de94e620764;male;23;08116aa29a27a154ea56914bd66c883f7f8f9d0bd4861140a6375226b259de03;0f8cd136080c3c0da275487e23c5732aef120535a4ae4f06e32f8c94c1619f594ba62ad1f169a61ee108cb24460d665b;8363;089ce480d7e4246e9b2b19174f5b45cc;10;18;18;19
d77c628d27da87ad3a51454e264bd0be;74a9e28d94615793da10ac54b6d940ac;female;22;d5075ebb2f54d5fea5b59f0a9eaa065190b4e9875758d6dafba43e477c2ace33;6e14d646e31c8dd0fc301f0db32f41611f74e1700d01960c3339a26c92e2e1ebaa3d962ea264d8c89e93cbd607a220d3;94602;d6df47b4cbb605f012191a320304ef83;14;18;13;17
5e99813d985955b8b8b1118630e32447;323a39ec69f16a9869bae1583f5d3f8f;male;21;20c4972ace633254511e79b6f32f275f8a69994825ca3d0b7b81cfa31a30cc5b;89019dac1a8f48f774846347f511e3899384add0f904459aa9de79bb6a6fdf31;28401;9bffa308ba4729bbe91947c5e6a06b88;8;11;13;13
8f631d4a12f9ae928e8b0d749dbc76ad;0c81581e3c334b77764b7296089cf321;female;22;81e61fe3ca9a64c6292c4a8d545a37870a0c8b6f81b26a6e56e7897091333117;4b3b7633d427b1107692e28b8c71d50cf44aa0c56d821151058b497dac3bc745b4140f492647e21b47d6057f4c05785d;79617;5e228c126cab83e9e8554a138f6d4083;11;14;14;16
c5be6381f6804cfca7ae797faf5a9276;627d5e297ca54f3f21a9a62be95c1108;male;24;a3c37d9620d71f3b911da78056317fa7b6ea2920f13fbe591db5e0cb5bac8780;7b64879add4022e218c5d56e5f5c72921c9ec708b2a0fa51c10cdbf225dc32824becc885a3eb1dc3d88e4c5777c74b89;90234;27dff86516c825f21d2864cd1ed7d115;19;17;10;16
faefb180d9e1d0f088e993f354fd5764;2058962685a9a38ec682e085b3994b05;female;20;3d21274adc9c7913b67ebb91d94dea210726d49123e5b12d8a3bf32fc747f901;f34cc01cbcd68f942da7d2c53b6f3dde1c832eb63f935182e82616423ef71094e8ea7dca467f49b295d6c7d400f30395;29154;6ccb95a4a90ad09da4f8b7e74a938471;19;7;20;13
c8eb0b6dce4c9c88a5ff10d66b3fa6e3;9fdd54202e54c4eb2eddba2419bc0183;female;24;763c91a8e64a70baea2dd114f443ace2ed9c022abc93e6b4e47bdaef12f5caa2;68370221c696040b918eea79197e6ff55a0952f680a5ed45c8ef2f29c5cd70ec0d7c36874ff73afaac2627af1b319143;76847;b56e70906e83c9c21e572ee2659a559f;7;11;9;18
59089c8712fe7ae73f27118d0e1abd64;ead498bf0932b0367f9b76047fcf27db;male;22;c5c3ce879e0c848acf2b28944846eb082b7b174043cf0033c56127b9f8cad796;d855625104b904ae8692c1e9e68dce047a97471ef7bf9ca9692bc9ff811561435e50b8ee785e300f7aeeb5451565e174eaab87394057f0a01e9ac09228a1e285;62895;b20b0ed2ab58abc962f9ab67b8e81364;7;8;8;20
45577e2d62ec1f3e007f3284f9516985;80549e520cd34eef7d44531819845b84;male;22;bdcfdc449805ad913acc0106a4a6aed32456cbb2c8122330410e5f213e84b59a;da69d818b6f32f2732803085fffd13466990e8756135447a25b60694bebfc917b3ec08064f1701ed8fd076c5588b40f1;92212;780b1a1929318aae37fc6ac28dfaaca6;16;18;17;8
22af57c4721783db41876fa6c5b46a6c;dd4b5668fd6e7efe04ce37fc3063853f;male;21;98f4a552a7ba5936233e37cebda91ae2052ad9fab744e98d09f2558f57bdd20b;8a50ec29f44d39cc5f8ee04497cd7c8eb75d1bfd964a9e0d7652a9dd470d13dcb8b91e9d678fabb69e67321ff5e394a0;41001;d2e5d6d390a2c9b2ad2e28f076fa0bde;19;17;14;11
0ea28a16dc938554d05fa162d9cdd999;dd4527cb74ab8284f478817de37ee68b;male;28;b47789605a8eada8ee81e1874adac5cb6c73cd12005d7cf7528a7d3cd5d9aa40;4f5d0d179ad5e674afb305ed633ee5f1f67f6cd6023e1e87432730259c62eee43ab91b6756fc82580eb7026bac8f5b64f6d2cf067c5426eff2086f88d1b7c78c;12308;f76745a74686fabf819fd206c1fa6cd0;8;17;8;8
deb07e012d52635bc1b78bfbab0b110c;2e51bbff97c548a89b63a61f0bdff121ed3de78abd4e25e1104ea4c9de0905b8;male;23;27054d8715f2a0e30429fad7c34854094720dc3f4f353064980fb83ae91fdf06;b382771e25a1a0f39cc9123abd7f10b2c9273373292d2b09cae6e4d50ce17754;92616;6151bcdf9ecd2386abdcf4b7003735bb;16;9;19;20
37e72e322ef82971bf840c901c6cd587;47312d5280267236900420227a9a750a;female;24;0106ba332612217c8d7ed64fc3f78f24db8ba7a04abed062be6e37909265e186;2de789d0fc158b0f00fe77192d74be77fee47bbcfe164c80f4eb2c75b406c5e7aa286bd8f81b9c9013e96d08559b7194;52495;014705a783fe11e4dd2874c04f31e8cb;10;15;17;9
3e895b6091ce5ba2f28108101e683210;f1b3831669a71b2a55bb26da4e681513;female;28;121eefa390600d1f9c31877803c46e3d2dd24086320abb9ebe668b987552210a;0e2f95fa39cbf64a7c14f7d80610e8d027987df3a40b2f0da4fadd17160097fc53de02b2da84a72fc3cf79af1a56113f;90075;9732b9c1a5f6f0b52360cabff3d98eff;18;11;12;10
d9fa3f1841f29565f845de833cfc3d0a;1bb70a76ce468648c0616abce7bccc6c55a354774b46951a943742b8bfe4ecb6;male;21;06da6f8584ebd8a6290a693aa723ef84ff89c8616b36b9531e9d1cc86d09a758;210eb4c993b052570a4384f00c1c4cd0f84a0f89e98dd9b6c272fff6dcd74b1e1f54ac3a4e8325516709c477abc3e7e8;18215;d3f79e35cf81febc25816b4ca1bf09df;10;14;16;8
a981a61b5fbdbd066d1c9b15dd7755ff;6ec01e021f90643ea9f96c2150aed82f;male;19;88e13f8c0217243b5bc342f158b705cab3b133d564cdcc56f6cb2df544907add;3045ba576f73913da8cfc700dbdf9d19932a95671a27599eb7797ec64ddf3d63a0ce43a1fae853e6955f62568a9f8592;34858;8d461bde210b50bdff176e78a16251b6;16;8;19;11
dcbb9da8458b512506305499b227ceb4;d51c214691b5a80dba477b7e91232afa;female;20;1e8883d842081d21dc43b0debcf126af31a668b670e0b9b68e0ace93b83de5bf;d4e6281873dad53fed0a93595700a3944d5022e2ae0b9985558d771a9eed79d7f83cc0c42870483322b896e7d70c2f54;35843;288b5f80846193315b074838ced7ff7e;7;12;8;8
5882eeed84d661fb6ea0e944c91410f2;15083f9e82f9a195692cac4fb263ac69;male;24;0599449129a2a962b7743c164425346afc55d405c78122798a1ecb1183382cc1;f0155faaae7eb5e9eea828a9be9fb04eecd9ab26652bc247c385a9423cff8cd96bf2004555b65268a721fb964c883c70bde47e4214167925aa334762c2042bfe;58397;c619e61298ec35e8f140e11dd6935451;12;18;10;10
3993f47767a28076517bf70acd5902bc;d94a189b3a40f321c98fa452b1d6712b3a57b17eb833fa2df789c6b3c058ff9c;female;19;7670cbba9e45a85b50bb33278b676875a231d8ad797f1a05f3d9843920057ef3;72c39c241241e3541c23692ce98e3e2855538669089254dd591b96e002a0b2dc;7301;72b5191f02667a5c0ef1432c58236c0c;17;17;10;19
0d356ad6a3137bc2b35c97238a4856a3;a90ead559ce0c02caed97db770b2757c;female;22;7132a2e83f594c9da1e0a50b0dad07b230ab02b7ba215bcf42d1b95ca144d5d4;d2564f92d6114b9c439fe3562f570a7db738555597881e7230cbaf4b2e4ecb964ca5411fd80064dbc7878d376d73f34e;58359;cc61230af5061c1e31f3c4816e0e6f3e;14;18;7;17
df56d3a2c05e3686fa0042f5eca350e1;7d7ffcdaf25363ad7fc9c234f4b75dcbb1da3524bcd29b020f6b0f8e869c8518;male;24;0a805813fd51bdfee867796d18965a284e1df3336876a5adc472a9f6ccd4aa12;dc2761d7df09a68bfab1989bff45413c42a705b219c358ff3f6e91c43e75e190423bc2b6d33eb5f3b1c86336fc35a749;64036;222f898e2bad6a96ed9c6c20d9dd61a5;19;8;12;12
f130fde4e7fc7e88797ad6d08297107c;9c506ef0f5d7b8491daba424f435076fd971c4731fdcab95eb2b0207c0ce0bbe;female;24;1a7a399bf8e93d50ad90d1e5bc76b9a91668a9138d7df01c2e34247b9c4462c2;06accd45693dfbd6c8e344e06e52a639e32deeea7cf2faeb32fd3cfb315b6c3bda8d60189eca2d43d696ac6730622f8e573c1e29cea32823e60b17c506546e05;9854;0828627a09a4ee00783df14564e82c3b;10;8;17;19
2614e6481522846013b88a842f296df6;17cae161aa619f0cb6190c2791a2363a;female;27;3c781364786cc8212b0c7c31aa08024f66930826a8547308917dca167276d84e;10dc960ad8326fd0c541a0a31a041ff55e99445862585cdb27c839ca0134f990d13b180c50ae368e7fbcab5e2cc6e90d5f2246f2afd1babb026c4c7a57a88f96;26475;8273bd49d86dc92853a7eb3c862a5dc3;18;20;19;9
63cc293fd7fd5eaab9c4a96349c90f28;0fbab0f3b960eb90eea2907c623a2337;male;21;d0078a67ca34ca93b81bf801d985cb97c59c64d198d619ebf25502b47fe50ee4;072ef32acb84f255369ecf30c154be9b3139ef3e5d7435353b69092c1b9fcd9ea4bfa0219f4eadc314e6867e2b4abdb9;98784;dff5e6605a98538bb4a8f2fce524d230;10;17;15;14
bfb99cc5025ea175e56e994fc6d88610;a6f1aa3d6888223c88d7b331ebe8ff57;male;26;44c4e04fac0da6ce7a1879ac84b79ba84436987e2a319f468e8496d0090e8174;96ed33c3215b760812891fb3b439bb38fbd5acfe4a44123df5e90367e3a8c32fa48aa460deca2440d8631e596078552b;35659;c9801d63a114033e0b71f7b47a156be7;11;13;11;9
3e35d930806498a8588d9377820ec599;d1f4729316ebdb72378f5a8b1708c569ea93b0518f9d567b628580e7b8805bb1;female;23;a450048358ded17b4e3632f303ac6f3a624a922b2e21bbb5bffa47eb1dbac3f2;d98b09461444ba66005e09e1d978a2e1a3c72deb4799db23e1714d6b8bdc6366f91f11be6e6228ca7f44a2c266c4e9aa;15783;fddee0065288fc09a631ab60058bddeb;7;11;11;17
67c491b91d7d5997a9db6709503a2e8a;bc95d948f07ad0fc57683b2327d7c73e;male;20;906b530f47fc73804b06c35d4f92e7cfca6f6c2cfe136819f3f4feb3716c9458;4080ad55ad80b92ab010ff1a1b612e98890f729f2c2c035664789f5a6439fd586b087855b8f1b504c14a69786c1a864e;96787;47dc312f77d56eaad12acf08e405c04e;16;7;9;8
072ca87adf093c887c58c4d76ea375a0;1e889b258aa2137b25865d142abfb3ae;female;22;b99e6ea23c4bb04ffdd6f7f4f87d1ad4efd3f68ed13fb461b332747a0e2431a5;03ae80ca7b5a3522aa83db4dd3aa523a0bac4547a443c0869575fe762e546efa0dccf996ffa1dda47f0a48aa3069a2e89ed9fb166c5d428d3cf7c254ad369243;11300;779d923d8694918123d44a865dd0e8e7;15;20;13;13
9926d53dd9933ffb71136a7bbcbe949d;635fc0af3fffe54f9610e99f040702aa;female;25;d0c1e984f1f25b33584eca67abcaa501e8d6edf48210380868968bef685caa75;996a07dc4e2ba5bffc1d81ed5df5d687376bc3759ac805074b59d7b50534c12a21d26047ad134849fca2ff059a9b8e69;77479;8243fcd652b63b14b35c0066744dbdd9;15;7;7;15
0b0f8f1dbfd2a605477af4e24142481e;9cd4c59fa21b72d908c228b104424ec8e078489564db7cd5b9d5b2d88afc0b55;male;27;2fcabe31c6c4ac337fe30f192b95584d2c6791a296a139b7130f513a1602195b;30b4e5b0139a7c1b9c337fd46665a216716919f718aa32da1fa0fe0471145785e1d3f4b04b84b0f36052a391d1542ff66984a67309cc821c5a9bc2c97e774326;59806;e087ebba73366b2d65f43c63a4768ab7;17;19;10;12
2e626f17413cb9f3d47b68436186b13d;04052f766443d291daeefd1e71c375d4;female;19;07da2ebf0c8420de7cad8151b20db90c6a316ecd321a3c4f4e78b5b1d325d3bf;f618b9663dd1bc89997d773fda471a495a4c63b71e6b03d8f1893e23841e9fed4f6cf0672020931bdf49dfd1a7683101;59553;d79238bf4603b066276d692e5f9ce357;15;7;8;16
7c48f87f6cf79a098052cfb9dfc1268a;d0286ce6ce8992612ce0cefcf295b006;male;28;e112652acd82e43558c60b0554c7d61b7942cfd74fa3e893d0bdc67939c55720;4ea2f1f5852561ad38546c642eebb346c039a8a78a7ae37af46193896232e5738cb1dbe78b2c75f7b0797965de9862cd;68847;542d2b09155773fbf1fb73e1d8294d76;8;7;7;7
ebc4b9d82a0fdd080c7768692ccb3ea6;57367a23e1f9d3d024274df6d346766a;female;20;e9a2a5684aa9ac51ae7f5aee9f383a13b4ea89a097b5819dac9c1537c3742811;8562b8c930f580e87d8e57c4175a6c31ef13666115d5fe71db651b24e6ab34b2205d1a9e07e112da8cc486d827b010ae;55747;2813d400f7282476be1d0e3b53ecd3ee;20;15;10;13
2282c9cfce86f7552e4d3fb2ab25c3e4;9e2c016234ec1b123ecacc19d0aa2d66;female;22;bd0aad7d7f4625d9b5e2127fc1cc004e7f143d8e31ce6d6d1669c06765d56fd1;76cbdf9dbedda206d79e820c228736e17749496d95504c9fca966695c4c371d525a0932a53bc412c714debe1c9a64ec7;34108;32a76bd9f4872d099130d69a23c5b29b;10;18;13;10
7769dd3bbe43a645a74197a80a3e03fc;2c20a3ef9bfb42c141c676c4322cc021;female;22;a7568ed8863c078aca5a32090b170a2bb5932adb0ee690eb1cbe6d67317605e2;4b9e978dbc21cb5e4ed0e97a5132d144bbb78f8f705b122dc0670104e6c46414f9e8551009000ced7530d0c2fbc185fe;52246;c4c1b4517c6e867f10646032f86fb181;18;8;17;13
0daaa57ee583977d442430cb591e0ee8;269db7232d838bd55dfaf5fdb1db5bc6;female;25;073b51e589fc02956048b0122be8cf6466e083ddb69173e5d3dade546d3b1745;a10d4f84f7b9bdef4b487523fb2d29ed910aded1dd3c3f245f47f5b92f4572c8153c7c8718dd35084bbe9fab5b5dd879;98796;6ca822fb504f175dcfc3eaa95e33c7e6;9;14;8;14
51cb6ebbb649d0ac0310382f93c3d242;f931ca908395d6e1b620636c5d68e8bd;male;23;7ec728bd0fafbfb6702d20d7c073e4d009bf329369549d848a7560f74b94de4d;2a998165c97567a5940fdc36e911bc031174dc04a910adab9ba67926e15bec16edbdb9bc8a96458944c21708c8699f1c;45753;418c1ddc7f878319617feb324b2dcdca;12;17;7;14
dce2419ebd150a417978c1a864467656;dda6320921a0d52d526a7e635c9e5e39;female;24;53bcd59388c72fbb8723980ce0da948084b0792366682bd5e25997c6647e278e;b02768b867c1717bcf2aa9001251749cefdbcb1692146a38e365e613f4b5bd4785b0412772c1a9b97186bba91ca0b6c7;49792;8d97fbcb9f1fd2847b8fc5ff600b01be;8;14;18;8
4b011221607633b29007e2e3cd9d3c8d;5fa8b1bdbfeb776046c0b5fd2e582e1e5890f7cf248a1f65df8eee9c8fe5f6c1;male;19;1951a0b2b8a7c61b3ca7ade664d0edd577978f3376074a0e2eeb6b22d824a7c9;53af993b4e4c156d49161dc92fb66783117018423d91f6d0a04af9be2f7fad31672078e04be0e0d7d417fe931a21c80c;21764;bb6f6cff7e9dcefe3c3cfa7df0bf3869;14;13;15;9
79aa9a49d56cc8f283d9d098010a7a8d;f32e0ac4a23602f14b30270cf9c08255;male;22;ffc349af17e792e68750514ed7f7d3dd9f33f8de79068a510553c9d0142d0a4c;a87bfa317f9e8278d9b606226d0dcc84a7bea4de3227b1caeb7d8ed2ee3ee5ac9f01724e1239c6c9e4545a466118e51f;89661;6f35572a49220df9f20963eee78bf7d0;19;18;13;12
037c597aa024e4ce90757830fed98356;9882cd69af985176f0eec000e40dbdb9;female;20;af550b4f6a7cabe9c81dd919e6a1c32536c0a2c288d31acd5162e7377d34af22;3876627ba6a1e63674fd4592315e30fc73a5302066fcd26b3c1449524a8bb143;91437;5fe0f6fe74b22413d28d1d460d7caf83;17;16;15;10
c9af416bbe6c89dbae5fc66a5f0e1799;d637e1de8976d90ccfa078cf6e4ae221;female;20;7d245e6a448017dcbc06624d8312fdf2bc96385a5d6efc3bad2e7a71531a67b8;485630fe1f6230a54702e6bd5c8c2533c232109bc4b16cd21cb38540e745e477096ef34054ae4b6bedda2b1f09a22a7aee580c68c71da083b63b99a2e802227e;24425;f42362b1a280164e518ba54c408e4022;8;20;14;19
3d65805370a9b88cbe60708d6b343343;a431c3aa79fd33420452b2919b513ec23831fd564ccc3ee7c03bf0a3b9eb16c2;male;25;ad10e78ee5f17697d52e84fd72a7145261760035a0c6618156806ce07bd9977d;a7965155b7220ef3294325d18883b6d2f08946d30d258efa5cdd038ad31919a27090668d1464b29cf2101a6593a309e7;31810;c48c2a8def07d8c36a41907d6e2da2e0;18;15;14;16
988e7b25e17d34671918343d80a97a67;ca1ba2807104a557a6725cf58d0bf897;male;21;705c24c4a7c8e6a201cd081d9a5716fd77ce8efe861ac915f69bb26b9ad2d17c;0fc99a629261122d9d75d4432a6f1e8892a556ca01ae96a5cf8e4e9149f111e642ffdb96c79ad3f63045ecb5cbf91d9e9ecdb8327c18258ce4b6025fcf464e35;82411;b2c91257e3913d814816e70258b06d64;20;18;11;11
10b34c6b23fee5409905ac871d99d047;fc59b1b1acec4616071a9c46b33782c8;male;27;a70caa21f1f8ebe0fead5232d70eb84c9c49433e837f782fb588eb5fde065430;edc278267a84239b1c950b68d9709a1adec0f8f4d2aaa77194afbbd40b6da1b4b013df12e566375324f2c4567a18a3ad;92755;ba5194b55ef791b99a611a56d6b8b75c;11;16;18;10
8f08447a107b6785c6a3f348717fb86b;0705af7c99583cc07dbf51a6c151a0a5;male;19;e8dd9b32ca416442ffa2de80f7846bcaaf550f44d2ea8799c5690c4bc14e36d0;473d128b80a76f68f21a2f1c1f8c2d778ec64e4fb63734b187d0b136aac176fae06ebd43f421d2649cd56c1a524ac361;56599;1abf2e40e0409da0adee57e419a83bae;11;16;10;12
aa854cc1d2304170953d49b5a3ce72c5;2fea900ab4c396dfcda51e6e4c06d9a9;male;19;c83ff6bda3edd1060ee3207e9a9874ba7d9db2539f5b00c282f98963eca7a873;b95e74708e0fbf50385bd90d1036d4ca28755dcfefddf32c029349fd9945bae0;7524;585231646286606448338b63676ee39b;15;7;18;8
d7a4dd3b11a2982ab076ddd8027c1dc8;fd90372e8be26b7e161acc2bebc4699a;female;23;6452aaf74d918af2c35a3e22055e52c2c9103706f58505663f557f0dc8d44124;a1b140ad7749a9935be60d6ef3cae4a46855a31235c6b901f26da21be57463e91ac99e5b398d17a122d52186da4f7d06;67039;b98e7ef5e31ea5fd0ae8efaec69d9f78;9;20;18;17
99f9f7dbdd440260945a944edc479b76;21169c58f49680b84d62712829fd86ec;female;19;e5210231f34b4af3a3a6b3b6a792f8dca316583efd3fc46d9208b7a0c4514aa1;aac2a5866e8213df19cdafff75be313e16d73ed832936fc4303ee2b460a9d538bec16dc3dcd356dbe8dcf625aa453119;78532;8b9c5d85edb0dc834fc9dd1a2f8886b6;17;13;17;17
b3a506fdee736566853df4113d1db7ba;ec19db45f32a5c9b85be040228216e2a;male;26;5684b0eec331951d96e037ccacd77d7651d9162bc8136b22d4421394d595d938;83b7fd74526161ca431a634bf9a01b55f94304884c94c9fd5161d3912376ccb18b99fe28c48241cb14872fd4e4fd559bf6809ce12af6cbd28a15e953fcba4a7e;51274;0824df5b6a099813d97fa18f114e8cfd;13;16;17;19
4829a2e4b5f041aa7a8a7e61c059b381;8a0002f59e3bb8ad65150a64c8ac55c3;male;22;1ec1e4fe193489c31648694b333f1a8de674d025e6008b56a6462a5d80c49cda;1a7814b40f7b4ec70eb373480e45e6cf5e1b5001cdd67dac8d54878422195dee086ae226b3783db0dc082dad637dbaf8;87149;16966b9fe0ca41c8f28b1422b7b09609;11;7;15;18
e6cd39494e78617dc4d67bf7e615dfe2;ea63e4a7f4ae39d9113d5a7f093b375b;male;23;93203f0f0dbc2bd02fcf7e8b3ab2fde8344edc63ef9dc690cd7d774b9724ba3e;c2783f0693d4e811893b25c9b830fd91a75f52857b340c90e4fa38ddfecb160018cdc382536c2ad82c810bc7f91404f3;57283;e5cce9e61ca79e17309b0228e18994f1;12;11;10;19
cddb553aad8651fafbdf8d659c8834ea;2dbefb2c2dec3daec28e6fd2270d38be;female;19;c236d20bcff3cef759c11a363eeac89cf83e1d635c5599fae455adb23f499d0b;662886adac223e503aaa62cb7fc1df61109c17ca98acee1548cbe7fc1c5102d879d390f6ef079a0ee6015bb1d7c51794;13601;38cac09a4e5cbd735916e469d5124b7c;11;18;10;13
1ac8268827cabe7d8c1707ad5fc1c086;28ca9584b81b4d1e75cb3c93ec52f966;female;26;238340dd2a072ac3d9df066afd589536863e10ebcf75f0e8fe1178d17d4dd57e;87b4f6e94c9513378425f6430023bc03a2c2e8d18b331a0396adc7fd412fccbcb69dbb174690873b3cb0f2f9fba90260;8364;e5bc890b8fe453c8072c72cb3e64e074;9;15;18;7
d44e1aed5fbb350a28c41c1a9cdf63ff;80c3fb1c1161fecb39453760b3d189c3;female;20;cbc335856af6fffb4c6d186c730afbdf7b85b0ef0df3ff92b62391d089167222;f0ebc4a0ad89e329bb086fab97904374d62e4511124814cce33611999c278a56780f8d4968236b9be9777b126f02cd3e;2192;a639e86a06b603dc458e4e0a84cf026e;14;7;10;14
749013785481730fa30c2208bdf6da19;cb9a3cd73b672dc3bb7b26a76629fc19;male;27;95e2b1fdf607fc431ac012effcaf1ecca5dc7a53082b3a411e7210308d28a6ac;8484765297aad0394550fb6614f6545d92f249787229d44f5da34291e650d6f2f2256a5d8df8e3ef849e64c6536dabbf;12813;ebf09ed8db5cb72336f61dadf318de0e;19;7;14;18
d9634cc461023e0b02d4907a681d29a1;0da65a36ba266abe0748d237b0bb22f81528943d23f9909c40db1c20e163a7fc;male;21;97745c6aa7de1c33e4b9bdd686daf086a916c9d68bd850674dfd4871a78adee4;cbb3749d001cc3f0b956b474a15527d99aa14f036227dddaa01a2f5072f814eda2ddf0ada8922afc5a26bd9c0d931cca;55961;057a8cf10d96cf73302622bf64526f22;17;19;16;12
ab4bb24f422d4d7da476fb55a52a5661;b0cb557e9a04ca79c8791a2ccafab73d;male;21;dc250cc98a55418d79dd2322eac9c9d2a804e2e2326e253a9f1c567c7d1d4e83;b5540b85735ecbc6bfd62b016232db7cb79a195826f785bbb7016e38802bd0fc7fa7f54cfa459604f8657ff822206cec;13470;45e11f26899e930932531984ef1b1d7c;10;7;13;12
2f0bb9d0698acbc69785f4aaefeb332a;577b47a17426db3cb3bca36e2e187ef8;male;24;c263d4871140e00bd345fd6793ac333c491bdc378aa0fc770fbcde76a0a76e2b;f937eb5749ea92f24842b42b2e8f844cd6f70fa8d51d6b6126b3fe11e6a2fd1de4617f6028f303d85fc5fa38e3a096ce;15285;f17e7182b26ca89d89a08aecd0c13385;12;17;17;20
e829ad23726415a3cd47dcf0d51ac6a9;2b284a4151c4df0557f95b0d7f4934fb;male;27;78e1df17d2b447edf9542de9edf54da0083a910b7b6096ba0aa956689fca2870;442dc14ce24d893876dcd0b83b827f07593bfb7334f43fb40f99901694cb545bb1cd75fc7e8b05a1793bc77460e402d3;88490;221844f74c7bb900736b428c7d80fa5d;10;19;17;16
ba654c30f4f7d20e176dfd7be59e2338;5712104e8804514aa137fd52c26c096d;female;25;ac022d1efc3518423a57b59bb411591b27c8fc43f8c24917d2e092067628b81e;8f5162eed3492181c662543f9b9c3df74f13fb42d4979500fdada6ea7d4799466d592ba704947f600f83e3e5249d81c2;60396;e77bdc1c61d917c0378aa9ab7c5a32a8;8;7;18;7
eceb3d22d44c544b170714cb35143616;c4a24d1c203f9c1cf82f6da5f7d5954dc6a026844807d0a2f2a983912f3029f2;male;25;e70685e20b22d52627560cc4c9af3c8271850fe066b2ba46baa87b8ca9e310ce;864c04ed82f6659d05ecb2d771e7ef972a45190f4935a4a294fa06fc30625017;67469;249ac9c4ad41f9bbfc7cf1eb2f50e00b;17;15;8;19
caff603b3aaa73bce810cb3e76916de2;96bda895abff08e260f1bd515c16726d;male;19;33c28e329771f1f0f3252ee8516bcb0bb261ea2b66ff3d95a9eff4ef9a67177b;dbdbdcfe94824878c9549619eb6c71120b62fd66908f71ba8a95d23eeecdaa154205c1afd6ad68e28b89449bcba9bff0;57458;7791255658c395c285adab02d7c2b980;17;17;14;18
564402521ee6caf117fc51988bba289c;24cfa16787d329a1e05d93e17d756e7b;female;26;c9df76c04cb43fb4f459ae5f5acf2cebd3298d13c95f0427656d8dcf6a654a6e;fffe3defb6ab3bc9b1423d35cc8bd3758490ee8698cdcfda76c2d74222c24d240ba96553ab1fcadec22607c52747090b4fa9b614f984ae8774a4a6a6b4218a9a;18985;58844ce800cfebe0007e49480366ef81;18;8;16;9
5e44b51da41a8797961bcaa1b903e907;c53ad49e361e98dc5f3e72e2d45d0929;female;21;df050a07bb4c1808423e265a6b6e99c17917026c8c05f115321f199ce8a3be45;d0938d7bac9c270184c2345362835e6e41842e68ff5c789d447e83cffbff19bc14ea5d125eebaff362817ba7e2a8ad8b;51729;d78e9330e1f0ac05e9eb9c5fe66d58d7;11;13;16;12
6f81d8ccb6b0cf386153fcfd017d9ace;ca053e2e87114840a2763f5241a6f97cb11eec816c1a5372ba4cb05a80caad2b;male;28;51ddb2feadb7dc0d6aef02453a00222abbba5c83d0d73c73f3a5d01db25f69a9;a60b2f3462181e6c580d59d6de115c6a9b155e7c8f0cd769a0432431bc086a567b6afaf0dc6b679e176018b349ad877f;36031;6facb03fdae4243323d86d97f777d4fa;16;17;10;17
5af310ef5857cb0f5658438e7039d3d8;6efa5b18d39307b575510cd80474f1c2;female;19;64c15c923dfbc201282e06ed93901f31995a79b69e01c3834d32e91a8d39b738;d924079b6d2f8158dd10af9b12888270ced64a5f210068fdb615af34e6e8a00a493ef0ab76e942be14661f2d0b758d8e;62196;659718bac2d240222e10b880a895ac16;11;11;12;14
e28de912da68e7b3744b5ffd9646ed79;5a88ded986e297e02bea731649eeef26ca296f1386a0e25273996947c8fa0c05;male;22;48bc0fad65e7f479d4443da1208f0cc49250e8c67139f697c9979d59475cb675;e761848e40edf224b0f287e3e93e391acecbc49472011366a15d977b5abf3f2f48508be02c9c71b219cb0d2750a0af90;25947;5be1c741edbad71480d964a83ad68659;20;15;16;17
4d0298a3f1831f61605508a96bd0e227;06796ddb44816b9235b36f735a592f04;male;23;36336c46ce2a627da89d96c3d109ce842be225c092eaeff38d7b4aadf3dc1177;b425533c45b359866bcf068affd31761a3fa5bba32cf4772922f11212903d6ee8be2398d07cfe827900004ed84e08142;66610;f61ec5bd8da9ce83a3e82631ae103dcb;18;9;18;9
ddcfa317eef788b45f737082c72e4c13;19162803d1d2ecd5abdeca32f9f4d8d4;male;25;27d2e37fd5b0fd82837246098636b518bc3acb5679a973780402a768e537325a;c3cc9a5acf0975446c073490165ba89c7139f93399b9eea1a978354fc10322bec92b66510bb5816fbd3af5e9cd798f7f;98426;b4d2aa94342389b65b39d80f4e0c00f7;15;18;8;13
77259baaebc729f3c6ef5f887b31b2b9;ace08eb79b6b397fceebf4e3e70659f0;male;20;5a067b51ca7c445db99bfa3b9dc4b116bd1c3b62090daf5cc571ad8e3b31ec38;bb91c55c3b5c72b531510c8fdbf1dd0abd3d775787cfc82fdfb368a6031273c32db7a76bccefc2545083c6ef7d8b06a1;15977;5df64af1feb1c3f38498115e1f04ee71;12;8;12;11
92c118ff9f098f1fbfa86ab53be1f4a7;1a9a00a147dfda808fac27efb4e2519a;female;24;f81620604bdbe9edfb61fe677d6a7d61495db5b5fe7b8e5945de943b06e85879;78cd4ae5d9b17a3227aca89a84fe47be1948bd20a7b0b622a890a2f9b930d50b3829dd16cd92a146d96119518a1955d9;32194;2f79790b11f1baab51cbab33acc10b0a;7;15;17;11
66b1467ee63efc9f927ff48aa1d322f8;103c69b6223c8035448371dcdd0ef0b7;female;19;257cd84085048e587ce4e61890a98470e6247802fd1c2217b9b5deba94c67c6a;d832e7f12221d52324f94c5443afecad9908b42c1cfbb843612bd6ae2e383e79659b563b87ca37d6795d54e142e96ab3;85690;397d735f0279e934a1d3142df220f2ce;15;19;7;19
37c059b8bfad52d88ca38a303a2c947c;897c2c0de1d5d8e06d8e3c068eba8497;male;21;e5c2716009f3377d53a02504a467e8323448a17812160acfc00d2f6d4540b38e;4889eb497f18c020e329a7dac7d8484c779add79bab30c81b840b819cabf827bded60df50008a5c20faa6b3e1dfb0651;48897;6d426ea97d93e5640294919a97befeb2;12;19;18;20
1551eaab45846bccda958d13a8d3cb93;072cd8591a826b19b90dd250f660b65a;male;24;c3cb4f5922f28ae65e68dc261944e1a865ecd9eb15567051118fba5ac656b2d8;1ab8512468708e7e37c128c8ce5b3fbcfcf1066b4ee2f1c98d98d3eacb81d728edb254973af403277d2276e38cfd2bb949a1673760006b44a19a2dba8416f4ca;63996;af7d5b3241f3130cc8e7ee5936503021;7;10;20;9
30351c2f7462b38c8f684bb81ec47c1e;e518533bc0ff6936147680261a052962;female;23;fdb6bb0ffca2ce3bd675b3a7a2a222bc639161c0f230429ab3d08292a050e42e;53fa8014dfca00b8144b9a3882c836229b6168cd024c48a8dfcbff244a17cc4581352f276c66e5b6b0655dc328a86e40f1d18da8cc1a75fdcdd9969ef1c917d8;86985;67da8acdfd07e21c9dfdc63d642b3f22;15;20;20;15
5eb518fb3b19821b6dac5c0769059ab8;8bbbe78feba99baf4607d98275856c144b63e621ae2a72232d475754998e647b;female;25;96dcfdf0e849e7dfda9079ba1636f4edc5b9851a5f0f8a2e3c121daf7f3cf9a7;f601900b83a3a018479c3ffbb94515fa596b44b516bce08849ae08c1a9107ea023ff4c94744af37ce7ffaced061b57f1;54842;d2918e856f82ce25a843c5dc66b082db;16;17;11;15
64bca6673b7f0f4a2d811921f9993a2c;6bb2413f81351422799bd4005172cadd;male;19;799e36034618f91cb44d9c66e1ca1e7ba0dcfa192c2c9eff8c7759a0860972d2;1aba065230bc705be1c51c5d04dd6ca44f1cccfd6b6ccafc99f80785a94f4e05fa7104151fe790ab9ec1fcd62b47019b80cfa3b3d7b4938c89fa7ac48f4d3d47;27222;608f3cabb7b2ae80e9ab897174222730;20;18;10;18
452ec9e7632769073ba822d138565d3b;7160929f27bd6f3186c2c1af7535ad63;male;25;716800053847aed5313fe6219728ba3bca4263f0389fba2cdd3e260f8326ba94;621d17c5da25c5c6fd2b29aa88cf27ff18f53f1d88c197734c9f7154d21a04283b0861b7d3287a3d7f1ae424f6b3eea8;73359;791d4124fb3613f459087e5f594eecf2;16;13;8;12
30696ba07c1b408bcda632714edccb6b;4afae4d3d3586b93035a43433a3b2fa2;female;23;390803ada4aafdbad3c3677ea3d8c62d52d159b55ecce817c53c6574b0b91c0c;f7183ea3fc364b8c672b2d25ff2eee1146123f9140e072ba77dee91d8d4cc2453ed547d04e36e6e53180e06712780775;37237;9f53cea5e7a442b93490a58fec85cda6;16;15;18;14
61d8e7721515bfeed1598e8cd5441d1d;8ba03446429b8050c7be018484c95aac;female;25;7d7b5729d4606581ac398bcbb6e95f65191813d922287b4febb03931fd09d9e7;c3bfbd247df7a813d90bf4bfdfb3c9f1b938dab09d8208b632471d0398f7db99a2f9235c65b008e06ec57be6370949ce;59742;8110a3e886dc7d0227f4943cbb1ac27e;15;19;8;9
04fa7e0260f4f6c9af918817a5af9401;c3540a596604c5a2bcf6110007a30329;male;24;2963fc35765ab37df9e7d9579f21baefe2084bbeada97bad17029c4cefb8c286;42fee93ba144b49646ccd5beb29384ecb1fb0229df1437aeccc2ae12a32d2ec08d6c13b6c3f6d4fe462f33e9a40d8ee115a2e127fa32840e38feb7dcbeeec43b;15667;790e75f7554b2e4619d12502889e39ff;11;12;14;12
bdf82479bed0d947e589b5fd4ea5d41a;95f73f306158d9431f980f843ae4423d;male;26;644e7cb15d57c82071a7bf25b50ec8ccd8b3d64f2c35f920dcf2cba92a054df1;c371cc895ec5a5669811aeb0a3d644bf6febcba90511a15a69c3c255a7f4b483e1a0c8adcf32499c4f4a32cb2e8d691b966ad5c79f298e250d92b94ced9b3863;49628;53911c601c5cb41fafefaa2bf1db067c;7;9;15;20
2a41c9b8fc8db29b9b3c732152be1ee0;03d709dd929a495b1bc18abc2bd41987;female;19;847ae489a0bb61690c8fd1de8830c8c2d3d4298f690be659b52647a312cf51a1;610022a5820c5fcd4fa308d65778b3165a8f8e9ae13956dc5188a7e6189ce11f2407b2b435e9052fc83c2334cf11482ddd45293d8bce8b31f41dcadc7585c600;19529;746542f0845934984641f8f26c857412;13;7;9;14
fa7c8f1f131a0bd43e016f46e26694a8;ef8bfd0e8b64c1acc36861b1b7323b9e;male;20;504a6ee26d329411e23ab3ca1521ddd306394547d52e8d2102b044e1a0752fb5;5f58cd4d5d58b0c42b8cf5afcea677fd851ad6e319fb871b8152dd0d20b8af1d8b44a12c16606f734b7ac0fd88273830;71479;ccc6ff2dcc95252c8cd7cec1946b1c4c;9;10;16;11
6c3c186e2bd393f63055a7bee011d462;fc50507749d2da042543a6b74cbf37de;female;23;b1c46eda901725e7d65d9b72db30eef6d8cee96ababbc62afb84fd4d671fc22d;41f00cc3883d43575490aef1dd8033071950409ec6a265f6783f1d2345be82e96bee6d1b22f7cd5eff9c5f9030a9f152;33371;5b89a4b7069c388439520f7586972f66;10;12;8;11
5b9d1a4ff457ecf3340212f213c9c681;137d0df38d69cead969c87cb1577531c;male;19;fadc8c4b423b16489b286a0efdf5de5d900c878495b8604ed593d3efa434601a;881220e1490f65e01d4b67adbee6d001ee5e760fa6e27cb54cfe73113dccd12d440bd3b86abe5a5e94d8bea58c63c265;7936;b412be9e91dfb6ee8f9b95f1043cbe90;17;17;13;13
6d9e80818f0dbdf89251b14a09d0b082;2afb22aa5ddb3efd8228fc2f4d357a4f;male;25;f3bb860a3dc166c3516aa8c2ba57c4ccaaa550f5ea6ed12235f57f9486b05a62;8ac46fe1c4947f3d4467c3dc9c64995cf568f3eb1d929b30a4cfaca563f5aaf961bbfb4fc26b36ae65877d159227e364;76984;9c5b43cfc3a4ca5855ce3cbaa5d386b2;14;9;12;19
7e68fe4fa67d3117d9b1b58a7f88286c;2b8b4c5c990d9d531361951a5b15f250b324a474a25464801bff2d49259c76e7;female;23;21edc96a532ee9fcc6bd2046b1d9b774718030e472515982efd1f59922820328;4a2da370ed25e3f2d708a1b1ce5a1bb99c2c7c5ae9b2d2bd51c71b3cbf436964950ab8efb8ab3ce8171707b23fb4c6ae036a978413bc0e545b8505492775b076;74107;27b37dcc7b41c288db9879d85bdaff9d;11;15;19;19
e7183bd64256c25807889f96d38527d4;77d4a56b19846c16033cc0ae68597d9b;female;27;7d7e45b9c6c6388840a2241dc6ade545c52ba9a4cad893b24ddbd6e474340f0f;b82d80687ba19a3de81d71282cd25c4b470e3a32b4730fe54421aec254361813e200f7793bed6c93665d99669a3e28af;36693;8f283d5b3524e4e296fa135137a8c5d6;13;14;16;17
f57f05d6c7c0149208b53220c5244980;fdb2c740d9bb778079dad42ae7cc9a9d;female;28;3d3f5898cce8e5ccc77db88dedde0f6a3af948ed1f1a08b5d846d73f4d15e30d;ede86db0ab44569b2e12de1c6af2b655d2debe64e9211407f1073ef41204e297c58033859a21db21b12a8ae6faf2df54;73335;3a2a81412a42bcc7202231180d2fbfa4;10;7;16;19
11a7740aeaa79cd63ce838f15ba5de0c;6793255c424e6e153929311dd53ed48a;male;24;4b02b2d37cf98aa7eae2e50abf8b6b9f9775fbaa029bfe0f01dcf4db8fcd2df4;55f8e39091fd0da03f3d85d41e598956805bd76275806f3d110972c56b62ca85eb2492d73b2666944f78442898675be7;71943;5b5b4e833722a1dcc1cbd8b83d8e2540;8;11;20;7
845ee5240ec560dbe79ce2b485ac309a;cf5511610b6d40e93918ddbb3d70b7f1;female;20;a96320812dbf3f451da161b99640897fc51738895bb218dad963eb9bedf2db95;f3c871b253115dcf393b35a679066e4d9432ad4d4b530ca1a3640e07afd13993641c964845c74a6bf106319386d4ec31;28531;3fde11e98c03986bf45ae3e4b197ebf0;17;20;18;20
33a242ebc2624d961bed0ea28b69a494;bbd9011b0cece1af6954d4d0f7ff8b59;male;20;9a109c9375f781971e6280ab3bff1229f3ef37b98655e25027ad182ab8973e8d;e3c223b78541cbc39692cb1adb8338cf4b9c8d0bcb15cc8e15d85ed4d2eeda53d245917cef9d83f0430696b923f8cc64;97468;514bb8022f53a7535c50a2b4685823bc;17;8;16;7
682f8a222d39b8f73139f415a057a4e9;5dcecc2f83761d0a59ddc0e2b1668060d7b97b0cd785815db6539a6853ffbdd8;female;20;8ad3ce5c8c07bf5ceed4f3b838cc96008f5438fde59a66c569a1c6c569b5763d;c1781351d982d238b99194d512bcf5aa0ca6f33e68ea56eb913dbd00c95caabcac406876ca6b35263e8c6b15cc7c375e269fa9dbf70384147c80939c5f525fe3;18460;9b01a74e20701afdf94d31f9c5776e89;9;18;9;15
995579a1907b77cabc0bca6cc7590c1d;89c1de5535c7adfa5722d1ee05eb24edef0f4938f534763d30c813a7d8d1df82;male;19;6fd2a9174369948abd1a7a36e4d216f0ad30047872c323c469bb12929d998f4c;38120f00a0d3b2f64ada3de931ad3a5fbe6b07947852144fe4103166ed34f9f896fd9d3d9cd876e6c1dc42ffa4a21a7a;9030;e87a98a8ed1f23e59249b4c5d4541c91;12;17;14;15
a0272bea4989be6b175f515dc6ea66b7;9db109738836497b714658ced35cd714;male;19;0fcbab29fa0f40d264962b4197420e74ce36ceda6abb0c49087e36e032f408f8;3ea5a095642fddc95ef4f2e2fb139617139e1e4135afdacc09f4bf263af57f7fd362201ac934147bc7fe8858d18ac89e;28262;d9374dd2d0e8ec7a8d44ad73bb0ff60b;11;17;20;8
cccfdd47b1352f3c5933267f60331927;dfde9886d1ea1d447d274291158c1aac;male;22;30f0c00a41690fbcd67faa8d0fd943977e56f1c246eec96bb1fd8c39e80adaa4;579f95e3dcbfeb2bec8a4b5d9e914a10bf3c4954d0a63be831aad8170bca5672;40252;ad3a932f154cf969fc41e33efd322a43;8;10;14;9
e639d2a74e122f252e5a4a8c8dd81179;b20da4ab3b2d593499e9fc0cee1be894;female;23;ad7d24e614eb6088026efc013351ebf7beb198c8dfbb4c1ef2d60e59153e286d;42746bbad3a11623d7f5036ac7defe4567e4f90670054b941a09f6331fd5a9e6d6e668007b9c45a7cbf553fc8d3b6fd6;47177;706e311f59badbdbd9d791ec4e56b85b;9;17;8;20
e82f6b213f0e2e27376b61c6b88638d8;6bd41d0f3f69fd549b5c04e9ee5f8edc;female;20;cc56f3d4245fb45aed3c5bae9b9c45d72dec22be35c329b1822361a134712250;a550172fca4cfc63f174a6ee8914caad4a313b7f304950c879609cee91be8d4f0e18ed21328652d455ceba54eb84a0e0;79325;ece6809a0bce3603b20b5d6a38b71131;9;12;7;18
ba65472ae4c8a596352bff2b682daa9c;c5504a88c52ae8cd5d670a2636bb33dd;male;25;4736397288189e3ed1f1ba356ee1e342ebd36a2f8371f487eff753d0e13f7aaa;868d6d96d715fc6abc225a94bb40bdc1a0ccf3bd93c718446e23bf8812965aea2bfe0e0b03c800c275f827c202363a48;82663;7ad0ca6a98bf82b85fd025e329d3b3e3;12;13;16;17
84b001f8ce316d509e3e18d68f2e3a06;875979c649c884a5fc351b7b638b6a06;male;19;90787d79125ab40faf94c91ed99d3f586cc89b02a1604f4c1244da74a4410771;eba8495da40623b13aae4d58a4e9cc43214a9b6fd8c6bca774c39935464be899818248d29229edeb7f116b8275ad3577;22071;410abe87a7e8b36a390572eca7743764;12;11;18;15
bfeeb4d95129ae9276392214c2a018c3;369cf3c0a5b7847a3d755bddb81200f2;male;24;1841c27b397fcdf9a2cb5a47b5400fe263ad5281f1a502344447b96f94857865;fb09ddb826fdc346d910ce95a0c1f1c1dc5db1accefd23f466c7018d865f9b0d159877cbeeda749ca32c1b62c081ce38;54134;55ec461812f97791ec74013de993a17a;19;13;10;15
0a5c7c1c2e924b3206face3bdc108b5a;cbd6af528dc40a5ecf3c6fb86406ee9d1d88c8eaa7c783ea3c7fbe35c9b7a419;female;26;db7a1d1dd081bd5c26ee307609377f214cebd8ed8c9fbd3b4ba3eca4478159d1;b384d840b6139daa524699865b70f75c494b038093114ea559eaf0af7f768a632fc9b8f3e0b43f9706f54acb24d8092f;82553;a7c699651ab9a77148b38bee36fd11a8;12;7;8;8
84ff6eb04c5bf28aec9dc7453fad7dbb;100945b212c6bfe58b6b7fa21f038340;female;25;930b4d947ac01bfa8319ab915bbcb9820affa26219aeeb99fb69db3b0b74d582;df11006cbc45257a664058b980d419e82f921c6b5f3861a640351212d0cd2153aa9113b6abe6fd8634bce027c38da666;99040;980305ad229898c73fad95754515a835;20;8;18;10
5fecc79d6a026d31bf78784f5e378d96;ffeb2531e935a773d8602f7bb96e5c36;male;27;49913dd105c4c359b5624bc3f27d4ac1324a6348e268e6f0b8eb7c34731c06b5;95d91324d7b1863837a16847b2c41ab29dd684d4357fdc4663e1e55d6d1d825b7a52d5a9acd36e3727c77a7f7fc0c14759dd8c42f212bc94510041d1b294658a;71643;f8804efda310abcec22567b369947e16;10;18;11;12
ec3efe01c7d6eaccb7d9870d37f8460d;6eef59e91e31a903851e96f06c707385;male;26;2420d8cfc565ed6a02e2c9dca0fcf107d3c10efcc056c15044e58b967effa9bb;d9ee2fb8eaddb75091e49f43176e056e4f5dc9f987ea26bfbde8aa3c299454c4017f9d1211000cde4b3961cd647308c5;44697;117155706c5efa68effd0ea35d55b8bb;14;20;11;7
5d335ce36c131b0c73b209411db29620;e9fdb57be39e737c68456fbf7c7bc6017e6acae773a508499d41ed8d8a6055e3;male;25;c8c2f3fa4c403fe98f687ceb417e0728d01c654a9320395e12197602e5eff2ea;bd79b81d21ddfaf5888bbd4eb484bab663fd1a56b2a90c6e28b5d85844773606df9190d0de3d2b1a690ce69c4c231c6d;22778;fc94e05ec8d5af96a1737e6c80813fb0;16;19;12;19
e66cd5daa2cc7ee3f8d6024466e0327f;9f2db68d9467fe93a19896048ae12073;male;23;4ea088cb3c02bad2433db3c7c3e1575db2027dc17d21dab38c2b1651c7c3574c;fcf72cc212402f5684f11439bb3ad00c4216b9bd3953dbece4d0d549106601033604eae47745be20d032bfe61c025b23;85352;8b5709bfe388d7c06c8865e9acc6b61e;17;15;17;16
da95ecebb3cec07b3c9cabb2995936fb;bbe861a4edb1414ad5951f01f145cf12;male;20;baeeeaa2fac7ee84a14f700a8889c074f7c3135d788935215c0e1784d9d72942;758dab67413e1c7ed0775cfb6b89051a3e6865b484f8b3b7ae7b00717adb70db401aa421adf68e8a0db71b6a85f8ca941a0350fa22b68a6efc8ebd99023bc91d;54401;73cd648109edd7afaab8ffe3fc6d4de3;19;17;18;12
a551ceb1c5203e2378c21dab9165b4f7;329f98555f136e910e0630176ad26188;female;25;08503cabbcefce975225fd4e6f214f894cc41568f3ebf007d77993f002cb9f25;cfb5213d467349bd10e32ea02ab406fc36cb5f5870396239cfb64a77c1a9297d69832a2cd55a71b235c3d13e520791d5;5954;e54371ba89889466f59f46d805f523a6;17;9;12;19
b84e2feef24027a3b289df0a94766dd3;90434b713ffe72808bbdbf043057d3b1;male;23;b382fc64c61fff4b7b7e108a0eb9bb6e247cca6eed9ef1f790edc932e24660ab;309c566ccc7bd000d71dbd42d87dd7779a9d11e214cae240401b198c1d797749d5879ab8542c28d3875793d9a872ec92;58265;47a06cd450cab96d8ba6d2ed42f4952b;20;13;7;13
2a1f33d9d3c656af07aebf6cba320e4d;957181275c6b849c950190132c87e7fcd49cdb1763385a9f4bf8035396f42954;female;22;4d33d00c326d1573c923567085f9d5996b7a3045c78b39ed8b5afdf008759f46;c0f2f31c82da14326ec322f15524fa9c2615a4a1ff08e69803e42db8febabb65af9c6e72121492f8de2590f6d85421d8;52682;395636d8b0a6d50b424bacccc042ba23;9;18;13;20
b3a69b1d05cd19ce00aa04d9370f86bd;bdefdfb8ecb7c2cc266c5be642fcca22;female;24;1e0671ad584be61989240b3b3431cf3299788bc739083ded3fb42db575c36a83;b5025d827912f1857eeabf1b56c2db8cfd8c308b91ae2227fc4704c82cbd58ba90947aae8853930eab89002de8051d0e;97033;c165e4cbda51c4e93c898de56738bb6d;14;17;10;12
42929b4ceb5ddd15adf992d5f29c44bd;409b440d654b0ecf11db105938c618a7;male;24;9d37724508b30456e39517c94e82b0eedf03bcecc8b9ff71c35a4129c16ac3a6;a2eff49b660ea14caf8ca7211449ad4ddb4ef2704695745459c260f7923541a267851dd9974df6fb3c3f77dd6843cd1be9a81e0ba8514c0ccf2ec9a91b9bece6;20117;f8ef28633c2de47dfe0b00bef14daeb3;20;8;16;19
718449c88817d68e2cc695695a149dca;69c72e72d256fb507d3da8732136948b2683a93083bdfefe43deffdef1334c49;female;20;301aa23de30da19cc10bcf8b73ef501c84e7da7d85f0b5e12c636dd15816f3f2;a13ad3987af809f58401b8f0d4fc81c00dc3cbbb3d9968018a842f8dd0ac898be067640295e63a97fd9580532162228f;2139;8c8333d23783b83cdeb0e30061034e90;15;20;17;7
92953b9a41a5ee89334c08a43f5c6bbc;c86f99bacfc54980b4d8cf1c8da01712;male;26;d8349606304d89ef97d3bcc89626d793b83c06831ae7bfa2d2b104fea77bf046;b6c85d2951ef90c92c881cc873e0c0411db8d3440fc50e4f92949f17beec31a1f5db0a14a678fd447a9ab0ff9402a5d3;71326;c5fff748f276a57c32f9067bfe0ec48f;11;16;10;19
8c91336d64f6b197be107d0202ede860;77f2f0fa1bc80f2a1ecb8a030cd43947;male;28;1adef3c1b3e8fed430c09fd3d44d774a330124d78d3dda25dc197c869044c2a9;f8c39d2ddee4f39c2da21ebad84afde7faf2c2360914cdcd594da4ab27e02539fed04e83fd353f2a1ff5e3832a0df965;33525;f17559c7ef7b2bfa59ef80938bbe005f;13;20;15;9
2cfead71696655e5af37be6bcf5f058a;b6c9aa0c9809fd0c1935c1b2827b70fd;female;27;fabd3a6fcd40eb5e03c5c257960153a39b566c056ec79ecedffcfb66f041037a;7a00608a60baa2d6b0d775d0610af6a46b8179f5f551a1ab52b428efc21fb33482ae07c273affc317284a3babda0c5f6;71400;f0f701ae1000b3dc980b379cb84ae3e3;9;13;7;18
38ff4a922443b213f628a8af819ad22b;037218fd6431c11b569a3a954394661b;male;25;6a89a2c05b41e0ca1332da87267821c7ad4b27893992e4e1d168ccdd9cacd268;e7edfe89d42fb2b5838e03f24d45b0e7b1f08ece257a2d96a45c4dd2dfe78801cfd1511d8c8814bb4692a3444d794b90e75550ceda9c971ed0ee85ee0078cd50;52953;9666e6e548d652d0fee53c15caaff6db;16;13;17;8
7356967f3e9af7505c52320c357523a1;0ddb79ef4e170931d1f2a96ceac48482;male;23;4b34daa1f796aa8e32392fa8baf24ca9ee258d3fafde3be358de6bbd2f031fc3;e7064a3752edbaf8c1ed99347373de2a3fc60e67495ef91af6c7792bbcd2468e3550909a7549eaf97f4d57f3c23b25f7;87313;06ad19a0b924e6d5f21bed6c9f66a2f0;8;8;13;18
fe03375cc69f58fc2fb0bddc0e49fcb5;958705169a10e94d0f5d8555c5f0893b;female;23;7c138b2fe0269e5eef5e21d49debccbc9d2c4c3f7f48aa708f72af66c91602b5;0418b67eabc8d8ea541952cd3613d85269b2b9f538e7a587746f3632c596a4d717b66bd7e7273929593695c04bd1f132;82254;abc9845688ea2172fce2510c2d984264;14;17;20;14
feb3e428de59ee20b23c7f5745504b2d;825203f65056a150c1503dde4a9e1a6d;female;28;5a52c6a274e6c953babfb597d0da091d0c26baba5c45fa79e12686466fc4e4f1;77e35b85538ff2d12b457f32a324c3dac51986481b5e753fb691b63db19c09a05c9bc31445cea0dc58cd99ddda5e5056;47809;cda1d558ab0024a3179a7b1d0a7673c4;11;17;20;16
9532cc8ddf3319eb89285912b7f9cadc;6020be36db8d2a658586358ad23e5219;female;20;db3e2f7de6466649fe635f5d160cc07f7b2589d04837da31f81ac7c3bd8edf2d;d5e34cc41b0ac6db4e577d74314a1a1b933dc407f9420862042afe10973bb43b4b9d5d227c6a0713224fe269cf528d34;7750;00fb7579610df51006f20cc997f4433f;16;7;12;19
82cc2914290ea5cb5397f250b3c43c7f;482154eb6442d3bb57852f5295a25ba2;female;19;44ea68e773742a684e2133f6ebd04bb84873e1f428ed6084db6e0e756fd68458;1f2c95bf426c9b1a5518594159c95b9d30947e3f1c72c2fbb7bf08a1d2182d068727780d0208635c69769664f423511e;39585;ec3329cebfb7c245b36e4f168f7e8080;18;18;9;15
da9443078c912703437321034c158f74;4f8fded92ec00ec0d57f2cc63f138a21;female;23;72e3627f499ac3f26ceb2806551a2a01cf58a9e2d0d3a8c8108aee03be7aaa53;06a05182abaef765aa8dfd5c3cd5312c3750cfefffee8e6cda0d3fba6616b144ac4ec540d697f5bc8959c605231c7457;98926;d6b387695e85128fff4535f0cf9ccfa7;13;8;17;20
9ca2a04c6fccb329cd14cb5212de5e68;092573e89086db46f517bf5e77f645cd;male;27;f27458fea840fda03d05b1a49a1dddb1883cfd29facd545a25e800778d62ad56;3f76e11887b9279ddc2109774085b76d3f7309c36dfcb44c2bd1b8894817ac23f1e1b9f7cabec57a1edaa5dc6bc23a78;4568;9fc654570410d0e2af3622f3b8cccd60;20;15;13;18
c1c1d01100a0cc371461bbbd385e2c79;ce9707b2209d61aff4ceb48277838753;male;20;fe25553385adf3eca4f0b449f1e526ce618ea91ca9f7bd1cd86ae7cf037ece09;de449e6edabb9694cd4849af5e44c84c2aa288b05b0891bb8f255b9bfeddb2b3cd23318d621a28db2cc0839435dfc647;43881;628fcdafc6c7e46a85c83764a4bba2ee;16;19;19;20
899649e723b3122273e851cffe6c1d85;565b563691f8b4fbcedeefd6c4211b56;male;19;2c2f3d20618eff6ed6520e01f8bef2c52b885a88207afa713b12c1e1b22afb17;0d2b9ea513b78602c31e33270d245000a891159bff3a5f95ae904890dd27a60933ed267880406dae277b19826c4ab6a2;9694;c3e320291f340e4d7f855362ed5d2b84;14;8;14;14
8f6de53694164b7bbd58c37bb60917e1;4d6b3e908cde8be278cd5dc3c684d484;male;26;d2551067bd3b8eaa97dbbffcc01417885d2e3bd46e56670165659a3ab886b6d1;08b858d448daf98e7e4295d81e76741560541ef45fe94aba8cb90531a1c9bfae;80006;0be7d4046e177352f893eae4fca8056f;7;7;18;20
bf60b1b0a70490c7b95257785ad9c8bb;11224e9efbefca699b58687c0ccf6ffb;female;26;ce69b04600c08acfc822df74ccb20e5b3b6c69fb01137ae32ccfd829040ada7c;0408e6b65def78298aeeb6374429946533fac6dfdc163b401f9249f266561c7114ad97b85f1fbc6215f16dea75522bd4;86329;ae074498a70bae2cc4f6c9084e344819;15;12;17;12
b874c6c6a28be74450c9b28cab9b3615;9b9a84ca0b2ff9c9e45c98d53f760c78;male;24;3523a086950f60443574649afa928d61615175941f2bada2d2ae9c9171bbe2b7;7437ef0ed93e3141a57a87a24d68eace2dc23002eed0a94a537aea37ef08e8019fec2a22875396a87e83aba17a31a9b4;68494;413a7da41499918951b8d685658b992c;20;13;7;20
3937b877659946573885405a01b2a34e;5d6780de3ff13236712a64be38688ccb;female;24;00a726762a85377f2bb9bd7f3f81f1ff37acf5ed303e6185cc967d50c47e1a48;7ca821b81a57c28807b07ef1183de9e72b7ae41974e6390d926f1b0e283d2db59c52fdb680acb45379c4553e38569778;76583;799612e2628fce64d80457cd68975e95;9;14;7;19
b42cda08c4ce9971d24f8eb33071898f;ebeec2fb8646d377e77494a6711b4bdd;male;27;7e4a3e03010dbae1078c27e044f72430cea449c12be7c605696aedf12b9dae41;81f4a1f93a06edff430b5bc4160e33e9150ad565704d84017f10a9577a6caec1de47fe6991d660db45b292b6b57456ec;46831;bc64e204acd0ab11aa6be7c175be187e;20;10;13;16
c0934869114f537a95871e7fd0fb82f1;98eebf7cdb8a98775854acfb37c001d659d2450ed48700daa8bdfe0bd2196fc1;female;23;0e4dc159864eb879c4ecf15eaee75b7d73e52136bc9d6fb4d3130ff1e21b5b1b;162594a044542e777e131197432e0b5c16fc67839c58b9a57d2544397162276239fef032d1c436a0687929ba5e46c875;32060;7e56a2b2442a421da561c1a6f293b81b;9;16;20;19
1839bf1a9ad6952d5ca90fb9564c290d;8efc7c928fd302fa062124a846c185ee;female;19;e45f7d17eb1c3caecd643c11750becf21dbeec218fb1bf206d3f16ff14c5cdfc;4e83109ca05d9ffcc2678c6a6723ea7a6f76b916277b3d76e5078e550a2c4826fc50338f4423a1697dddb3747fb6ef9b;25881;948b28657528267056dfe0b567e533e2;16;17;14;9
459881402e3804996fe44bbced11cc91;fbe3a2b3b0fcd9cff850232e6c3bd629;female;20;4cdba23d2976d23243651ddaae31c1c0bf0fc61878eb9eb927ef97666b61802f;9acb2856f27543da6b477aff8b51bc63544cd1dbc5fda8d7954262783c263635;29877;d69d58a6d4f3feb893bf07e46c666bc1;14;11;17;9
3d023c19b05976f5cc9a7e9393e87f97;d456bd81e5daf84063503192ef3b1166;female;20;75409850e32f756ff780c3f3e0fc8de33bfd4920984d361261537f8a9d1a0325;2b6e511c6903b0aa70114f1b77f1f681f2d0111db3c30380c6f58a6ce2b361393c4041512a50237170184de6d1b5d5e7;11754;0f6b1d5e3c6be36b855b78e5a92cb696;12;10;13;17
5f67dfb6ddbe434ef3ac28f1996a52fc;3803d8aa0e33626f8301eec0ba51a6df;female;24;2c9dae66bc816109ebffe5e0e6bd158e97ce5d565c70b5654867fe6691fca9a5;ac35056c066cbc9af30bb2f13bb9de2be3f88c50acd210405bec5193b2df4941;26398;b85bb75c6881d6244c50cfe098bf2143;20;9;15;11
7ca8a647de28a65015fc804195e7173c;7a1aba3a16fc3de7813811b956741d10;male;24;231f987c3048910bd0c9eb6b3f419eb426a886a646feac06c5ab031446820cec;c5711a6f5fa35daf193fded053c34058dfc42f02378675ec94a624ec9db32d181be9a672fc32f4b0154b49c8fa0d44a8;32930;dc16a50698b78145075d22482c0c59d7;18;15;14;9
ddb0fcc656808ad09526e9dda587e01c;70a3454ca0334144b0c332dceb0edaad;female;27;26f829ca56bbd438a02471135878edc6e5f736a4eeb8a1abc20024241e60e87b;78d7c4a6b081d5526f6c3e73790100a4a59a7eeed9d1d7a8c605b206b962c2402cb1aef0c8b0cf59853b39316759dd2b;61474;1f809396ba27a6293390066ab0e4810d;10;13;14;7
5fe453768b58e104e152f01b71b6c7f2;5663c6501cd0bcf287f88510f9825cb01ee44cf4d75728200c348acc2c41a376;male;19;632d3b90eb561c2ac6581bc78f399c9b595434db22237b41a5fbc3a82f0fe979;d0e013ffd905de089008f27edae2cce82e277477030ad854736aefb2bf31a2efea398d91abbdf14b7f847302a74f2b3f;69255;c8a34a37b7f4798e2ca7fe1732b5114d;12;19;12;19
7d3f39f20ce7678f1ac4bf8803cca3a5;e3be0ce90e189b0f216fb88a62015b223af4677a81f13e24530261370dd08e34;female;28;772d508b1d70d030ec320910ceae5280df84f155cec4bf42f2174acc8fd05ba5;af02a7f27aa153b1dfc7117ee7b0eff777393cd97f2cd03956759d413755d26266c0c077d3b5cbb8be5aa9c2009d814d;33195;529d8544d61b380133ab50a870ab16a4;14;7;18;9
df2de29717327330ab827172bed32c88;f8c7e5da190e7a566be8c6d1432920c2;female;20;51e3fcda10d05f82d39013bb9dc934f50eb8936b4cd411944070f995ab78c8e0;08bac6119eb27d1759157e345e9519edbf2197bc3e150a6c67afee336885c968def5e33318b5c60d6846a045f7d68f67;32167;128d378ef78a45341a15c0662d0b11d4;8;14;14;12
c7777a47f199a55b450b9c2e43ad61c8;da2239184615b9bb604cf0334ff8c741;male;23;394f6f6713f780da348230a04a0261671b55cf9b53a670b8406dd76d8472f262;0996b2c988148a377457c095374da23473e23cb83803c7dd3e54ad66bed7fdb72ba5c3ec10ec48f980583df4f25c79a4;94947;8116c91059d42d5b96e66f87b90513ce;19;10;12;13
6e9e055f230f2c9e578a0dce6f71c24e;eacc2e2e56de50788a883a3690ed4147;male;21;63a601c4aadee9ffdb569a53efade4005185bb919951715e3992b1c68e7c9f6b;09abcbf5f260d8b56ca2fd4160154a8c49b88381143aa30d04a5c7b27d9f3c70b53a99acadc096223112633bd415f335;43970;07de0817183f4811aeb2d83d7e9863a4;17;7;20;12
1b339b5048f77147fe48d868a1e1973d;56203e36173831f693a00a585394a992;male;19;24e4cf352bc11e62f2a80de3271b9d776e84e995b497baea898d98c1af1f722d;5b94dfa8b47ed3a3d4adb7a8a6c334fbc30c0c51fe803f76e72bbead5007fafe60ebcfbee37d2099dc5faeb9ba92bb0f;58578;d9d99de9bccc66b3e407dabb393d7b23;11;19;8;10
116b394b7622f8ddfb3699bd0735cbca;e737a91c228436842537407b34c76016;male;24;dd4c262983e0c492b5798276ec61dffecf5571b422845ca256ba0b4b725fa906;bb12bb33505a03f0cf50b5f4d7d8b0a20b64a5861983bb8ed50590e4ccaf648ceb04b5d8aa82ea5ae844d87ebdee1de3;88666;109eae8a4cd5a011760621bac6959fe7;10;20;20;19
3ce86bb354242f9ce541f604f34c4526;ee7a59bed8eb73131df176af9958ab4a;female;27;0fda3b920509606d582489029557ce2f7f74769b3feba5fd207cb9d2900d85f2;1072f0f18898cd0022f22bbbda9f4e88e5f32bc6b018243311ecac560f36b28beb86b89779f1946b7c33cc56c4fe51cc;55030;6b86f28c10fc724c7aa6074840dd5ccd;19;17;19;16
5d1e02cecb7a36e7e0ce9b40f626e765;6641f1c18924f799d817bf7b1b9ce99c;female;26;80dae0a52c56343b9f178a9bd48825f1abd19b528eeee874ea1c5009c4c80908;c0dbb73a35565402cf10e174dbb5c58b7c91658bde511236d2ce68489092c52be3b6bc518ae3d5ede7d9e0eeccf3c1e4;46602;afe9431a38109fa0415d73a312195a72;18;12;8;8
130c4630cde623e2d9c59115dfbf6a9f;b643416750b35ecffdcf252fefcbb6ef;male;23;58ed7726abd356b8292756d1e3c5f999503d07094b611ec1696caec422021da6;177d4759d4421b0ead741657fc384b66bee66005e188e83af58a2f48d24a1be2fd3949c94d552e84e36d09c177e01c74;18664;5c555fd51472359424f3e0db04404077;17;10;9;19
5d54626c6fef19f4f1c741a57894de60;babeeab940cfacdd4268377ee4a97d7d253a384d449266a839447898f5733060;female;21;cd98c8be947bff7541e5898071c8628f6dcd90b9f9f486a9b43ca0dff056a082;7ce7a9b0a821bd340c3cc17be0d437b666ecf31d31217922c0be21bf047edf2b3de3ae81f94e592fe809d4ec83af0aa3;45158;1d13071c71787f0038e7545887b4c49c;15;13;8;8
37d37559acb996eabf75e8df20db6c7b;ccbbff4b9e495c4caa95f519640bff48;female;28;585d68f4b5d9212db83fff35bf3ece92f2ceb996ff997e98ed55e8929d451bd0;ba0d89579c368f21b602817b5007e298e6a4f63f9d05a3e2f4bcf3f0223e1a6c45cc91c8aa92953062795ce3c74eec6e;20904;f848d07bc0295fdd43df672be4c7f1cc;19;17;17;19
46416794c1a90872b54007bb9ad4215b;fd1407a2f70101858de4c726f6edfaba6a8a46bff51800dc098ccedcba859525;female;21;f06c2db37497757b5076b59dd2253e95e2f9f64d37bf8674f3091bc26e018b09;980396073d3cc6f1d39db90fa30db20d241d8caf37d87acf089e64247bad08bab11d43e5a37ea2967f888656cde654c81431feb9ee8fd9fc91bce3f843d5b5a2;52862;b6aade3670bec7900fd72e71243cfb04;16;12;17;10
e9a652e13c5d5b3f20d4ffef5775b616;5f5368f5828e455d21448e8801ad6a08;male;21;caff3bf81a1050a38737923ebb7b86cacbf462d321f82b062687974f8eb7e616;d007fde54669773194f77f667004f8f84a0f4b39db9ba1fdccc393ca4f662c9f9a53f95b1af0ed67494d8664276ac8a7;3586;8e3798484815aaf74260477d4cdc667b;13;19;8;13
0ddcf2d7cd78cb5cb69f68a5bfd07630;c6c2b877b3d5bcf7e16e3383711b5af5;male;23;acd909f9a3c3faedd9101c29b80b623822aae85fc003053b69f8fb3ab50ab19b;b40c556b28af2b60380efc3b40b42b058ab576d946d977d05f36a7a1952afafbc879ee013c32ac397f5dad22f710e5b9;90534;a6d3db649d3f104935459bf3ee715185;17;16;15;14
b20df196eec31b9756d700330c587512;a23bb684715ac3efc1b219fa507cdf76;female;27;dbb1bbf4c58ad73516ea46dd5074026df9e71e7f061687f4642eb42cff18cd9d;0a016237ae156e015bb16a2172f15ab423a42b7b90348bbe6e2237ede219182f8e559e5b230015f74aa3279e9f3bce13;28125;40c965b1eeeed0e44f29c1e1b7da6ab9;12;16;16;18
7118a37bfbbe49edac461bd20854bb7a;e1081541f2eeb1be06c6673d67ea90be;female;26;b8519b4ccb4e92651ca48a2acc962d72833bf8c0acd3f3b43da292e07de1e8e8;6d3ec2865cf862d3387b0b0e21791a19e36d90510fcedaec806db509e4ed53c74d714cd6e60cf271c616381eaaf0897a;63270;75f1adb5a8bfb75d44b77917979189a0;8;17;8;15
9d63a728182059e53dbe6d0849a37505;c1c2c3972cec3920beae94a45ba95690;male;26;74dc31e8b8d81300a4b2a15e7ea4b181931adc6229b3291d6fec1674db508c68;a135341172bb23bb8e588c3bf13afdb901e32da73481233db3d68273f8818656bae630df7f3798f448c83f91489becb6;17988;5a5e239f703c463a90c72b8bbad50e1a;10;8;12;20
5e81324a0ce101f1c85028442b886e33;91bf75a416852871191e543de9cbc39fc2e0622c2b332c4aa2a6dc42a7745864;male;23;fde18510571515df3da85e53e2ffb9974f524bd8441519777d7319501cb65992;861f353f005cba802d1d3ebd9a83de480c775ccb245d09a39a5c52eed71ac0ce3c06399a469fbe195838803dfd6d83e03b47b332e5530cc72b80359b9329d3f8;46296;32ad59822ab54fae2e20f4903fc6cd4c;15;14;9;11
410824c2699882b5f6e136df9c624f37;781615226226be138b0f7b38a89b475e;female;24;033e84914215233291d6cd4780a150e4d5d36993fbcbf8f0f995111bb93cfb79;a8d8939c84671664960bc77f56c9d7fb20b2d1a22bb43b58dd725882b78776018bdb286160055af04fa15d211cbe1512;61824;d3ce46b0926124da8184e96614cde248;7;10;19;15
9d1122ea4e91cd865bbd2a7494594597;e3697c971963a2e4764d7e686c2b257d;male;20;e0dcf3f40df8484c8348ebe9996e3f7ca4271ed5edaf30585a6bb557c94703a9;1fe9c2ee5617dca76f01babf06268c1855591396af12e8d68588819da0ba4effd8db71f84423d8b0caedb6cb4b7304b9;69015;36a27632a0a792d9f07e6c511feab2c3;18;8;14;8
44c1f61aa5613aebf08eed4c72d034a0;27d48e985da8bbdb96a5261d16317d45;female;20;f76a4bd2dbce2538ff0093ff758868cacd089073cb1197dc4c5a8d21d46e7f92;17bb6395f4c875c298e7e1438f4d1552009317f41b4ad7d99035725bc94075bbbd03d968e12d3a4bfd0e0f048c410ab0;2887;67869db1a7d004f52630cdc8a1c83656;18;10;13;13
2b358d98212af40b0cdafd3ef1e20afc;4252e87eef06d9841783ee84f5388947;female;20;9d0291b9979bd07a175398ce155d6721f626bef50f9ea910faf72388f75a7bc5;f92d2dc7ad3f9dffba623d4e47805630ff7b1cc377c0780483db8c9dd352d03e60d067e2539f05669f38e58c8f0cde32;84021;617c7e0056550df073525d69b7ecefa0;11;16;13;20
03dd88342987847656564c77e5daff2b;9620e093e6cad19bc99b222189aff7a7;female;25;61cc338b8b4906640a6af3f80df177ae09bd775dfbfa91d985d793d5ee3acbc6;cf1781ba400cd648f8f6a136dcfefd67968eb87df9ad686c74e5d5affc29cdc3787bb675c54a5bfe5ed125b5e00389bbf992fd7969e5e748bcb4e91eba71dca8;51840;1a24931b2351d0bc7c549d5a7a207634;19;9;20;10
4d271ec459898575ce64fb3d09993551;1e9449c5e37983a5388fb78125b1fad1;male;27;ac0fc3f91e12fce500b673a75c0a219b194c3e4c96c15c046e8df9202c745146;fb2ae09febf05af70817a983fbcd72c4a2d3342082d0be438498419c181d7ea1;20676;d7b5a2141e25db8de75859257586a0c7;7;17;20;17
c556c618d16e7a9b027cd7ecf9cd67cf;ed0341d0af4891549f6f2babdf6c41b0e8c67d3e00b522423a3560fd726f8c15;male;25;93721e39ee3dfcbfd8ce9682ba1fee7d96c22075a6634e8c1303cc84e7573c90;b7cf3227337d26ba0dcdf85a723032bac5f0fa7b4a8a30dd85dd665fb2743dfd4f955b32fa973a5b94fa3cb1871d6382;26691;5a5ded3b94cd2bb6bd00014aa255ea87;11;10;20;20
3d8351ed7d39736247f6e5b3fde736fe;3dcbfdf6319d25d0659fa8f79bebf514;male;26;3d50633b71e79558d1a74fefb1ce76ca61f1cb394fed24829f3c32e5239a4983;ff1e7d9aad1583abd3fd6f3cabd8291718421e07d1ee2b6756c2f2c8d0c01b19a2fb112011e90eda63583ddf926c0107;49771;afe74ee31078a49d419320cb76ef738d;12;8;11;17
4c6376fb072568e7935be9ad113e92bf;63300fc6091ffef52dc031b1d991750f;female;23;50da16ceac3e41fb6c9494215fd21bcb7dafd5848557cd8ab59f78c86d870b26;b877647ac88d57b35db81ef3b4e1fb1293241b7efc6d08ae40ee3590b371fc2839d3c0eb825e81b9f5183ef3f4737315;84330;0486ac76a0d71b37d838074b9c997993;20;8;13;7
f353833859a005a0e5d4d2fcee4e9167;24bd28fa50371d47a4b557d9b51008a760da44ee576711ff8b3fab2e84ec11f9;male;25;2388a60bb3fad8dea1fb0a710d05a793092a2c597bb4d4b0ffceccd04a5d43df;4ea55274fd2168ae3f856b811ae2366a328cd6a2b79d2d079d6ed409954e5bec4beaa5e69c5d704bd1e557eb4c6d454b;7873;d2ddfbde9cf7668921077f0e650bc645;8;11;20;15
629c8012e76cb28b0e7f30f131e665db;edf63c3784ef16c89c29f2efcbf85a56fd6086f67b50bf8c4052feb16cbd1334;female;23;5d6cd6a3747298e4370b328ecd8ec59f17a1df6cffe6b8ca29eff8d9322eb2ae;456480638171777d488ee997b7f7bbd0d398ee0e353947795df2fe1e03681a2a7470a4305068eedf1290f28d4d47b393;90593;8e8dba0e776175e84f4765b63e0351bd;9;12;15;16
7eb71b65dab57b7200968217afa7d4a9;e121ee6cca118f5a734cb8d31cf48173;male;19;a90945f79ef2bf961bb1a72771352db26e999272c0af8e887044372ec2a72ab4;5420177b85f89bb95f12b20c2521a3a77a317f4ab2bce7aac20054cffb7cfd3639f8c9f11fd1fb2636871c57f7dc615e;553;677f18e8c5f492936e08726612ac65a9;16;15;8;16
eee7b426e348b7b46a79dcf8dc94f972;9b0369fbb3ead32eb0c7e9cd7e9ca176;female;19;f526ae4444ab0e5934d8037e731c5cfddbc61fbd9a273df7222616af5e9e0651;de0e13d94a67bb21f36de344679d51257f72f38174475f6eb7b5f8dace89c2ca51f846baf24b055e0226bf622d9d9fc0;25170;bae853281c699cbf95f274d1cc929c31;11;14;15;11
5092a235cad36f4e8f15bab9330c7bfe;b683e82cbda9690e1e702cc709d93f5b;male;26;b3bc6028a4375a061dd0fb6051ca3c92a780efbe43b09ab025d4b89b871cc957;af18def69f06711194dd9a12100262af654d8ab2a45238596e896cd371a0bb3c99259b6e66ef2b43fad8bd2dda663378;6291;b761d86513fd41499b33c5ac8a0d2056;17;9;18;20
84371b61d3eebeb3ed510e5f52f0e4fd;fdb4a2b1b35a1ec92110b928b5498e30;female;25;712a7ed407062b125a941ce6f147ed581896f5096cddd4a3ac94239792238277;aced90656bea703a01eb3b78315709e1b4e2895d560559d32018972e770d009ca4325f9d8ad724df83ca4487025c64e1;75540;4b12f786eee032fd4b3b3eb83b93ae0f;20;8;13;13
c3719d54e1429f967fc21b1f75dd92c3;67e65e3457788daa2a5b5283a365444d;male;26;cc712168e99146c68500000a1e2f60444d2e3154e75656d73969297c5b446e68;8c268d5008bd82ee84f1e63153f8c884c17060283f863231092ea37a42e36d4a3503649637d907419d115ca6291ba516;62705;fc051ce9628001556e85db62f002f13f;12;17;15;9
bb6eefe85ed357d9c2c98fb8afb02964;b5a308eddeaf337413986c41d1219077;male;27;92b13644f20045b8d7956ae210c64f72df03730769d1a6ac00134160ab2d4a3f;bc7d5b1abcf3fb25e52fc0d6fc12f723591df37298dcd497036727d1f584e89df279708635d43cb5d4e9d16ff70948c28c2b1fa2f8870da6db8ae37a888f5399;7676;1b0914ccf1570503983352dcf55cb4ce;19;7;18;16
55e5bd9a07c9d62f28fef0d05c644c11;dc9b92261b9cc6e23398ff6d63b4b68f;female;26;d0c2e2cc7be1b429c87ce6e7fdf63e00088e2205bb58745054deda0d87f1c2e6;9605437c85161536b6cfa4380b6fa93c17ca1c55722f7e06eaa836d2ace674ce74e85a2892df05abb02facb5840525be;1426;4b065061ba803976efac20ab8cf8ab84;16;17;11;15
e09a27c891d8f91f2e6a1ec6285033ea;8ab4dace8bb661f124594b2730f5803b;male;27;c6b67729d89b326d03fc93b91cba24359099e11c9f3fac0af85d31b291928ac6;a39aefd7d529aa9a9fd9c309eaced8833e0d859b24a09b6f8d721481607d1441f052e4bc4bf8993b53be570640cfdcfb;91532;e191203ac734af8c059844fabf533039;19;7;12;10
e532091de94bc125338f48aa324e66c4;ad57abe4e9a50a49bef4e6ea2ab40896;male;23;f4c9c1ba2c05a73596cc054d2fe2cc8f742507b9f400a55e3695591611465558;94c955c4ce721a1ef91f811388de3983f547ef1a2bffd486d7a34dbaee5024a104b98df9a897a99b792278ecf95affd0;90645;6bc41e0d63ebde6cf78998425d819e04;11;8;9;13
1d09b1b3a46c28369320e27036635893;d07ede8ef3d57bd2bca4503307497595;female;24;226606dc551e176caa8d6d0b8874473ef2b7b2fb7cdbdac66865d6a53a7558b8;b68529c3f6fdfe8d3fda248477350171ca505aeb557207e9668920aa96496ba90838cde77482dd141d87cc5deb6d7222;4381;87b29d79ac5af969be85b939039dbd35;7;13;13;7
d90db8320e4f0ab4211001b545ad7316;62b8ea9148c0a5c3b86a52b53aabd9f1;female;19;31eaeb87ab68809861bc037d3c7319503b944f7c00fcdee32b86a605fff99d56;6a70e5ec1fcbe619c80c9dd47f9a365c7d22a0a7d654263e229d0338612a9333ccd776dff84991d901a035559b19435b;43919;d1b0ba4d6b2387f171b2e35009ed1a00;11;9;16;13
6a5fb04b86fe9219d7d7c97e4001c256;80847b6b4a4539f70ca3fe9e8ba5ff35;female;20;67c904f326371800c2002c4f3967a90c5bdcb5d7a3d04d1ed85a8d830f4873a5;9fe1e0972b9b326ac9415a878de215c3c647dd6acc77bd7304a6ec08c4c8a9580d33d7080cabcea00b2f9aa1e7f4770f;17413;c400c575a2e1514d8b75104ffe955502;20;8;17;15
9c1a604d299f8016e36f17a1c43a8e92;d3e1f356e7b75da9737d264f6cd9047a;male;28;2f6a35ac7f90d7269ab44338a0d628efa2c3c3985dc1c872d99f32240d2f5f77;1c8e131d264ea77139d51f60d9065a4b34679b4cbfbea85adf4b344662d1d6bed473b683a7f4dd8b7e4a77c3526e851b;94176;89221e84769a31de9bc58624476c61e9;20;14;20;10
2a3ab51013e2855959d510d9f36b296a;002cad0ee4b0f64a56742ac4d26cc971e41837f27bf60dc7fa81b2204387481d;female;28;1ba4a57c88616b70c15b681562b247ced12945e884333f2db3ae90996a0fc8c3;8d878dc7f449b46319164d19d70bb3325a63cf6419dafdeee918cba01537f46c;43753;bbc673e33282bf4275fb26674926b647;7;16;8;11
d8b2e79714f36d0961136482122dcbac;d9fedf8a2c76f7ed6670a0ff1049c290;female;22;6238ad780b5bd780cfe2b4ca42afd55db5a30765a325f1c1b76a401f42033111;3036454d1e7a69dd07a4d8c31b39c014ad816697e9f79cbd01c08dfd690785bfc7bbd9ed3c0fa80ddff207174ad7e384;78444;c2c5432bef50765b8d05c973e3cc5028;18;8;10;8
fdc02475bed3227c10391f09d5bc2cc0;5cfdc9c2a6bcc36f43e24d3af5caa0d3;male;22;49ca29aed6b83e3c779dde3d86910dffd300122a311cbaa798021009896b0afe;892d9632070d6f2e5a45c7e3bdc84a7a5d492533af51fa3791d5b86ba4af02c1fcde238fd34d7b13579d2df9a53d7ebc;19627;cdeb12546446f298c0b928b59aff27ce;8;7;12;19
96d046b9de20d5c0f64dd3d4d80a9959;1514514419e74c3df5ece0c0ec6f4aa0;male;24;2ed480cf98da76257edbb3e6b7512ea633bd2b886ffe651230bb62a45022906e;039147f101998ffa5626e74ec0deefc673f3c82e28e3f8a3871cea5184530446bef659e27354cd8edebc93fcfd64a1037f6c356e0790eee06eefd4f4b9e4c0e9;32153;67277098b187e2fde42098ecdedc09aa;7;18;12;15
21ca0f72680c709f90ff780799e49d71;ce38e7b187b003e10263d0160d3188df;male;24;5176e393ffd2f69021eece5c05af0e33a6f133a497b7c969c95cd9d20285dbe1;46572d48bbb28517c3ccbe8451ad78a1f765092d4cd671d232d2adcba6298a5571b9ba7a752fb99c4110f0a20d1fa7ac0ab154c68c0c46f0a6be0555c6f2acda;20204;25f435384a923c03d424517146196213;9;11;10;17
d280e6dc85cbcb4100d1c409ac8244a2;df3425ce24e9391a0f26479afe7a2d54;male;24;193d0e36f237d86b66fedf91a1944f0d20af7fb3956547699d8e5d767a64fb9b;2bebe05b350bafc310034b9841a0d5b2fdc87dd196d9ac6a7cc51a1627f1000b2f81351b0583cd40fa7c075a4f18ef6e;45516;5bcc79c1e1201c1621b7a41663131d77;8;14;20;10
6572d785dab22b3910271d50dd11814b;32119a3fca478320f48baf7bd1124996;female;25;201b6deeedd0380e1c6fe22fa71c99b693c5f417c1ea1bf1779b6aaef402eb8e;0cfdf10707dbce197ae464d33919b645ec5aff4d960945aa10dee65913f126f27c694d7731cc58e42119ea7a43aed090;64770;5023cb81de8a0166dc55e07c783132aa;11;7;10;18
d16025568028732ec5f9ebd3a3c8a1c8;dda7efd4d04f60a692b6c1314b54a6e4;female;27;cab936aaba3cf7e08cf64a264a79da150c8026780449504512d607a220a9b14f;133da92836a1e5bed2e56939a2da1efacf132f8c5a8b3eea192a7f1e45227cd155000d43fdb151174c851c7a3918d749;29938;aa62514dff5c0b5e7882404d8b26db22;17;15;20;12
b282b1181f4cf610ca4de1ad022c7aac;c399d5a4f93abafde19a3c88a0b229e0;male;19;485ebdcaca1b018eb41a1fea3af74c0004ba3a2c034f5bc7d3604be82ef1cc3c;aac2e80758b32e60665634bb9cba55f5d8215c35e762bbb6960184d28b1d72dfb7751ebb9a786d1f4768e0d9f1b26405;58545;b7d946a9e077e5e4de726f56519b067c;8;14;11;20
abf8a1928d7ab358b4230d61acc5d08b;80c6b3faf3233f69332b900d9b8b9d99;male;19;5278a07e8a05d6f4545251f8ef0de420c6167a51a51adeb11c90ab1db961c35c;1003e502a6a02463f5fc34a26b1b8af212ff36cf3cdf32e8aacf3cc33c0f75546e06e98210289c3e49a0c329d4c0e9dc6eeaea16fcd9b82be6d3dc4de8894cdf;38216;d13b011732656ca1e2411b92125e8abb;10;11;15;19
c4a3b5df9c7b71661060ae21ad044c5c;0a3f89481b40b8ae0e7667a62aa275ff;female;27;bf408b0f81d2a731cc32cb7946422498c1dfdf42fdc04b6a8c231d474a8cd6bc;de0bfa84f4c771ec3b047a9d751a009501a4f0b8dc3f9c6b409da6cc3db45b754aceb218f794653feecc2b1d22f34cb3;81226;cc9a59ec665fbe9661a554e9aa51c615;14;7;7;7
92774399a6b58e4f53e5140cb3876d22;005fb819f92c117b2ee0c89df7d6bc89;female;26;782736a7671b4a490f4daffad01472fa3f5fedbb97ae438fe5e24d4f3a8f7051;63a9f94fd6b78bb334eb753d450219bbd745d8e27af09d09f798658dc57f2326e559ffad9212145af410b2965230d245;15216;b0d315870280974439addf95133e0c61;19;13;13;13
87e59de565ff2e356daa53f233b2159a;a1ed79fd7068fdfc38f7c901784449c8f074d8aef68c565f28af04233e8548db;female;20;0d6b8ce24c67aea752d6b358cc867d9e996afbfa976aa9c0a0bd5a08051dc87f;c0780f5d3b3410dcef1448cc092a87a174e30b1168b7e4cf0f6d1b8153a6bee20ad3ea5025e82c733fd1122eeea7cd9f;10725;3d87d2756398f91900e99908803cacaf;20;18;8;14
b5012718634455dd33277eaf6d484414;99d74c4d51a673eca5a8798cbf56b62b;female;27;f17efa8908f23c19157d2c08d1d996895387bb585b61fba2dac6590b4aeb51cd;ec0d0dc0c200247a1ae08ea8e5410da4b0ccc26149ba4b15f8e94356544e7cc633815c976ac01fb55bdfa19e82bee0c3;62749;49132b439ccecab5b47aebcffdbc7734;19;13;17;17
f967b3f0b008e5b47815aa5f4cd25dc2;11151b6421622076996052b5730b1e21;female;25;2d77e05929ff46e1f361306f68755aee95416adee8fe8d26578da6fbd05c4228;d36262af58c844a1b095c81f2e44afa623eaaea72311a0e1daeefd411ae5691a5f9ee9486b278c7cfb83039f9206273c;47747;e4dce3d93c1d285ab3614fdf84623112;14;19;10;14
14e90b2b444a49363f59cb24fc0079c6;d7041a38c3accc54f470f15aa9e8a0d2;male;27;997aebb7a8c6ce3392433873e6e03cd37ad855ca1c5f4736284c497bec2144c3;4bc3972bb720e4570e1c40df3040ea8137bba5f6450b7cbe80ffedd690cdc2aa019d7c2888208b2f8ebd8909f452d3e5;7030;e08900108d51654d3160e08f6881b3f0;15;10;7;18
25d2cb724b551b3f06b1ec1b4422c6c0;bf5005972500c1bf0e1a8805d4746753;female;21;21095e79b382801c58ddfd92002d567bde580e37cb899cb3d6fd74de5f2daf39;30f8f9f293e0ccf14bfc492c327220a19fc094ac85397cb4f5a03ba2c9958be5bca632af069d61d4e96ea8c791bd0d72;56309;ac8a3b09ca00d0756498910e8311dbc7;14;11;17;12
83a7741544a7722bef94fe99b9b0f9a4;27377eed947e49ac91cf424b272b5b04;male;20;3f58ab18a438c06eb36adb963e8a4fd709fb84382f1d698bdb93bdc91adaf466;3e0008c13947296c757e9f96a3e4e1dec005c8c5169245d9f9de591327cacf9bc40a6b8bc7947ea57fb7ebd9b70aad2c;58759;5c3f2ce87f23719d16e6dc8bb749ea3f;16;17;17;18
4b0187294ead7663872d882f2780fff7;fdb5e23483b69bcdd97acd3937ba7932c3a8eea2874821798de63d8d2a7b2976;male;24;242637eb1ad1b6fa30f3fe0cff6fba2a4c61130f2328a981cabe94b471c45090;e936cfbebb19756ce2c007960af6b7753a704a78a132c42a8cda485b0574e32759fcb84fdd0af49998c56e0393f56f2e;14936;a98ccb95bae867e4e12b4ea3243a25cd;18;13;18;18
bf5c6ee5640bdd90c3b2107ed8677d18;1da2395827583c4e7586c8d18be0c1b6;female;25;d7dadd85b336d9495fdf910cbfcd5144f6b5b32a5c9ce3d0be18e974b95b0e8a;9e93a31544331794412811bd50b0537f8c53eca62f14854a94a336bd3c8fc524d0f4009aac40164d48c2e2801cfedded;63288;dd90152ddeba6125bf5f7c8a2be62b32;17;15;8;10
05e540e82b072f983d29ead72e15ac12;530b719fce78a37f17c340b238f06b9f;female;24;a8e415a8151a098996e4478efc9191b1cad61e9c6a9ede825e6d50f57c91b0b6;e2d56fdfce1a6f8ef1e2ddb1f4fd4421569662d4ac8ad91f0155822eb56287cbad34ad9c28f70efc1ae838954173c6e1;43717;a7fe707d4ccce38a52e153ccf126e077;11;15;20;8
c32e9065320eb94e8ae7878e358fae0f;3f7aec716583189458e6f95c52fba4ad;female;25;ee531c393a15cea5432f5ceecb97b59f38bb72534eafb411436d70e534364afa;a95fc520974c0a4a3d6b7404e4dd9704f93a00ded456c2f461dfbd80c5022933035a76f5285777719d1e7e29128de919;99804;5ddedf0b7ed9cafc2d811d9b3f4f981e;16;9;13;12
63e2612a090d90be8bac6fa184798c50;2b8d54ae10157945fd2625d5e1443f55;female;22;e407bf7f0f1810a94e549c3408f40330b0015b56fb4d6d96e4d385b249450178;13cf6a0abe6d1f9861be75ccd9636cbf004956f7f3baa777ff1b32c0eef1b548b19f18ebce82af7a878d59e05b206dff;76057;a68e60d143edaf6a7e50ef28ba7183f3;13;11;16;8
09a87ab9b3b1ed6032d341aac24e6741;e6fca2e9fb94e6e6d6b177e3149d509c;female;23;647e03cf6818d00818f289f9f2da8a29cffe96c33098f728b21e67a383871fb2;3bca6dbd1eed26ac49fa4c46e95e1e73c54fa7334c78a23227fbf2e87beef9e1b853383109f508b8495aa78a39a42a09411739d11d9091ea37b1d12494a75a62;86922;3215dca61b5765613ed14089f71d9ad8;12;7;7;14
7c270ff05ada5f2fc367905ed78c575d;08a4f7b698274fc65d54742792a91b9f;female;20;2c7fc8a499d7bd3c4a308b621e9e346b086c80c64c58fa6a5ad69e43ceddd558;ddc201093e5468621aa6c1f10b0e672c4cdbb480d542dce9102ceb873938ba1e;48403;7084bbca62b47bd69dbfefa84f07ca9f;18;19;14;17
0e9fb04999bf1aab7e00abde2a258588;c12483a5eb119ae9cac6b77bcc2868b3;male;28;0e1678b37b7d681719c936e7f68270ddb865588686406b49878fbcd7c6075238;2822b6eb98a3f5f529386e033e4549b4a925adf4fa2c5f347f8ff68189cfa26c8c7ea50a4018a601988891efc875dfe1;48048;c26d2aa87e3e59587b3566f93ac2b5c9;14;17;19;14
154148255f76972850a5433a2483d092;bc16d2b9b72a449ab99dd68eab65657e;female;25;de4493b97ddba6c405109e5630e592883292c3f3c1350907beeed26b61399dc5;1de2e1944755d072b16696f711d62ca38acaef68623e9a530cc18a16e3453cd26fa55d43230f55a92aebef76f4b24867;49099;d71d0e30c407d72c7349993f90235cbb;17;14;10;8
a0b4e08e25b1c4cdc6a146faa7dda7a9;1a1a0e34e0cefec459689f81d83dc5b2;male;25;4d9e0b80b580a308ac4fc2c0628816f93f1bd3ac1f958251ce792172752ef248;63e8e2825e6f24cd5057b3f371de1778966f8f2f7eeeaffc1dd36baa15938441bd0a84fa64912707f4fed4182b1b9478;22340;08e46a53a682c2027f29cf5ecfb35640;7;12;13;20
2c0a34e528f168862aa1bf353c9b5468;04a8a049ba614b3a9aa185ad7ad0705f;female;21;77e9537a8709ba930f229c690d75919d303dbb2e50939c4dea9f5594ce70354f;e09c38ac67c93351ae3b2b44865cd4921c903f68dcdd3e846adeae35c1f3ba25eab63cdcfb907cd1475ada1fc196cada;35093;015acc3cdfd6a73d62fb25fd04adaba5;19;15;7;12
fc99b275bd5af5e6c4d293efeb2f1f0a;91aab97c4bc4148977021679f0ee0891;female;20;5db61b9edcce73882a217f05c80cae086b9b0a8b62fe1a5c56364203faddf9af;68495a84e1ffadbc6ba0cbffbba7ea73bdeab5407db50bcf1e4e38b1aa03f324f8d49d25dbd39357ba3865360fa06dc0;53293;5c19dd198b510bd0a29474c1c071a716;17;8;8;8
35b6a2e0ff6b18a6eafc829b46d005c9;5239ccf502b01d82608d06cb880862f6;male;25;f01951fc4ffbaf2fd13774182785318e255f169a8cb3d21ea4a7dc87848f14b9;88f1f392035947e3767f1458475f3c88f5e06e2826b63a3be8516916c180b4cd9f3ed07cf8e7bd598061e4e3aacd5b76;31322;0e7a0826afbce4eee08f1d4097683c24;8;20;19;8
5ced819fd28709c482f436944dcef479;43cbfdab8e98a539b53ea4cddd697558;male;22;29d341361ad9b6da9ebe0ddf7aa3f3185d92703821350656c1abb4281824f767;6818a7ad9d7c2d6f63d72d29b91cf0553b675a183fc657369a0c8b902c695a343ce0a7bfb374c7be4d438caa2a025dd7246240dd98639556d97fa62c02a2b247;74668;2711571fc9893b3dfbdbbe2cbad4fbd7;14;7;12;19
2fbfdbe7a47e8379380ce5b433e4a2c3;1fd4524d9b8d9d035271e35526d3207a;female;22;a87ad6b68ac9005402a604dacc91dba96d57698c054e9099e5a5957121be87a0;c258f166bac63f69e6cf7fde2c19e3b45305046ed1d44b6c36e51a60a3ca8dd8347955fb9115727b37274ac731e20c4f;2924;ab64caeef7f3156b74735413c63fcd1c;13;15;7;16
f65f5e221e9d74f30476a05013c3b2fc;c3e1e65cc90252c6b6601fa551ab4000;female;27;24b3e3f722d4f4af2423495fae9417e2075e96d055c7d051f539966b4d3139a1;a869d45cff50abaca7a070f4e2fb2883d49ec7f1ccea6dc4b6c37210a5bf1f2ffe6b5dbcd8d4d860dd5ffc02bde2e5d4;15578;1f7fcb3a1d3b75f86e18d180c0054f9c;8;20;14;20
9021c80bf5d20b6bae8259511de0dcff;1713e4065bc1df399c458b59eb5a0047;female;24;56c0d6956e3945119e7f1e95128c23327580f6e13543ed757fda41ee0e58025e;76a8f0a5978a38e5179340a0262485f41a0a927e788dff5a16d85eae8624100b18d4d37465d81cf7d51254a40d16215b;78978;dcd0463c8b0b94f439a76d0499b9fecd;17;11;20;19
79a9c81281a6c3f565263c58b2231652;664caf29cfe98ce39eae7374b6afc115;female;24;afe93924acfb456e0ed509862379321a043f532df6a557898ba5ba24d9a1acfb;1446952f706b4bc2d9e5720d191f287ca6b5300b885c4477e8ccf374b69ecdc526ef433f3d5f47b41b9f1aefb1ae12ba5654847b9b8a0f5fcf28f27937915e57;23617;6f5917f058cf52814b6aeff268fe9791;8;7;8;8
49ce807be0506e47063180e2b2022c0c;e6e35660ba3c2780e0c59fffdc0ef0c4;male;19;ce229dc6e53550fd9c9b79a554f747b95d42a0b3c9b180f78912ebee2b6f9ea2;f4fe2026652377b1f6af002e69e157e6812aa65ab269b4ff4c9395a468b75f148834555fbc721937b4e99a9d6ab5a78a;16279;112db6420e167adbab235dde47b7eb06;7;14;11;17
fdb37934871a2c3fb5dec0594c709ad7;cffe3ecdb951e4189b20f1e9b2ef45fa;male;26;e86213f2b6cc61372694e1188643fd115a9f13888f43e8bf3d788d670eb86e1c;5c2bdc2c0b61962f75fb25d67c2c4186433c38a76aafa14c075e17588564614707afbb791532ab1a6277b2ec8ef2c3ee;53190;2742bfcdc77e0aa685f13d44e6845686;11;14;11;12
2bba6175eb059ec093e87f399e1fd4bf;472c01db56f66b18ddaa8a4dbe450e29;female;23;0aa70e88388fa731c0683f01b251f836507dff61af3e4c5aa8abc5620b083e39;d2b1c61d94a5016327ea376055b469dfbca59e22b2805d83e2c6694bc7c0a8bfa1cc9ca773642b66f59bf7a8caba0863;11857;7cb4730267257b8c6ec4cb1d3366c93a;20;11;11;20
a03cb48d35c4b6c4bc8676e656df2068;a32fd0a4b76ea8926d265a67013a5e77;male;24;9152c91fdc72f31cb218f96b53700c40800869d180551e7b9db74ac12552abc0;18e6669b135d0a908d119e1c96af0644e969ec211a1d20230e327c2be24717aa56b07a965555b7564d0be8c6329b6620c084f06f083596a4a7e543120a4fd571;30290;bb420a08acff8158eca7c4d339d2974b;12;10;9;8
19295f8641f4a1b42ba1db8aae368bc2;4d9e62e126ea67f3f74019f36175204230ff29aa4fd36dea768db41468e33b19;female;28;897669d5c4bd5b009c7880e92c148837d8e46a6149905a4fb76723b397857a7b;96e2b89909cf16e149477869d31a23994805c47458d2fb7ac403ebb5bcce865e821c48e62ae2341f630fd40aa736e4d9;55650;04dbb8feb67f9130c84009a66229d7db;8;8;18;13
bbfd1173a6d942d0e1d70595ffb9b2d7;2050ec7fd0a32a4ddbd015d1276e81ce;female;23;6db2c475e2129ea468ae2cee6487b73607bc2d81c59fff8bd25ea6abdec69ac5;f7df355d5dcb4604e45457fb941c1f728454a05567d3a42e7cc345e57a1b8b9b473bde4720361c680947d0bbf5170ccd;75145;b2513dd451620329e7987e64cc0fc674;19;16;17;14
bf11cd3ec556fc2716308dcad1ae22d3;0fcec963fccd01b1f1db863b8eb1aa5e;female;28;f1aa58697fe4e8c6be5a1153dd0e2e89018f19f07963d9c95c0024ac80a2498b;2efd5ae65ab271344bb68041dfb37da685080076e39e23fd1ad9bda4270b2621ab4923979abdf5ce3ebcd18e70aeefa0;60053;7da638ddd6df7652a303f1b03c4e4b30;16;17;19;10
6f845f37e24ec4455a44d44435c48372;68f346a57b1a9c26ab2af66796837736;female;27;68204ef921ce4f4ff2004c18b9c4aa02500a3cbcc711477e24e670e74c7f8fa0;0853bfff53b6957dd8ae8ab43cf9ec53c326e77a5c5a7e50125366f4abe1cf4d0a12a5a3ffcb28c0244f732784591ff9;52195;22158c5fd531335a1b7ddbd91af06e0c;12;17;8;17
f6ed5a59c2f4e0512fadd9f11d01ae06;b46bd2a1094e38219e986ca001412995;female;26;c253c06aaf88034df24193b81b92378f5b84428b8390f9a439c85b9103b8337f;2fce89ec42d868346444bb463245b18e50d1c02dabbdc91c0c4eba32c3ef2ef2358e98ca387f784746f3a60798d79484;7386;3ed2845aedc78848b57a70d9a76e145c;14;16;15;11
79cd5f045d58bb97c04814b25dae0cc5;86537ed8c335dac66b35e93f6170b363;female;26;00212beba10dc0ec0cad04b4a76e02f174aa19a95e98b1fd3e968a1ac9232b64;7b3eb4a21a3e8d9ae0eae6ca9318441b411ec8b710b0377a61fb9a18d46faeb7d8ce7b64e722481f4836b1f1aa712819;88551;0aae9cb61f431e277af1f044093b33db;12;14;9;10
009264d7f9407ad050c38f661e6690a6;0dc097c1a6b6a318bd04096a8d32cedd;male;22;48d6979f8294846457d8b539cc6a6676cbd5c0a2e620c75dedfa3f4d9b0c923a;dcea6cf0b52d4fe40151a7899b45d4d79e2547dab5e74b53cca6afa6581d02d81d8dfe4d59ccfdcb9a338d01dafadc82;84523;ad343eaa7990524000e8fad81a1caa4f;20;8;20;13
d626605ee583fb98d968e6c414088a00;ed5f0f86af88e3620508ed6c757833d063a532422d42f221408096f61ef267e6;male;28;3f8d697e908b7222047b2b1332e7784e16bb8fd61e26ec213262735927b3e826;d911280ed936a27b5e3b62248464d59b1745787ad33bd826aad90de27615eed10b5e96e361a5bdd9be4cd64062ecf0c1;58517;64887e582dcb4a163a055d2a085f1d9a;9;15;9;14
8cf9afaf0bb580ab0f698c8f129099d4;0b39ce507eef0716e35d30089c0d807f;female;28;515a70a1ce9a6e56c09928268c49b35fff3413e6b6bb82f6ffcb67a5bcb1cf06;791f641f4b6f60dd7a6dbfdcea392c7ae76a1d6c0522722ea5cd1a7702ba323b472d77075ea302611d3cfa60e3fe5d33;69096;cf5ad209bc1e31c5db409ff247962159;19;9;7;10
8afb57403652192a0fb9af724104e4a4;dfc9861500a15f444e415283e0bed0fb;male;23;58e6313c98647d6e77a250e4586e982bdc04899e4e775d78317fd3e52e1fa913;dd9528d570d1bffbadc35388c118177ce59fac7568f05fcb1c1883df350b75a215f903ddf23b6ef9a2050353b5ba4b33;72406;eef55f46048f1c69cad3fba9a39058a7;18;14;7;7
0cb3306521982ec48c71d29cdb262093;72a1d6ebd32ea9555cd42750855e8624;male;22;fe2772b36a7f8d596b17dcbda672a0ab724efd82e275733d699c77a6ddc98c56;1b241a583d8bd5d056ad557c39f89afab2b007be3529592d4ac46f3b5642b88faa75be89883fc2a67488acf9535ba17d;14232;2b9dfad188e6d500335943d50d81717b;19;17;19;15
b6a46c21f4a839df7675b3a2b7b43cfb;48cf8868e82431bcf90fcdce684e882d831050a4f95b6949a721ed3c491e8181;male;23;0ef2c3b34b9d83cd242c02dbde0fddb2fe59498250757c66d3b380b56c83025b;2f1deee9bdfbb4b2cbefeaf177b8a0c3786f7fabed7814a4b6c9d775056a424038ef143bdda72b9eb5e4a4d8cc103380;69224;866e953c935dbd1a7d6648c5091e7b95;11;10;15;9
e040e4dc368a84d2f0996797ce630f9c;a2f6a212e174004d81dc4f7ec57d70519d2e1ff045ce25e1a0f0535a1fc7feca;male;21;f7d6ea0c7eb49ba851d7cc6cd04d83dee33461251da66004b7128f2721ea2b22;390a3ec63f12dfd00d3a5f4fbc2100ba8d4441a1afb7e681ea2ebd186438640ec8a02cebfbce1ee623ad08731a1a42b4;31645;94b72de52b4867f06bccc378751d5d6c;15;20;14;9
9fe33b526dae1d9e0b6b079f8173ce78;bafd49402a4261ad7dec1bb133e46081;female;24;d9590d14df84dea01d14a3faf62e07607944010998f7a83447fa990089ddabea;b6354c720505844e7a8794929c12561c9440b0974173cf339ea4047dd6426309b94d929a18e7c83ec0c91048188dc349;13877;a947248ffdbd5df89d51ddd23e0d5ef8;18;13;12;17
b73e56545a494638a4cb3074dced1268;f260794e42c53db0f60103bf7096db84;female;19;e33831ea1d1ae5e16580bbf1a49642f5fb5a025d83f936fd9ad0fd848646f7ea;a099c4a672158a149c58908b07dc43c562adef52319066f3cd6b50e10c154332657b75ea911abd8eed16e7457d02aba7;37720;f7061405fdf154f56f3b648e98e86902;18;20;12;18
f6a1813e561f71956fe94220c4ca41dd;b297602f6688888a54081743b4b1c206;male;27;4985db96bde46aa4654c38831be72c28cbb98027491994daa399ad19cc5ab69e;afb783c8af07447af534160d43ec4cf3fc4dc5b6c6f9c3ccbdd3a33f448417640ab0879e884110efd23d3ff136d90bef;86362;cc1b06ee79c5ee0e58894157115bd4e5;13;11;8;17
13909f4da001f17698df66705a8a1ee0;7238f22afea21159ac9a7fcc552f2805;male;21;c291b578daade4bdc367652c6bfcfb216809df1253c3f96835da02fc2b0538fe;9bd224766628903a5f1c9b2c356602c5a09b9daa227e56ce2dfac4af54c6a1dd;21982;c0de2cdbd4f315f7029ce2483a286a84;17;13;15;17
59f585712cafe402a01650b8b4598bf2;dfa140d72bba06534293c13391af9264;male;24;b1e7c8d4fb7ade0fc4254e7d80b5af596dc63043a1b0733aa939e10548924934;d3dbebb5d4faccc17d21fbe0f431f19ae146554c7416048254051bab9ce4a41b18371942084f2b0d02533f42f4b13ba6;62816;de296f9bd4e7036411da978396ac04df;17;9;18;16
207c9758bac02d3d4c868aaea6303ab5;37e443daadfd07a5d5ae621c9111e589;female;28;4db57a1a57707e16a0d9e3f87b1e8c12ea2d57a18ba2e324efac2f9f7f3e2890;be6c48d36ab8289bda1d002aa0404dad6edba5fb4d02f51ba198b243aec8a1cb186865dd59b9ba8dbfe92b896ae96277;54287;41426d01462040a5aea287753baf7993;11;18;20;7
92524ab0ab9528778f6ee40df7f8e77b;9474c56798b6bc707f227cdb0b5b9974;female;20;3f64a705e2de8190b3dd8c1e1bb1b751ba3a3bd44e9d9e5ce4e31ec2c67d3882;5c968e13807593b138d0b8cead7caf9dd8612027f2cd5421d5942e6ab4daa5f48ce0ed4ca45ac33822cf3fe3f1269c33;25838;87c2b2fb72d90d1e8d90fde913998170;8;19;12;17
ad7f913e928a3cc7029e94113afecd81;a04a35ee2c65a8557fe89a5102357774;male;19;a37f3774a0ba72154c772b8ec29c2f7bdb84a3839691499d982ab112ec4f9ffc;b34c5bfa18eea09541af5bc0244e4eaa077d257da8cf0cc1250434034038e3a2b053413cbc8cee9ecfef5f43ebaf72e1;94683;b6b21f915bc71d8d7b3052d2acfd0131;10;14;16;16
606110b90555e65bc0067b693bc2402f;00e8ec14b66086bdf0988f9509bce1d6;female;25;f78ce6e6748c40e33693a022df50ae838001c6b5398f6f8b65beee516177b5c1;3c88bf74fbed686eaed442faa0fef6d9cd8f846638b4437d6987cda03107854356869327f854d8c9c663f825cd61b7aa;52817;861ecdd70064e31d9f3d7618d48a57d0;20;11;8;19
fff12083d19ef6a452d8e894fc249e1a;55c13f66f128a90f68b77c29b1d4c6a085f7d3d9877434470ad95b20193e35ad;female;20;bb4fbd40a0500329f3a01c909e69929f95044e1dd3c469912518d15f33972621;bb39e4fd5bc970d23bf8d2f7097b7c9bbc4785cffd63e93bc230c321b5d3ea4fb68437307733b2941815ce606b09a2bb;29190;1f20d03f0acbb85770be0bfc5205de7f;18;14;19;11
46288766d4f326cb1094633a111085a9;71300d0725c877d5c96490d556b27233;female;27;32f8f697edac1632297c0f635d8d7377c2730d7c0d6529584d9d3d33d1cd6ee2;06d29a0b9aca586c09761bd7f89f31bde35ed64fa284234938ba8f930638c31befa6e99c336ef6da71bf4f91c8298d78;62702;d5b9fdd32b142f4170d114b7886b0144;20;11;11;8
5b87564a9c3a3d3896581af8d666bb12;f84fd09a02585ae68f52978f5b91e36336c1ba2c6e2dbe1f6493220a465da83d;female;27;d995175db59a51cc0e2dcc78d8122206271c9fa251211eac3704005149b8cd72;5a2036fdb7180b2d287498f2f492388a157b5e1fc31be3286e0625008f11a4e4b5f2e2a70b62d5c133bb538aa6ab70db;28056;e8424f8934a84be7a9492585f4d38554;11;17;16;12
45c6054615b652a23d3683f79297af86;4c5cf7ce5b52682a3a85c5d1d02e8e49;female;27;70959e3cc50a1b375c7473a54b35e3bba0f05845f7fad03b3133d1213dd21547;b00a785668320fa3624035ca51d29dc8f52de34be2bcf144b9c4d258c350bff4a232cdbac38aa515d5cfc7cf966ca04a;69477;ce647a9ca4782549054bd1a31900a0c0;18;14;20;16
6807e47a9bd50c5538b59f455f485765;8cf569bad536f03a1e181a743775d498;male;21;a45939991b0bacfe287d976c790b266d2ac8010e3c848e623883e31bc2bae888;e72db792c0c5174cb189bf09e42427ea5cfb5bf3a3df487fe2f6b9dca9507bb7a413398580002249a7a0219907c6aff691a84f81f9f6cec8446265dcd4331a37;22201;6d27eeb620841a3eaa3490febb7a196a;12;9;17;18
89f70c7ffa1d017f9b5f7a994c6b4226;48ea356869facae2f6bc2ee9049ac1a2;female;20;bbac9ca18a236cec55b9265ec64a8908f95fb93c07689ce3b06a1cd920f53756;da976ac689748c4130d5030be56d0b989016a6321bb68a565dd8a74325c1bb70b96aa9fb2375998310f7194737845720;1739;65a970cf04e56f6b5bfa3924e2dcc462;12;19;9;20
fedc27fb177e65f8b0ea499fa9687145;5d30831991a6ada7d9450b5beb876545d34153ba955331e0e508ebd634850f02;male;27;b460e532e165f403048c352c972d7d154802ade844ec97eab438de75851c32b5;4d93690b5ededcca1c65077d5dd9961231137cfd0123fe3445052ee8556c7ec3a6669d9c7a35db3a7670f08c28ef9880;79009;3cfff2aa0733fbfe82beb9a1b233076f;20;18;17;8
a69f78f3a92d4520d30c75edd96a2526;78134b813a9f4635fe6abca6cd132790;female;21;7af1f26adfaddbaaf4342c43395e18ab50833528b945b6b29aaef82b5777fc2c;e1cb07ee06fcb14ef1a41098fb1616daf73e6bf9d16e258a5c76af8ddde949646ee8524570a7d4d680f809a8d5363251;38817;7e411ada96979da60ac578bb3b18c1c7;20;13;7;16
e1d09f05d636cfb9f2ac63b7243d3302;254a0888e7e94c897e400d4b012fca73;female;22;4c97c86ade12655ff1b5ea0e713cd6724cc3b4e71f944168679447dddee1ccec;30ccfc0d61639a8e23c68d5ad85a93a3dc3d83f62e151a7f8eb64aaab0630c61170c9b5d3d23fb716ff9acf0f2709e4c;11663;17acd6796ed55338b75bf06a18652cb0;15;8;11;17
5ee738c5d87afb169f347c6bbaf5ca9c;3fde2759ab48e4abf63a51db2ea979ab;male;22;b1286e5fcb08a60e5318aa01dfede0dad4e1449a7b704f77dc224c92a76989d6;c981fc9abf28615d9d1ea9e8f1023979b7d40febf6fd12aeca6783720e29d26ebe6cf0a6670173d7a12e5a4b2abf3a97;44061;6765871c456115bf5317bc8f60da86c4;19;19;8;14
2a9947e8119dda67165736a58da42dda;fb289a8865060e6b3cadc76ff072f748;female;24;f318492f77fbbd1eb747c9b3c94ec4c0ebc117b5a0d8e1f7aedacf5c17bb979d;41d201f0b175dcdf404700697be62b898181b6428d330340bd6f22173e8d3be8b0601a3dc85cf9fa2297446ab04654aa;587;947f2ba9e883f3c6a9661ef727a060d1;16;10;18;8
70136bdec2de68c079b8a98fb2757c49;2356896681d767fc4385be985350f563;male;25;87556725439e805f3565611eecd7b9aec75a4b76493f23f10937fe2b15c96d3c;bd7bbb9c6130d8ebd225640597fa91cd0b8e59f54b14f8f16447a17dd1db75d3c36d347ce47d94cd55a8bc58059cfd7e;86835;144c2894442b5ea9477da0a9126fb323;15;8;20;11
5d9d24f954fe15328704f3bfc3da4bc4;df183dff03feb9f0ccc0d38c9838f73e;male;20;2c844a6a27ca680be766f2113e76aef4fc6b0db5cb49612e436cbee2a806d1cb;b8c11636ba3bad44b4bc6ef4e6b80caab8761e60e42b086ff4d2175ad0704cbd2f8743c6bc3303b8c4d29ff1aae1f844fcf8111c76bd249a8ab102486b5b8b5c;17297;2d84e7f2fd26ad37135511f499964c47;12;15;9;18
1a284c51f583127727b62c38abb55000;2244f93ade248d831759376b392bf78b;female;21;2cbc22c55cb93f56d6c5da1aade884060ca2aae54a27e0979804ca55fb6acdac;aa1a07a9095830b03675df0930647b85156c1000c6ff651ac40a25cb76c2b452dc962c7a87c93ce6e0852f8b1b30b255;98314;8d0d29c56cf332c12db0d3b0f9a43363;9;9;10;13
0b77146ee8bc584ebd25c2029329a677;3698ee81bf26ca5dd1ebde31f7ccf65a;female;28;573f7b70e8f1fb50ed57fd643456fcd66054ed43391964839d4a7a59c2e257ae;a98958f3f4a8115fb1d61bfe29e76436f9f318f4859d3cb1ed246c7f90e3d189221a052eb8669ad888154a4c3d0a060a;65213;57cc5dbae8c5c58ea8639af5dea2f19b;13;17;19;13
fae57a8c79fb5ddd144b158910ff0659;31201cabb01d83feff389654d6b67304;male;23;893a0205eaa4cca35e8c91b75ddb62d9f33c5715d802330aad96d98d1d56ef3e;0e8b870bb0c7233d46638ec8cab64ae911342c82ae828e51f098fcf8680d3d572c5450b39c49757a8255f4264de897d5;13120;2f8396a44f768f47cd6c82e70183783c;18;20;9;10
1cff3c4bc9a7c243183a7e0d7dd06974;2bd57ae92f38495700533a6654247605;male;19;ac97201d16705099f4dfb1a5be34338ddc410ca447d44049a378a0967acfc3d9;cbfa1013520f7f5e1cd50d93b196c019789c04138da804b830f4df33465c50ef30f11cc150b9460a5598170aeafb778c;20923;80aa54c5bd8821514acf77bc21bd7e23;10;14;12;9
2ca12943f94e6ef7a76137960c1fc3b5;fa9664c101aa7f1b4cbbb1c33dc9162a;male;27;da31062e1e4e32e5caa7e9ade9e56f98102327bb33073d880faf63c05bb6b277;51baf1ba8698e732f74644bfbee01032e54da781265937a311bf76e74606dee03740926281b830d4ef0866c30e38e784;62820;a518a5f174243c3d6a8864ad1b95cecb;16;17;9;10
7b08a61137f2a62d5bd36692dfebcbd5;0a08b74c8db7bb32b8887c99acc46be6;male;24;c2d10508809e6c85b65ea7a8db9b8b0c6e0fdcd85b5aa0e0e8f81706a960463a;19b0197259735341d569876f79c631caf9af04def1f710bea2c3c520e36100e86f4d303abe2cbe81de6f288b0a9befac;75323;57dce0c42bf46ebbc3e9cbfcbd81127f;9;11;13;10
e16b675c5b3a3f12ca1139366e4f4246;754e572880143040b78fb4a2ea939b01;male;19;a086ef54650f0897ce86a0cbf2bbe3ff092d769fd4f88e0195c299c2b47fa62f;30e2d8186f900451767ee20983afdabb56bceaaf04781f61abffe55815891c07d12382427e76a550aef4f0dfdde3fa65;30496;7b7e318dc0e03448251878e11364ab03;11;11;13;15
ad4a86f04a273f6796333522dcaa58b1;96442da97d9623be45465863062b58cfb3da6b2a0140cae6448d5c20d03d2490;female;19;af8fa3cf69bd83468bc9e75034f17d341123888ab95892c534fd800e3f0b6eef;3af92b66b9d8b5907afb3de8900736de20f283a94ec98df5b47335204400cd458b04eb9f333b796deedc5f465bd87dae40fe3684db5928f4eda65217e3f83092;81123;0e4f1680b71341afd2786efd395ef33e;14;9;12;20
fc4e912488de2afca6216bb6437c87df;9d374ac01ae71225c10bac14c5607134;female;25;93921a99fd2fe9cf7fd446c4baf7a75fea1e927169c8921e7a7b3c7667f52226;1f67d4315c75e260e52489364d728246ece59f450de2b5bf06dd78a38870804014bdc6f5b273598c54249ed4ce966fb0;2260;d044fab16523b346dacdf68a5cd64025;8;15;15;11
32c5c819df334fd906830c8b2041af44;a3d796435b83e773d839edcac93172d1;male;22;dd32c34be54135885331ef4979593454db1e00576a03c77f4187b3c3e87c6970;2a116706c80f568dd5656884bc7dbc341461678cc09eaa36279b17e216570fb4;22601;1d213936651342261986ee3c57e63482;7;7;20;14
ed31de7e1eea6f0759ffc19430ba52e5;653877e1c0b3ea613c2356be672b7596;male;19;9fbfb585d466144552632e01ecb9b16ba8df84fe6af2a727fbff63e8e0883339;b1bff75e2f259be8641f9418e18cb40e0a8472e5b17ef1183255be6c2c60e31d59dae2c4efbc65cef010e8410e454d00;47351;ab9e03c6683ca82c15c287dccd2d02c4;14;18;12;17
609e6e1224c118fccbf0ea31cc0fdbcf;c81035f8c6ea98cb2edbb0c8ac7a852a;female;24;8687f367cbee89ff912f78d19bd01a6e2c444ae13aaa33d5f681fded8532fe0b;302058f06ff1abfca9aa3e5cafb96a137cd505844e7cbd622e02bfab999ad51d6c1b88640ab55a708f8ac15e396c43c2;75249;6dab192ae7b12a882034fd7dd98d2791;12;9;17;17
66a5e0830990c5a3e47005e2f4e3c79a;93b9e95491d76459aa657e048e8be165;male;22;45e28bf91384bc5753ac2f87d97b10931d6afc2f1d4b6dce2e76b4c377b7f076;ea13ee8b3696a7031e101b22f6864969bcc2c584136825ab8695414f2fe6d6cdc82c00a717ae1e03a88a0c2d6578785a;37091;befc6691b4724ab654fb2dd347f66c6a;16;11;10;17
3616774ac42cbd27d1b75758c8774999;d65cd3e499d3fe602bd74e75cbca8007;male;27;d88de0201cfd7f9829dd539e07da8939b9d3e35c499fbb1ae60f9c75c933ab59;620ac1e9af15bce66bb8f63e8039b27b67af65f9a994698ca77f2fe45258a14b34d72835070a88d597b9b5b6e190ecca;36477;11b3d1a8c7aa0b5e9d5f99d4e4e0b6fa;20;13;18;14
88f343a9bb2a6a7f5f2bf69599e9c1e6;8c2049f63d07ae16c54026deda7c219f;female;23;33bcf5457b6ebe9a902db3c01dcfd718ff030fa1dede47e32ee26818142f6a0f;42a00b922ce4cb324d7d4efc454dfa04e34e87b0d9f6e1ebe0c3b69a0793566200364f93663e6f356247559948a127822bff4c8836b29cc1de735fdbe7d6c1df;43228;2b37da2c8748e6b56d30153d5394f841;14;15;13;15
597554016087b5d3285c5dfa513d7461;2ca73fd5cc65728ae7afaeda5a228d7b;female;28;a99d69c4a4418e729e302563f82c0b875bec002342a6e74120da7ece632ccf23;353a02e1f116be51bc1a0534af31de4e06bd607fb805fee3dfba022b6e38cb99037d00b4a9214627989a944d7d7a7d50;41260;b6fa49c148579eb10b238d163ddf8368;18;13;19;20
759d00a7276ffde0e5a5153522342210;377be9df96df48440e84305dcb9562f9;male;20;7369dd03da7e35aa121bc6a1dc5ca3b952dfe59741f940420864ca1e9f0e9453;f037f8acd2ab4978ad521700578b6cd56ae7e0e15f87a986f421f6cfeaa6ad1cb6f39686cbb705f59db5e220d6ab8912;29210;cb7d142c494ac4dd73468f15d752e727;11;16;19;16
9fb3424537f6f4a8b2d9e36e3db36c0f;6786e65950ca30bec430f5ed954d8c28;male;20;92ac648502f05cdeb0f39e1c2bf1e46e2bc1451750fcb31c6b81cad44f92a76b;013e28d6c82d3f4de0a4efcaa418f3457ebd6a6629c428db75fa99aa597d789272c484560cb9b4d1b4892ef6aa719308;46862;5d33b59247220eb31c689ae85237412b;18;8;10;14
3248ae8c46fc8df47a695fdfdd2948cf;00e2d33891de78ae76315929be8dbd7a;female;19;348a9fcb6ce859b0f87e95182833d2d2cdaf3d282043d3ecbb703d32ddfe54b2;cb02890cf863c5e038300bf5f415d176746b28199241a4a9dcdbe7271358048d57af1683c338658f5b43fd98d678c021e2aa139aa459966345306c1705e541ef;25318;20ec0db25fa19854541b313dd290e08e;20;11;16;15
1660944476e18e7ced41e2ca8b5b3a6b;cfffd9a44e407d4fa73d7388223dfdf6;male;22;2b06de5489a05b0e10f883bac2abfde803f333e5ed34a20b82dd62b75b035e42;fc84d6f040419009a9b57863ef7e30489ee0a02c5edf1dce618005530e1a5e945ec9f83f2bc76c3659eb8f81ab0b9926;81277;53013fe88cac5e48d699c59545e9c2c1;10;13;20;14
8cf73bfb87dc9bc6d03b2c34bd42f331;745e09655cdc2aa0bde920bf0ace38c9;male;25;2474c872fc5d518c561298b8f83f3e8d37d86788e3d0111f20e4b23565a79f09;f7db6f842c38c030fbfb205681cb635ed62c5f48ad5ff94360525208d31e0bc7559105a1958a8ca277e38c2a44caacc85428c6c8be2d6e6f21054244904acd7c;30185;ab0a8402720b7861fff8782a60ef2a6f;13;19;7;7
46cd4a25c34fc8ecebfa6d9341580061;b80088dfd5233475260a004b34594b33;female;19;c60fa702eccc4259dfe89084da345297bb3037902b607e56bfceca54a3b1a495;8e595ac6d6b931a7abbf3ca17f81904dfaec204208efa422d2f911759362babe5afbd461ae239507a7235f370819530f;44453;340f3000b8c3067881dd173ff51bf226;13;16;12;14
f6b348836dd8412c43ee9bc88ae6dab7;7606ffd025963e46774cd0f1140cb71d551026f4737a1eaaaad6adbabcc2c926;female;23;0f5102d70639fc4207a7a36bb74e3c09210dd02399dd1d3ce46a8593739bff56;ab5a384ea3ed4b574ba36d3da18a44cb61b99a7eb5ca57971be7cfb3a188cb88a27a907b721145a35787ab2f72a24c2be25740410bfa289f33d4c9cebdc813af;3283;7188f699df34f9ba0159e7d4d657c36b;19;18;11;14
1381bafb6a605780d7a84c021c300cab;ace5b9e61988a33a1b7b7b8134c9e263;male;21;7a3d897a134755e48d914d6a936c2178a95df4a9581613b6d3c98eb7fe405627;56bc15e08fc01f3a1bfc3424134b0b90002bb9b9812c2ca26a85b267ce29f2688321f900060da3270238e57f9411a3bc;50541;4405e44353ee589659a259f8f6e62e6d;16;12;11;14
